INFO:aero_eyes.models.trackers:LiteTrack loaded (z=/workspace/litetrack_B4_cae_center_all_ep300_z.onnx, x=/workspace/litetrack_B4_cae_center_all_ep300_x.onnx)
INFO:aero_eyes.models.trackers:LiteTrack loaded (z=/workspace/litetrack_B4_cae_center_all_ep300_z.onnx, x=/workspace/litetrack_B4_cae_center_all_ep300_x.onnx)
Using cache found in /root/.cache/torch/hub/facebookresearch_dinov2_main
/root/.cache/torch/hub/facebookresearch_dinov2_main/dinov2/layers/swiglu_ffn.py:51: UserWarning: xFormers is not available (SwiGLU)
  warnings.warn("xFormers is not available (SwiGLU)")
/root/.cache/torch/hub/facebookresearch_dinov2_main/dinov2/layers/attention.py:33: UserWarning: xFormers is not available (Attention)
  warnings.warn("xFormers is not available (Attention)")
/root/.cache/torch/hub/facebookresearch_dinov2_main/dinov2/layers/block.py:40: UserWarning: xFormers is not available (Block)
  warnings.warn("xFormers is not available (Block)")
INFO:dinov2:using MLP layer as FFN
INFO:aero_eyes.models.features:DINOv2 vitb14 on cuda  (dim=768)
DEBUG:__main__:[Stage4] frame 0: none box=None
DEBUG:__main__:[Stage4] frame 1: none box=None
DEBUG:__main__:[Stage4] frame 2: none box=None
DEBUG:__main__:[Stage4] frame 3: none box=None
DEBUG:__main__:[Stage4] frame 4: none box=None
DEBUG:__main__:[Stage4] frame 5: none box=None
DEBUG:__main__:[Stage4] frame 6: none box=None
DEBUG:__main__:[Stage4] frame 7: none box=None
DEBUG:__main__:[Stage4] frame 8: none box=None
DEBUG:__main__:[Stage4] frame 9: none box=None
DEBUG:__main__:[Stage4] frame 10: none box=None
DEBUG:__main__:[Stage4] frame 11: none box=None
DEBUG:__main__:[Stage4] frame 12: none box=None
DEBUG:__main__:[Stage4] frame 13: none box=None
DEBUG:__main__:[Stage4] frame 14: none box=None
DEBUG:__main__:[Stage4] frame 15: none box=None
DEBUG:__main__:[Stage4] frame 16: none box=None
DEBUG:__main__:[Stage4] frame 17: none box=None
DEBUG:__main__:[Stage4] frame 18: none box=None
DEBUG:__main__:[Stage4] frame 19: none box=None
DEBUG:__main__:[Stage4] frame 20: none box=None
DEBUG:__main__:[Stage4] frame 21: none box=None
DEBUG:__main__:[Stage4] frame 22: none box=None
DEBUG:__main__:[Stage4] frame 23: none box=None
DEBUG:__main__:[Stage4] frame 24: none box=None
DEBUG:__main__:[Stage4] frame 25: none box=None
DEBUG:__main__:[Stage4] frame 26: none box=None
DEBUG:__main__:[Stage4] frame 27: none box=None
DEBUG:__main__:[Stage4] frame 28: none box=None
DEBUG:__main__:[Stage4] frame 29: none box=None
DEBUG:__main__:[Stage4] frame 30: none box=None
DEBUG:__main__:[Stage4] frame 31: none box=None
DEBUG:__main__:[Stage4] frame 32: none box=None
DEBUG:__main__:[Stage4] frame 33: none box=None
DEBUG:__main__:[Stage4] frame 34: none box=None
DEBUG:__main__:[Stage4] frame 35: none box=None
DEBUG:__main__:[Stage4] frame 36: none box=None
DEBUG:__main__:[Stage4] frame 37: none box=None
DEBUG:__main__:[Stage4] frame 38: none box=None
DEBUG:__main__:[Stage4] frame 39: none box=None
DEBUG:__main__:[Stage4] frame 40: none box=None
DEBUG:__main__:[Stage4] frame 41: none box=None
DEBUG:__main__:[Stage4] frame 42: none box=None
DEBUG:__main__:[Stage4] frame 43: none box=None
DEBUG:__main__:[Stage4] frame 44: none box=None
DEBUG:__main__:[Stage4] frame 45: none box=None
DEBUG:__main__:[Stage4] frame 46: none box=None
DEBUG:__main__:[Stage4] frame 47: none box=None
DEBUG:__main__:[Stage4] frame 48: none box=None
DEBUG:__main__:[Stage4] frame 49: none box=None
DEBUG:__main__:[Stage4] frame 50: none box=None
DEBUG:__main__:[Stage4] frame 51: none box=None
DEBUG:__main__:[Stage4] frame 52: none box=None
DEBUG:__main__:[Stage4] frame 53: none box=None
DEBUG:__main__:[Stage4] frame 54: none box=None
DEBUG:__main__:[Stage4] frame 55: none box=None
DEBUG:__main__:[Stage4] frame 56: none box=None
DEBUG:__main__:[Stage4] frame 57: none box=None
DEBUG:__main__:[Stage4] frame 58: none box=None
DEBUG:__main__:[Stage4] frame 59: none box=None
DEBUG:__main__:[Stage4] frame 60: none box=None
DEBUG:__main__:[Stage4] frame 61: none box=None
DEBUG:__main__:[Stage4] frame 62: none box=None
DEBUG:__main__:[Stage4] frame 63: none box=None
DEBUG:__main__:[Stage4] frame 64: none box=None
DEBUG:__main__:[Stage4] frame 65: none box=None
DEBUG:__main__:[Stage4] frame 66: none box=None
DEBUG:__main__:[Stage4] frame 67: none box=None
DEBUG:__main__:[Stage4] frame 68: none box=None
DEBUG:__main__:[Stage4] frame 69: none box=None
DEBUG:__main__:[Stage4] frame 70: none box=None
DEBUG:__main__:[Stage4] frame 71: none box=None
DEBUG:__main__:[Stage4] frame 72: none box=None
DEBUG:__main__:[Stage4] frame 73: none box=None
DEBUG:__main__:[Stage4] frame 74: none box=None
DEBUG:__main__:[Stage4] frame 75: none box=None
DEBUG:__main__:[Stage4] frame 76: none box=None
DEBUG:__main__:[Stage4] frame 77: none box=None
DEBUG:__main__:[Stage4] frame 78: none box=None
DEBUG:__main__:[Stage4] frame 79: none box=None
DEBUG:__main__:[Stage4] frame 80: none box=None
DEBUG:__main__:[Stage4] frame 81: none box=None
DEBUG:__main__:[Stage4] frame 82: none box=None
DEBUG:__main__:[Stage4] frame 83: none box=None
DEBUG:__main__:[Stage4] frame 84: none box=None
DEBUG:__main__:[Stage4] frame 85: none box=None
DEBUG:__main__:[Stage4] frame 86: none box=None
DEBUG:__main__:[Stage4] frame 87: none box=None
DEBUG:__main__:[Stage4] frame 88: none box=None
DEBUG:__main__:[Stage4] frame 89: none box=None
DEBUG:__main__:[Stage4] frame 90: none box=None
DEBUG:__main__:[Stage4] frame 91: none box=None
DEBUG:__main__:[Stage4] frame 92: none box=None
DEBUG:__main__:[Stage4] frame 93: none box=None
DEBUG:__main__:[Stage4] frame 94: none box=None
DEBUG:__main__:[Stage4] frame 95: none box=None
DEBUG:__main__:[Stage4] frame 96: none box=None
DEBUG:__main__:[Stage4] frame 97: none box=None
DEBUG:__main__:[Stage4] frame 98: none box=None
DEBUG:__main__:[Stage4] frame 99: none box=None
DEBUG:__main__:[Stage4] frame 100: none box=None
DEBUG:__main__:[Stage4] frame 101: none box=None
DEBUG:__main__:[Stage4] frame 102: none box=None
DEBUG:__main__:[Stage4] frame 103: none box=None
DEBUG:__main__:[Stage4] frame 104: none box=None
DEBUG:__main__:[Stage4] frame 105: none box=None
DEBUG:__main__:[Stage4] frame 106: none box=None
DEBUG:__main__:[Stage4] frame 107: none box=None
DEBUG:__main__:[Stage4] frame 108: none box=None
DEBUG:__main__:[Stage4] frame 109: none box=None
DEBUG:__main__:[Stage4] frame 110: none box=None
DEBUG:__main__:[Stage4] frame 111: none box=None
DEBUG:__main__:[Stage4] frame 112: none box=None
DEBUG:__main__:[Stage4] frame 113: none box=None
DEBUG:__main__:[Stage4] frame 114: none box=None
DEBUG:__main__:[Stage4] frame 115: none box=None
DEBUG:__main__:[Stage4] frame 116: none box=None
DEBUG:__main__:[Stage4] frame 117: none box=None
DEBUG:__main__:[Stage4] frame 118: none box=None
DEBUG:__main__:[Stage4] frame 119: none box=None
INFO:__main__:[Stage4] Helmet_0: backward_tracking recovered 17 frame(s) [103, 120) before the lock at frame 120
DEBUG:__main__:[Stage4] frame 120: detect box=Box(x1=895.0, y1=41.0, x2=914.0, y2=57.0, score=0.7946115136146545)
DEBUG:__main__:[Stage4] frame 121: track box=Box(x1=897.1522613689303, y1=44.08952014148235, x2=916.292439930141, y2=60.03972248733044, score=1.0)
DEBUG:__main__:[Stage4] frame 122: track box=Box(x1=902.9081128425896, y1=47.78434509038925, x2=922.3513732738793, y2=63.67376917600632, score=1.0)
DEBUG:__main__:[Stage4] frame 123: track box=Box(x1=911.9714203588665, y1=52.61696818098426, x2=931.0494253151119, y2=68.64641788229346, score=1.0)
DEBUG:__main__:[Stage4] frame 124: track box=Box(x1=915.0307432301342, y1=54.36736994236708, x2=934.6586457379162, y2=70.37820034474134, score=1.0)
DEBUG:__main__:[Stage4] frame 125: track box=Box(x1=920.8205726910383, y1=58.1748999170959, x2=940.5284707713872, y2=74.1344085149467, score=1.0)
DEBUG:__main__:[Stage4] frame 126: track box=Box(x1=923.1980496812612, y1=61.249436840415, x2=942.5413797069341, y2=77.3021198362112, score=1.0)
DEBUG:__main__:[Stage4] frame 127: track box=Box(x1=929.4635952282697, y1=65.42928531765938, x2=948.9629141855985, y2=81.49900183081627, score=1.0)
DEBUG:__main__:[Stage4] frame 128: detect box=Box(x1=938.0, y1=71.0, x2=957.0, y2=87.0, score=0.7174044251441956)
DEBUG:__main__:[Stage4] frame 129: track box=Box(x1=941.3480500131845, y1=74.05502179265022, x2=960.786549821496, y2=90.0499681532383, score=1.0)
DEBUG:__main__:[Stage4] frame 130: track box=Box(x1=945.6711067445576, y1=76.97050354257226, x2=965.1609377153218, y2=92.98366454616189, score=1.0)
DEBUG:__main__:[Stage4] frame 131: track box=Box(x1=948.4103409945965, y1=82.02824469283223, x2=967.6502849757671, y2=97.60001542046666, score=1.0)
DEBUG:__main__:[Stage4] frame 132: track box=Box(x1=954.6219005547464, y1=85.33322705700994, x2=973.8327207528055, y2=100.97370936349034, score=1.0)
DEBUG:__main__:[Stage4] frame 133: track box=Box(x1=962.8216269351542, y1=90.6947849392891, x2=982.13628378883, y2=106.84719067811966, score=1.0)
DEBUG:__main__:[Stage4] frame 134: track box=Box(x1=966.4703585729003, y1=94.14493735134602, x2=986.3234626278281, y2=110.41815043985844, score=1.0)
DEBUG:__main__:[Stage4] frame 135: track box=Box(x1=970.875797919929, y1=97.73940773308277, x2=991.0465933606029, y2=113.98461218178272, score=1.0)
DEBUG:__main__:[Stage4] frame 136: detect box=Box(x1=974.0, y1=101.0, x2=994.0, y2=116.0, score=0.7815226316452026)
DEBUG:__main__:[Stage4] frame 137: track box=Box(x1=978.4506636587903, y1=104.0301059409976, x2=999.1073780981824, y2=119.35075866430998, score=1.0)
DEBUG:__main__:[Stage4] frame 138: track box=Box(x1=987.6486677257344, y1=109.1900000795722, x2=1007.5550316898152, y2=124.62032368034124, score=1.0)
DEBUG:__main__:[Stage4] frame 139: track box=Box(x1=991.4301474681124, y1=112.39648267254233, x2=1012.0034371009097, y2=128.2155081294477, score=1.0)
DEBUG:__main__:[Stage4] frame 140: track box=Box(x1=996.2167724734172, y1=115.76796593517065, x2=1016.6445741420612, y2=130.98176719993353, score=1.0)
DEBUG:__main__:[Stage4] frame 141: track box=Box(x1=998.5044399602339, y1=118.60576445236802, x2=1018.8766833050177, y2=133.9068694151938, score=1.0)
DEBUG:__main__:[Stage4] frame 142: track box=Box(x1=1004.4821943128482, y1=122.07953687012196, x2=1024.0, y2=137.46834011375904, score=1.0)
DEBUG:__main__:[Stage4] frame 143: track box=Box(x1=1012.6730223712511, y1=126.31236837385222, x2=1024.0, y2=142.2755466508679, score=1.0)
DEBUG:__main__:[Stage4] frame 144: tracker.update rejected (conf=0.373 threshold=0.400, track_age=8 max=30, box_is_none=False) -- try re-detect
DEBUG:hydra.core.utils:Setting JobRuntime:name=UNKNOWN_NAME
DEBUG:hydra.core.utils:Setting JobRuntime:name=app
/workspace/Test/GECO2/sam2/sam2/modeling/sam/transformer.py:23: UserWarning: Flash Attention is disabled as it requires a GPU with Ampere (8.0) CUDA capability.
  OLD_GPU, USE_FLASH_ATTN, MATH_KERNEL_ON = get_sdpa_settings()
WARNING:aero_eyes.models.geco2_detector:GeCo2 checkpoint missing 149 params (random init for those), grouped by submodule: ['sam_mask']
WARNING:aero_eyes.models.geco2_detector:GeCo2 checkpoint has 8 unused params not in the model (ignored): ['bbox_embed_aux', 'class_embed_aux']
INFO:aero_eyes.models.geco2_detector:GeCo2 loaded from /workspace/Test/GECO2/CNTQG_aeroeyes_finetuned.pth on cuda
/venv/main/lib/python3.12/site-packages/torch/functional.py:554: UserWarning: torch.meshgrid: in an upcoming release, it will be required to pass the indexing argument. (Triggered internally at /pytorch/aten/src/ATen/native/TensorShape.cpp:4314.)
  return _VF.meshgrid(tensors, **kwargs)  # type: ignore[attr-defined]
DEBUG:__main__:[Stage4] frame 144: none box=None
DEBUG:__main__:[Stage4] frame 145: none box=None
DEBUG:__main__:[Stage4] frame 146: none box=None
DEBUG:__main__:[Stage4] frame 147: none box=None
DEBUG:__main__:[Stage4] frame 148: none box=None
DEBUG:__main__:[Stage4] frame 149: none box=None
DEBUG:__main__:[Stage4] frame 150: none box=None
DEBUG:__main__:[Stage4] frame 151: none box=None
DEBUG:__main__:[Stage4] frame 152: none box=None
DEBUG:__main__:[Stage4] frame 153: none box=None
DEBUG:__main__:[Stage4] frame 154: none box=None
DEBUG:__main__:[Stage4] frame 155: none box=None
DEBUG:__main__:[Stage4] frame 156: none box=None
DEBUG:__main__:[Stage4] frame 157: none box=None
DEBUG:__main__:[Stage4] frame 158: none box=None
DEBUG:__main__:[Stage4] frame 159: none box=None
DEBUG:__main__:[Stage4] frame 160: none box=None
DEBUG:__main__:[Stage4] frame 161: none box=None
DEBUG:__main__:[Stage4] frame 162: none box=None
DEBUG:__main__:[Stage4] frame 163: none box=None
DEBUG:__main__:[Stage4] frame 164: none box=None
DEBUG:__main__:[Stage4] frame 165: none box=None
DEBUG:__main__:[Stage4] frame 166: none box=None
DEBUG:__main__:[Stage4] frame 167: none box=None
DEBUG:__main__:[Stage4] frame 168: none box=None
DEBUG:__main__:[Stage4] frame 169: none box=None
DEBUG:__main__:[Stage4] frame 170: none box=None
DEBUG:__main__:[Stage4] frame 171: none box=None
DEBUG:__main__:[Stage4] frame 172: none box=None
DEBUG:__main__:[Stage4] frame 173: none box=None
DEBUG:__main__:[Stage4] frame 174: none box=None
DEBUG:__main__:[Stage4] frame 175: none box=None
DEBUG:__main__:[Stage4] frame 176: none box=None
DEBUG:__main__:[Stage4] frame 177: none box=None
DEBUG:__main__:[Stage4] frame 178: none box=None
DEBUG:__main__:[Stage4] frame 179: none box=None
DEBUG:__main__:[Stage4] frame 180: none box=None
DEBUG:__main__:[Stage4] frame 181: none box=None
DEBUG:__main__:[Stage4] frame 182: none box=None
DEBUG:__main__:[Stage4] frame 183: none box=None
DEBUG:__main__:[Stage4] frame 184: none box=None
DEBUG:__main__:[Stage4] frame 185: none box=None
DEBUG:__main__:[Stage4] frame 186: none box=None
DEBUG:__main__:[Stage4] frame 187: none box=None
DEBUG:__main__:[Stage4] frame 188: none box=None
DEBUG:__main__:[Stage4] frame 189: none box=None
DEBUG:__main__:[Stage4] frame 190: none box=None
DEBUG:__main__:[Stage4] frame 191: none box=None
DEBUG:__main__:[Stage4] frame 192: none box=None
DEBUG:__main__:[Stage4] frame 193: none box=None
DEBUG:__main__:[Stage4] frame 194: none box=None
DEBUG:__main__:[Stage4] frame 195: none box=None
DEBUG:__main__:[Stage4] frame 196: none box=None
DEBUG:__main__:[Stage4] frame 197: none box=None
DEBUG:__main__:[Stage4] frame 198: none box=None
DEBUG:__main__:[Stage4] frame 199: none box=None
DEBUG:__main__:[Stage4] frame 200: none box=None
DEBUG:__main__:[Stage4] frame 201: none box=None
DEBUG:__main__:[Stage4] frame 202: none box=None
DEBUG:__main__:[Stage4] frame 203: none box=None
DEBUG:__main__:[Stage4] frame 204: none box=None
DEBUG:__main__:[Stage4] frame 205: none box=None
DEBUG:__main__:[Stage4] frame 206: none box=None
DEBUG:__main__:[Stage4] frame 207: none box=None
DEBUG:__main__:[Stage4] frame 208: none box=None
DEBUG:__main__:[Stage4] frame 209: none box=None
DEBUG:__main__:[Stage4] frame 210: none box=None
DEBUG:__main__:[Stage4] frame 211: none box=None
DEBUG:__main__:[Stage4] frame 212: none box=None
DEBUG:__main__:[Stage4] frame 213: none box=None
DEBUG:__main__:[Stage4] frame 214: none box=None
DEBUG:__main__:[Stage4] frame 215: none box=None
DEBUG:__main__:[Stage4] frame 216: none box=None
DEBUG:__main__:[Stage4] frame 217: none box=None
DEBUG:__main__:[Stage4] frame 218: none box=None
DEBUG:__main__:[Stage4] frame 219: none box=None
DEBUG:__main__:[Stage4] frame 220: none box=None
DEBUG:__main__:[Stage4] frame 221: none box=None
DEBUG:__main__:[Stage4] frame 222: none box=None
DEBUG:__main__:[Stage4] frame 223: none box=None
DEBUG:__main__:[Stage4] frame 224: none box=None
DEBUG:__main__:[Stage4] frame 225: none box=None
DEBUG:__main__:[Stage4] frame 226: none box=None
DEBUG:__main__:[Stage4] frame 227: none box=None
DEBUG:__main__:[Stage4] frame 228: none box=None
DEBUG:__main__:[Stage4] frame 229: none box=None
DEBUG:__main__:[Stage4] frame 230: none box=None
DEBUG:__main__:[Stage4] frame 231: none box=None
DEBUG:__main__:[Stage4] frame 232: none box=None
DEBUG:__main__:[Stage4] frame 233: none box=None
DEBUG:__main__:[Stage4] frame 234: none box=None
DEBUG:__main__:[Stage4] frame 235: none box=None
DEBUG:__main__:[Stage4] frame 236: none box=None
DEBUG:__main__:[Stage4] frame 237: none box=None
DEBUG:__main__:[Stage4] frame 238: none box=None
DEBUG:__main__:[Stage4] frame 239: none box=None
DEBUG:__main__:[Stage4] frame 240: none box=None
DEBUG:__main__:[Stage4] frame 241: none box=None
DEBUG:__main__:[Stage4] frame 242: none box=None
DEBUG:__main__:[Stage4] frame 243: none box=None
DEBUG:__main__:[Stage4] frame 244: none box=None
DEBUG:__main__:[Stage4] frame 245: none box=None
DEBUG:__main__:[Stage4] frame 246: none box=None
DEBUG:__main__:[Stage4] frame 247: none box=None
DEBUG:__main__:[Stage4] frame 248: none box=None
DEBUG:__main__:[Stage4] frame 249: none box=None
DEBUG:__main__:[Stage4] frame 250: none box=None
DEBUG:__main__:[Stage4] frame 251: none box=None
DEBUG:__main__:[Stage4] frame 252: none box=None
DEBUG:__main__:[Stage4] frame 253: none box=None
DEBUG:__main__:[Stage4] frame 254: none box=None
DEBUG:__main__:[Stage4] frame 255: none box=None
DEBUG:__main__:[Stage4] frame 256: none box=None
DEBUG:__main__:[Stage4] frame 257: none box=None
DEBUG:__main__:[Stage4] frame 258: none box=None
DEBUG:__main__:[Stage4] frame 259: none box=None
DEBUG:__main__:[Stage4] frame 260: none box=None
DEBUG:__main__:[Stage4] frame 261: none box=None
DEBUG:__main__:[Stage4] frame 262: none box=None
DEBUG:__main__:[Stage4] frame 263: none box=None
DEBUG:__main__:[Stage4] frame 264: none box=None
DEBUG:__main__:[Stage4] frame 265: none box=None
DEBUG:__main__:[Stage4] frame 266: none box=None
DEBUG:__main__:[Stage4] frame 267: none box=None
DEBUG:__main__:[Stage4] frame 268: none box=None
DEBUG:__main__:[Stage4] frame 269: none box=None
DEBUG:__main__:[Stage4] frame 270: none box=None
DEBUG:__main__:[Stage4] frame 271: none box=None
DEBUG:__main__:[Stage4] frame 272: none box=None
DEBUG:__main__:[Stage4] frame 273: none box=None
DEBUG:__main__:[Stage4] frame 274: none box=None
DEBUG:__main__:[Stage4] frame 275: none box=None
DEBUG:__main__:[Stage4] frame 276: none box=None
DEBUG:__main__:[Stage4] frame 277: none box=None
DEBUG:__main__:[Stage4] frame 278: none box=None
DEBUG:__main__:[Stage4] frame 279: none box=None
DEBUG:__main__:[Stage4] frame 280: none box=None
DEBUG:__main__:[Stage4] frame 281: none box=None
DEBUG:__main__:[Stage4] frame 282: none box=None
DEBUG:__main__:[Stage4] frame 283: none box=None
DEBUG:__main__:[Stage4] frame 284: none box=None
DEBUG:__main__:[Stage4] frame 285: none box=None
DEBUG:__main__:[Stage4] frame 286: none box=None
DEBUG:__main__:[Stage4] frame 287: none box=None
DEBUG:__main__:[Stage4] frame 288: none box=None
DEBUG:__main__:[Stage4] frame 289: none box=None
DEBUG:__main__:[Stage4] frame 290: none box=None
DEBUG:__main__:[Stage4] frame 291: none box=None
DEBUG:__main__:[Stage4] frame 292: none box=None
DEBUG:__main__:[Stage4] frame 293: none box=None
DEBUG:__main__:[Stage4] frame 294: none box=None
DEBUG:__main__:[Stage4] frame 295: none box=None
DEBUG:__main__:[Stage4] frame 296: none box=None
DEBUG:__main__:[Stage4] frame 297: none box=None
DEBUG:__main__:[Stage4] frame 298: none box=None
DEBUG:__main__:[Stage4] frame 299: none box=None
DEBUG:__main__:[Stage4] frame 300: none box=None
DEBUG:__main__:[Stage4] frame 301: none box=None
DEBUG:__main__:[Stage4] frame 302: none box=None
DEBUG:__main__:[Stage4] frame 303: none box=None
DEBUG:__main__:[Stage4] frame 304: none box=None
DEBUG:__main__:[Stage4] frame 305: none box=None
DEBUG:__main__:[Stage4] frame 306: none box=None
DEBUG:__main__:[Stage4] frame 307: none box=None
DEBUG:__main__:[Stage4] frame 308: none box=None
DEBUG:__main__:[Stage4] frame 309: none box=None
DEBUG:__main__:[Stage4] frame 310: none box=None
DEBUG:__main__:[Stage4] frame 311: none box=None
DEBUG:__main__:[Stage4] frame 312: none box=None
DEBUG:__main__:[Stage4] frame 313: none box=None
DEBUG:__main__:[Stage4] frame 314: none box=None
DEBUG:__main__:[Stage4] frame 315: none box=None
DEBUG:__main__:[Stage4] frame 316: none box=None
DEBUG:__main__:[Stage4] frame 317: none box=None
DEBUG:__main__:[Stage4] frame 318: none box=None
DEBUG:__main__:[Stage4] frame 319: none box=None
DEBUG:__main__:[Stage4] frame 320: none box=None
DEBUG:__main__:[Stage4] frame 321: none box=None
DEBUG:__main__:[Stage4] frame 322: none box=None
DEBUG:__main__:[Stage4] frame 323: none box=None
DEBUG:__main__:[Stage4] frame 324: none box=None
DEBUG:__main__:[Stage4] frame 325: none box=None
DEBUG:__main__:[Stage4] frame 326: none box=None
DEBUG:__main__:[Stage4] frame 327: none box=None
DEBUG:__main__:[Stage4] frame 328: none box=None
DEBUG:__main__:[Stage4] frame 329: none box=None
DEBUG:__main__:[Stage4] frame 330: none box=None
DEBUG:__main__:[Stage4] frame 331: none box=None
DEBUG:__main__:[Stage4] frame 332: none box=None
DEBUG:__main__:[Stage4] frame 333: none box=None
DEBUG:__main__:[Stage4] frame 334: none box=None
DEBUG:__main__:[Stage4] frame 335: none box=None
DEBUG:__main__:[Stage4] frame 336: none box=None
DEBUG:__main__:[Stage4] frame 337: none box=None
DEBUG:__main__:[Stage4] frame 338: none box=None
DEBUG:__main__:[Stage4] frame 339: none box=None
DEBUG:__main__:[Stage4] frame 340: none box=None
DEBUG:__main__:[Stage4] frame 341: none box=None
DEBUG:__main__:[Stage4] frame 342: none box=None
DEBUG:__main__:[Stage4] frame 343: none box=None
DEBUG:__main__:[Stage4] frame 344: none box=None
DEBUG:__main__:[Stage4] frame 345: none box=None
DEBUG:__main__:[Stage4] frame 346: none box=None
DEBUG:__main__:[Stage4] frame 347: none box=None
DEBUG:__main__:[Stage4] frame 348: none box=None
DEBUG:__main__:[Stage4] frame 349: none box=None
DEBUG:__main__:[Stage4] frame 350: none box=None
DEBUG:__main__:[Stage4] frame 351: none box=None
DEBUG:__main__:[Stage4] frame 352: none box=None
DEBUG:__main__:[Stage4] frame 353: none box=None
DEBUG:__main__:[Stage4] frame 354: none box=None
DEBUG:__main__:[Stage4] frame 355: none box=None
DEBUG:__main__:[Stage4] frame 356: none box=None
DEBUG:__main__:[Stage4] frame 357: none box=None
DEBUG:__main__:[Stage4] frame 358: none box=None
DEBUG:__main__:[Stage4] frame 359: none box=None
DEBUG:__main__:[Stage4] frame 360: none box=None
DEBUG:__main__:[Stage4] frame 361: none box=None
DEBUG:__main__:[Stage4] frame 362: none box=None
DEBUG:__main__:[Stage4] frame 363: none box=None
DEBUG:__main__:[Stage4] frame 364: none box=None
DEBUG:__main__:[Stage4] frame 365: none box=None
DEBUG:__main__:[Stage4] frame 366: none box=None
DEBUG:__main__:[Stage4] frame 367: none box=None
DEBUG:__main__:[Stage4] frame 368: none box=None
DEBUG:__main__:[Stage4] frame 369: none box=None
DEBUG:__main__:[Stage4] frame 370: none box=None
DEBUG:__main__:[Stage4] frame 371: none box=None
DEBUG:__main__:[Stage4] frame 372: none box=None
DEBUG:__main__:[Stage4] frame 373: none box=None
DEBUG:__main__:[Stage4] frame 374: none box=None
DEBUG:__main__:[Stage4] frame 375: none box=None
DEBUG:__main__:[Stage4] frame 376: none box=None
DEBUG:__main__:[Stage4] frame 377: none box=None
DEBUG:__main__:[Stage4] frame 378: none box=None
DEBUG:__main__:[Stage4] frame 379: none box=None
DEBUG:__main__:[Stage4] frame 380: none box=None
DEBUG:__main__:[Stage4] frame 381: none box=None
DEBUG:__main__:[Stage4] frame 382: none box=None
DEBUG:__main__:[Stage4] frame 383: none box=None
DEBUG:__main__:[Stage4] frame 384: none box=None
DEBUG:__main__:[Stage4] frame 385: none box=None
DEBUG:__main__:[Stage4] frame 386: none box=None
DEBUG:__main__:[Stage4] frame 387: none box=None
DEBUG:__main__:[Stage4] frame 388: none box=None
DEBUG:__main__:[Stage4] frame 389: none box=None
DEBUG:__main__:[Stage4] frame 390: none box=None
DEBUG:__main__:[Stage4] frame 391: none box=None
DEBUG:__main__:[Stage4] frame 392: none box=None
DEBUG:__main__:[Stage4] frame 393: none box=None
DEBUG:__main__:[Stage4] frame 394: none box=None
DEBUG:__main__:[Stage4] frame 395: none box=None
DEBUG:__main__:[Stage4] frame 396: none box=None
DEBUG:__main__:[Stage4] frame 397: none box=None
DEBUG:__main__:[Stage4] frame 398: none box=None
DEBUG:__main__:[Stage4] frame 399: none box=None
DEBUG:__main__:[Stage4] frame 400: none box=None
DEBUG:__main__:[Stage4] frame 401: none box=None
DEBUG:__main__:[Stage4] frame 402: none box=None
DEBUG:__main__:[Stage4] frame 403: none box=None
DEBUG:__main__:[Stage4] frame 404: none box=None
DEBUG:__main__:[Stage4] frame 405: none box=None
DEBUG:__main__:[Stage4] frame 406: none box=None
DEBUG:__main__:[Stage4] frame 407: none box=None
DEBUG:__main__:[Stage4] frame 408: none box=None
DEBUG:__main__:[Stage4] frame 409: none box=None
DEBUG:__main__:[Stage4] frame 410: none box=None
DEBUG:__main__:[Stage4] frame 411: none box=None
DEBUG:__main__:[Stage4] frame 412: none box=None
DEBUG:__main__:[Stage4] frame 413: none box=None
DEBUG:__main__:[Stage4] frame 414: none box=None
DEBUG:__main__:[Stage4] frame 415: none box=None
DEBUG:__main__:[Stage4] frame 416: none box=None
DEBUG:__main__:[Stage4] frame 417: none box=None
DEBUG:__main__:[Stage4] frame 418: none box=None
DEBUG:__main__:[Stage4] frame 419: none box=None
DEBUG:__main__:[Stage4] frame 420: none box=None
DEBUG:__main__:[Stage4] frame 421: none box=None
DEBUG:__main__:[Stage4] frame 422: none box=None
DEBUG:__main__:[Stage4] frame 423: none box=None
DEBUG:__main__:[Stage4] frame 424: none box=None
DEBUG:__main__:[Stage4] frame 425: none box=None
DEBUG:__main__:[Stage4] frame 426: none box=None
DEBUG:__main__:[Stage4] frame 427: none box=None
DEBUG:__main__:[Stage4] frame 428: none box=None
DEBUG:__main__:[Stage4] frame 429: none box=None
DEBUG:__main__:[Stage4] frame 430: none box=None
DEBUG:__main__:[Stage4] frame 431: none box=None
DEBUG:__main__:[Stage4] frame 432: none box=None
DEBUG:__main__:[Stage4] frame 433: none box=None
DEBUG:__main__:[Stage4] frame 434: none box=None
DEBUG:__main__:[Stage4] frame 435: none box=None
DEBUG:__main__:[Stage4] frame 436: none box=None
DEBUG:__main__:[Stage4] frame 437: none box=None
DEBUG:__main__:[Stage4] frame 438: none box=None
DEBUG:__main__:[Stage4] frame 439: none box=None
DEBUG:__main__:[Stage4] frame 440: none box=None
DEBUG:__main__:[Stage4] frame 441: none box=None
DEBUG:__main__:[Stage4] frame 442: none box=None
DEBUG:__main__:[Stage4] frame 443: none box=None
DEBUG:__main__:[Stage4] frame 444: none box=None
DEBUG:__main__:[Stage4] frame 445: none box=None
DEBUG:__main__:[Stage4] frame 446: none box=None
DEBUG:__main__:[Stage4] frame 447: none box=None
DEBUG:__main__:[Stage4] frame 448: none box=None
DEBUG:__main__:[Stage4] frame 449: none box=None
DEBUG:__main__:[Stage4] frame 450: none box=None
DEBUG:__main__:[Stage4] frame 451: none box=None
DEBUG:__main__:[Stage4] frame 452: none box=None
DEBUG:__main__:[Stage4] frame 453: none box=None
DEBUG:__main__:[Stage4] frame 454: none box=None
DEBUG:__main__:[Stage4] frame 455: none box=None
DEBUG:__main__:[Stage4] frame 456: none box=None
DEBUG:__main__:[Stage4] frame 457: none box=None
DEBUG:__main__:[Stage4] frame 458: none box=None
DEBUG:__main__:[Stage4] frame 459: none box=None
DEBUG:__main__:[Stage4] frame 460: none box=None
DEBUG:__main__:[Stage4] frame 461: none box=None
DEBUG:__main__:[Stage4] frame 462: none box=None
DEBUG:__main__:[Stage4] frame 463: none box=None
DEBUG:__main__:[Stage4] frame 464: none box=None
DEBUG:__main__:[Stage4] frame 465: none box=None
DEBUG:__main__:[Stage4] frame 466: none box=None
DEBUG:__main__:[Stage4] frame 467: none box=None
DEBUG:__main__:[Stage4] frame 468: none box=None
DEBUG:__main__:[Stage4] frame 469: none box=None
DEBUG:__main__:[Stage4] frame 470: none box=None
DEBUG:__main__:[Stage4] frame 471: none box=None
DEBUG:__main__:[Stage4] frame 472: none box=None
DEBUG:__main__:[Stage4] frame 473: none box=None
DEBUG:__main__:[Stage4] frame 474: none box=None
DEBUG:__main__:[Stage4] frame 475: none box=None
DEBUG:__main__:[Stage4] frame 476: none box=None
DEBUG:__main__:[Stage4] frame 477: none box=None
DEBUG:__main__:[Stage4] frame 478: none box=None
DEBUG:__main__:[Stage4] frame 479: none box=None
DEBUG:__main__:[Stage4] frame 480: none box=None
DEBUG:__main__:[Stage4] frame 481: none box=None
DEBUG:__main__:[Stage4] frame 482: none box=None
DEBUG:__main__:[Stage4] frame 483: none box=None
DEBUG:__main__:[Stage4] frame 484: none box=None
DEBUG:__main__:[Stage4] frame 485: none box=None
DEBUG:__main__:[Stage4] frame 486: none box=None
DEBUG:__main__:[Stage4] frame 487: none box=None
DEBUG:__main__:[Stage4] frame 488: none box=None
DEBUG:__main__:[Stage4] frame 489: none box=None
DEBUG:__main__:[Stage4] frame 490: none box=None
DEBUG:__main__:[Stage4] frame 491: none box=None
DEBUG:__main__:[Stage4] frame 492: none box=None
DEBUG:__main__:[Stage4] frame 493: none box=None
DEBUG:__main__:[Stage4] frame 494: none box=None
DEBUG:__main__:[Stage4] frame 495: none box=None
DEBUG:__main__:[Stage4] frame 496: none box=None
DEBUG:__main__:[Stage4] frame 497: none box=None
DEBUG:__main__:[Stage4] frame 498: none box=None
DEBUG:__main__:[Stage4] frame 499: none box=None
DEBUG:__main__:[Stage4] frame 500: none box=None
DEBUG:__main__:[Stage4] frame 501: none box=None
DEBUG:__main__:[Stage4] frame 502: none box=None
DEBUG:__main__:[Stage4] frame 503: none box=None
DEBUG:__main__:[Stage4] frame 504: none box=None
DEBUG:__main__:[Stage4] frame 505: none box=None
DEBUG:__main__:[Stage4] frame 506: none box=None
DEBUG:__main__:[Stage4] frame 507: none box=None
DEBUG:__main__:[Stage4] frame 508: none box=None
DEBUG:__main__:[Stage4] frame 509: none box=None
DEBUG:__main__:[Stage4] frame 510: none box=None
DEBUG:__main__:[Stage4] frame 511: none box=None
DEBUG:__main__:[Stage4] frame 512: none box=None
DEBUG:__main__:[Stage4] frame 513: none box=None
DEBUG:__main__:[Stage4] frame 514: none box=None
DEBUG:__main__:[Stage4] frame 515: none box=None
DEBUG:__main__:[Stage4] frame 516: none box=None
DEBUG:__main__:[Stage4] frame 517: none box=None
DEBUG:__main__:[Stage4] frame 518: none box=None
DEBUG:__main__:[Stage4] frame 519: none box=None
DEBUG:__main__:[Stage4] frame 520: none box=None
DEBUG:__main__:[Stage4] frame 521: none box=None
DEBUG:__main__:[Stage4] frame 522: none box=None
DEBUG:__main__:[Stage4] frame 523: none box=None
DEBUG:__main__:[Stage4] frame 524: none box=None
DEBUG:__main__:[Stage4] frame 525: none box=None
DEBUG:__main__:[Stage4] frame 526: none box=None
DEBUG:__main__:[Stage4] frame 527: none box=None
DEBUG:__main__:[Stage4] frame 528: none box=None
DEBUG:__main__:[Stage4] frame 529: none box=None
DEBUG:__main__:[Stage4] frame 530: none box=None
DEBUG:__main__:[Stage4] frame 531: none box=None
DEBUG:__main__:[Stage4] frame 532: none box=None
DEBUG:__main__:[Stage4] frame 533: none box=None
DEBUG:__main__:[Stage4] frame 534: none box=None
DEBUG:__main__:[Stage4] frame 535: none box=None
DEBUG:__main__:[Stage4] frame 536: none box=None
DEBUG:__main__:[Stage4] frame 537: none box=None
DEBUG:__main__:[Stage4] frame 538: none box=None
DEBUG:__main__:[Stage4] frame 539: none box=None
DEBUG:__main__:[Stage4] frame 540: none box=None
DEBUG:__main__:[Stage4] frame 541: none box=None
DEBUG:__main__:[Stage4] frame 542: none box=None
DEBUG:__main__:[Stage4] frame 543: none box=None
DEBUG:__main__:[Stage4] frame 544: none box=None
DEBUG:__main__:[Stage4] frame 545: none box=None
DEBUG:__main__:[Stage4] frame 546: none box=None
DEBUG:__main__:[Stage4] frame 547: none box=None
DEBUG:__main__:[Stage4] frame 548: none box=None
DEBUG:__main__:[Stage4] frame 549: none box=None
DEBUG:__main__:[Stage4] frame 550: none box=None
DEBUG:__main__:[Stage4] frame 551: none box=None
DEBUG:__main__:[Stage4] frame 552: none box=None
DEBUG:__main__:[Stage4] frame 553: none box=None
DEBUG:__main__:[Stage4] frame 554: none box=None
DEBUG:__main__:[Stage4] frame 555: none box=None
DEBUG:__main__:[Stage4] frame 556: none box=None
DEBUG:__main__:[Stage4] frame 557: none box=None
DEBUG:__main__:[Stage4] frame 558: none box=None
DEBUG:__main__:[Stage4] frame 559: none box=None
DEBUG:__main__:[Stage4] frame 560: none box=None
DEBUG:__main__:[Stage4] frame 561: none box=None
DEBUG:__main__:[Stage4] frame 562: none box=None
DEBUG:__main__:[Stage4] frame 563: none box=None
DEBUG:__main__:[Stage4] frame 564: none box=None
DEBUG:__main__:[Stage4] frame 565: none box=None
DEBUG:__main__:[Stage4] frame 566: none box=None
DEBUG:__main__:[Stage4] frame 567: none box=None
DEBUG:__main__:[Stage4] frame 568: none box=None
DEBUG:__main__:[Stage4] frame 569: none box=None
DEBUG:__main__:[Stage4] frame 570: none box=None
DEBUG:__main__:[Stage4] frame 571: none box=None
DEBUG:__main__:[Stage4] frame 572: none box=None
DEBUG:__main__:[Stage4] frame 573: none box=None
DEBUG:__main__:[Stage4] frame 574: none box=None
DEBUG:__main__:[Stage4] frame 575: none box=None
DEBUG:__main__:[Stage4] frame 576: none box=None
DEBUG:__main__:[Stage4] frame 577: none box=None
DEBUG:__main__:[Stage4] frame 578: none box=None
DEBUG:__main__:[Stage4] frame 579: none box=None
DEBUG:__main__:[Stage4] frame 580: none box=None
DEBUG:__main__:[Stage4] frame 581: none box=None
DEBUG:__main__:[Stage4] frame 582: none box=None
DEBUG:__main__:[Stage4] frame 583: none box=None
DEBUG:__main__:[Stage4] frame 584: none box=None
DEBUG:__main__:[Stage4] frame 585: none box=None
DEBUG:__main__:[Stage4] frame 586: none box=None
DEBUG:__main__:[Stage4] frame 587: none box=None
DEBUG:__main__:[Stage4] frame 588: none box=None
DEBUG:__main__:[Stage4] frame 589: none box=None
DEBUG:__main__:[Stage4] frame 590: none box=None
DEBUG:__main__:[Stage4] frame 591: none box=None
DEBUG:__main__:[Stage4] frame 592: none box=None
DEBUG:__main__:[Stage4] frame 593: none box=None
DEBUG:__main__:[Stage4] frame 594: none box=None
DEBUG:__main__:[Stage4] frame 595: none box=None
DEBUG:__main__:[Stage4] frame 596: none box=None
DEBUG:__main__:[Stage4] frame 597: none box=None
DEBUG:__main__:[Stage4] frame 598: none box=None
DEBUG:__main__:[Stage4] frame 599: none box=None
DEBUG:__main__:[Stage4] frame 600: none box=None
DEBUG:__main__:[Stage4] frame 601: none box=None
DEBUG:__main__:[Stage4] frame 602: none box=None
DEBUG:__main__:[Stage4] frame 603: none box=None
DEBUG:__main__:[Stage4] frame 604: none box=None
DEBUG:__main__:[Stage4] frame 605: none box=None
DEBUG:__main__:[Stage4] frame 606: none box=None
DEBUG:__main__:[Stage4] frame 607: none box=None
DEBUG:__main__:[Stage4] frame 608: none box=None
DEBUG:__main__:[Stage4] frame 609: none box=None
DEBUG:__main__:[Stage4] frame 610: none box=None
DEBUG:__main__:[Stage4] frame 611: none box=None
DEBUG:__main__:[Stage4] frame 612: none box=None
DEBUG:__main__:[Stage4] frame 613: none box=None
DEBUG:__main__:[Stage4] frame 614: none box=None
DEBUG:__main__:[Stage4] frame 615: none box=None
DEBUG:__main__:[Stage4] frame 616: none box=None
DEBUG:__main__:[Stage4] frame 617: none box=None
DEBUG:__main__:[Stage4] frame 618: none box=None
DEBUG:__main__:[Stage4] frame 619: none box=None
DEBUG:__main__:[Stage4] frame 620: none box=None
DEBUG:__main__:[Stage4] frame 621: none box=None
DEBUG:__main__:[Stage4] frame 622: none box=None
DEBUG:__main__:[Stage4] frame 623: none box=None
DEBUG:__main__:[Stage4] frame 624: none box=None
DEBUG:__main__:[Stage4] frame 625: none box=None
DEBUG:__main__:[Stage4] frame 626: none box=None
DEBUG:__main__:[Stage4] frame 627: none box=None
DEBUG:__main__:[Stage4] frame 628: none box=None
DEBUG:__main__:[Stage4] frame 629: none box=None
DEBUG:__main__:[Stage4] frame 630: none box=None
DEBUG:__main__:[Stage4] frame 631: none box=None
DEBUG:__main__:[Stage4] frame 632: none box=None
DEBUG:__main__:[Stage4] frame 633: none box=None
DEBUG:__main__:[Stage4] frame 634: none box=None
DEBUG:__main__:[Stage4] frame 635: none box=None
DEBUG:__main__:[Stage4] frame 636: none box=None
DEBUG:__main__:[Stage4] frame 637: none box=None
DEBUG:__main__:[Stage4] frame 638: none box=None
DEBUG:__main__:[Stage4] frame 639: none box=None
DEBUG:__main__:[Stage4] frame 640: none box=None
DEBUG:__main__:[Stage4] frame 641: none box=None
DEBUG:__main__:[Stage4] frame 642: none box=None
DEBUG:__main__:[Stage4] frame 643: none box=None
DEBUG:__main__:[Stage4] frame 644: none box=None
DEBUG:__main__:[Stage4] frame 645: none box=None
DEBUG:__main__:[Stage4] frame 646: none box=None
DEBUG:__main__:[Stage4] frame 647: none box=None
DEBUG:__main__:[Stage4] frame 648: none box=None
DEBUG:__main__:[Stage4] frame 649: none box=None
DEBUG:__main__:[Stage4] frame 650: none box=None
DEBUG:__main__:[Stage4] frame 651: none box=None
DEBUG:__main__:[Stage4] frame 652: none box=None
DEBUG:__main__:[Stage4] frame 653: none box=None
DEBUG:__main__:[Stage4] frame 654: none box=None
DEBUG:__main__:[Stage4] frame 655: none box=None
DEBUG:__main__:[Stage4] frame 656: none box=None
DEBUG:__main__:[Stage4] frame 657: none box=None
DEBUG:__main__:[Stage4] frame 658: none box=None
DEBUG:__main__:[Stage4] frame 659: none box=None
DEBUG:__main__:[Stage4] frame 660: none box=None
DEBUG:__main__:[Stage4] frame 661: none box=None
DEBUG:__main__:[Stage4] frame 662: none box=None
DEBUG:__main__:[Stage4] frame 663: none box=None
DEBUG:__main__:[Stage4] frame 664: none box=None
DEBUG:__main__:[Stage4] frame 665: none box=None
DEBUG:__main__:[Stage4] frame 666: none box=None
DEBUG:__main__:[Stage4] frame 667: none box=None
DEBUG:__main__:[Stage4] frame 668: none box=None
DEBUG:__main__:[Stage4] frame 669: none box=None
DEBUG:__main__:[Stage4] frame 670: none box=None
DEBUG:__main__:[Stage4] frame 671: none box=None
DEBUG:__main__:[Stage4] frame 672: none box=None
DEBUG:__main__:[Stage4] frame 673: none box=None
DEBUG:__main__:[Stage4] frame 674: none box=None
DEBUG:__main__:[Stage4] frame 675: none box=None
DEBUG:__main__:[Stage4] frame 676: none box=None
DEBUG:__main__:[Stage4] frame 677: none box=None
DEBUG:__main__:[Stage4] frame 678: none box=None
DEBUG:__main__:[Stage4] frame 679: none box=None
DEBUG:__main__:[Stage4] frame 680: none box=None
DEBUG:__main__:[Stage4] frame 681: none box=None
DEBUG:__main__:[Stage4] frame 682: none box=None
DEBUG:__main__:[Stage4] frame 683: none box=None
DEBUG:__main__:[Stage4] frame 684: none box=None
DEBUG:__main__:[Stage4] frame 685: none box=None
DEBUG:__main__:[Stage4] frame 686: none box=None
DEBUG:__main__:[Stage4] frame 687: none box=None
DEBUG:__main__:[Stage4] frame 688: none box=None
DEBUG:__main__:[Stage4] frame 689: none box=None
DEBUG:__main__:[Stage4] frame 690: none box=None
DEBUG:__main__:[Stage4] frame 691: none box=None
DEBUG:__main__:[Stage4] frame 692: none box=None
DEBUG:__main__:[Stage4] frame 693: none box=None
DEBUG:__main__:[Stage4] frame 694: none box=None
DEBUG:__main__:[Stage4] frame 695: none box=None
DEBUG:__main__:[Stage4] frame 696: none box=None
DEBUG:__main__:[Stage4] frame 697: none box=None
DEBUG:__main__:[Stage4] frame 698: none box=None
DEBUG:__main__:[Stage4] frame 699: none box=None
DEBUG:__main__:[Stage4] frame 700: none box=None
DEBUG:__main__:[Stage4] frame 701: none box=None
DEBUG:__main__:[Stage4] frame 702: none box=None
DEBUG:__main__:[Stage4] frame 703: none box=None
DEBUG:__main__:[Stage4] frame 704: none box=None
DEBUG:__main__:[Stage4] frame 705: none box=None
DEBUG:__main__:[Stage4] frame 706: none box=None
DEBUG:__main__:[Stage4] frame 707: none box=None
DEBUG:__main__:[Stage4] frame 708: none box=None
DEBUG:__main__:[Stage4] frame 709: none box=None
DEBUG:__main__:[Stage4] frame 710: none box=None
DEBUG:__main__:[Stage4] frame 711: none box=None
DEBUG:__main__:[Stage4] frame 712: none box=None
DEBUG:__main__:[Stage4] frame 713: none box=None
DEBUG:__main__:[Stage4] frame 714: none box=None
DEBUG:__main__:[Stage4] frame 715: none box=None
DEBUG:__main__:[Stage4] frame 716: none box=None
DEBUG:__main__:[Stage4] frame 717: none box=None
DEBUG:__main__:[Stage4] frame 718: none box=None
DEBUG:__main__:[Stage4] frame 719: none box=None
DEBUG:__main__:[Stage4] frame 720: none box=None
DEBUG:__main__:[Stage4] frame 721: none box=None
DEBUG:__main__:[Stage4] frame 722: none box=None
DEBUG:__main__:[Stage4] frame 723: none box=None
DEBUG:__main__:[Stage4] frame 724: none box=None
DEBUG:__main__:[Stage4] frame 725: none box=None
DEBUG:__main__:[Stage4] frame 726: none box=None
DEBUG:__main__:[Stage4] frame 727: none box=None
DEBUG:__main__:[Stage4] frame 728: none box=None
DEBUG:__main__:[Stage4] frame 729: none box=None
DEBUG:__main__:[Stage4] frame 730: none box=None
DEBUG:__main__:[Stage4] frame 731: none box=None
DEBUG:__main__:[Stage4] frame 732: none box=None
DEBUG:__main__:[Stage4] frame 733: none box=None
DEBUG:__main__:[Stage4] frame 734: none box=None
DEBUG:__main__:[Stage4] frame 735: none box=None
DEBUG:__main__:[Stage4] frame 736: none box=None
DEBUG:__main__:[Stage4] frame 737: none box=None
DEBUG:__main__:[Stage4] frame 738: none box=None
DEBUG:__main__:[Stage4] frame 739: none box=None
DEBUG:__main__:[Stage4] frame 740: none box=None
DEBUG:__main__:[Stage4] frame 741: none box=None
DEBUG:__main__:[Stage4] frame 742: none box=None
DEBUG:__main__:[Stage4] frame 743: none box=None
DEBUG:__main__:[Stage4] frame 744: none box=None
DEBUG:__main__:[Stage4] frame 745: none box=None
DEBUG:__main__:[Stage4] frame 746: none box=None
DEBUG:__main__:[Stage4] frame 747: none box=None
DEBUG:__main__:[Stage4] frame 748: none box=None
DEBUG:__main__:[Stage4] frame 749: none box=None
DEBUG:__main__:[Stage4] frame 750: none box=None
DEBUG:__main__:[Stage4] frame 751: none box=None
DEBUG:__main__:[Stage4] frame 752: none box=None
DEBUG:__main__:[Stage4] frame 753: none box=None
DEBUG:__main__:[Stage4] frame 754: none box=None
DEBUG:__main__:[Stage4] frame 755: none box=None
DEBUG:__main__:[Stage4] frame 756: none box=None
DEBUG:__main__:[Stage4] frame 757: none box=None
DEBUG:__main__:[Stage4] frame 758: none box=None
DEBUG:__main__:[Stage4] frame 759: none box=None
DEBUG:__main__:[Stage4] frame 760: none box=None
DEBUG:__main__:[Stage4] frame 761: none box=None
DEBUG:__main__:[Stage4] frame 762: none box=None
DEBUG:__main__:[Stage4] frame 763: none box=None
DEBUG:__main__:[Stage4] frame 764: none box=None
DEBUG:__main__:[Stage4] frame 765: none box=None
DEBUG:__main__:[Stage4] frame 766: none box=None
DEBUG:__main__:[Stage4] frame 767: none box=None
DEBUG:__main__:[Stage4] frame 768: none box=None
DEBUG:__main__:[Stage4] frame 769: none box=None
DEBUG:__main__:[Stage4] frame 770: none box=None
DEBUG:__main__:[Stage4] frame 771: none box=None
DEBUG:__main__:[Stage4] frame 772: none box=None
DEBUG:__main__:[Stage4] frame 773: none box=None
DEBUG:__main__:[Stage4] frame 774: none box=None
DEBUG:__main__:[Stage4] frame 775: none box=None
DEBUG:__main__:[Stage4] frame 776: none box=None
DEBUG:__main__:[Stage4] frame 777: none box=None
DEBUG:__main__:[Stage4] frame 778: none box=None
DEBUG:__main__:[Stage4] frame 779: none box=None
DEBUG:__main__:[Stage4] frame 780: none box=None
DEBUG:__main__:[Stage4] frame 781: none box=None
DEBUG:__main__:[Stage4] frame 782: none box=None
DEBUG:__main__:[Stage4] frame 783: none box=None
DEBUG:__main__:[Stage4] frame 784: none box=None
DEBUG:__main__:[Stage4] frame 785: none box=None
DEBUG:__main__:[Stage4] frame 786: none box=None
DEBUG:__main__:[Stage4] frame 787: none box=None
DEBUG:__main__:[Stage4] frame 788: none box=None
DEBUG:__main__:[Stage4] frame 789: none box=None
DEBUG:__main__:[Stage4] frame 790: none box=None
DEBUG:__main__:[Stage4] frame 791: none box=None
DEBUG:__main__:[Stage4] frame 792: none box=None
DEBUG:__main__:[Stage4] frame 793: none box=None
DEBUG:__main__:[Stage4] frame 794: none box=None
DEBUG:__main__:[Stage4] frame 795: none box=None
DEBUG:__main__:[Stage4] frame 796: none box=None
DEBUG:__main__:[Stage4] frame 797: none box=None
DEBUG:__main__:[Stage4] frame 798: none box=None
DEBUG:__main__:[Stage4] frame 799: none box=None
DEBUG:__main__:[Stage4] frame 800: none box=None
DEBUG:__main__:[Stage4] frame 801: none box=None
DEBUG:__main__:[Stage4] frame 802: none box=None
DEBUG:__main__:[Stage4] frame 803: none box=None
DEBUG:__main__:[Stage4] frame 804: none box=None
DEBUG:__main__:[Stage4] frame 805: none box=None
DEBUG:__main__:[Stage4] frame 806: none box=None
DEBUG:__main__:[Stage4] frame 807: none box=None
DEBUG:__main__:[Stage4] frame 808: none box=None
DEBUG:__main__:[Stage4] frame 809: none box=None
DEBUG:__main__:[Stage4] frame 810: none box=None
DEBUG:__main__:[Stage4] frame 811: none box=None
DEBUG:__main__:[Stage4] frame 812: none box=None
DEBUG:__main__:[Stage4] frame 813: none box=None
DEBUG:__main__:[Stage4] frame 814: none box=None
DEBUG:__main__:[Stage4] frame 815: none box=None
DEBUG:__main__:[Stage4] frame 816: none box=None
DEBUG:__main__:[Stage4] frame 817: none box=None
DEBUG:__main__:[Stage4] frame 818: none box=None
DEBUG:__main__:[Stage4] frame 819: none box=None
DEBUG:__main__:[Stage4] frame 820: none box=None
DEBUG:__main__:[Stage4] frame 821: none box=None
DEBUG:__main__:[Stage4] frame 822: none box=None
DEBUG:__main__:[Stage4] frame 823: none box=None
DEBUG:__main__:[Stage4] frame 824: none box=None
DEBUG:__main__:[Stage4] frame 825: none box=None
DEBUG:__main__:[Stage4] frame 826: none box=None
DEBUG:__main__:[Stage4] frame 827: none box=None
DEBUG:__main__:[Stage4] frame 828: none box=None
DEBUG:__main__:[Stage4] frame 829: none box=None
DEBUG:__main__:[Stage4] frame 830: none box=None
DEBUG:__main__:[Stage4] frame 831: none box=None
DEBUG:__main__:[Stage4] frame 832: none box=None
DEBUG:__main__:[Stage4] frame 833: none box=None
DEBUG:__main__:[Stage4] frame 834: none box=None
DEBUG:__main__:[Stage4] frame 835: none box=None
DEBUG:__main__:[Stage4] frame 836: none box=None
DEBUG:__main__:[Stage4] frame 837: none box=None
DEBUG:__main__:[Stage4] frame 838: none box=None
DEBUG:__main__:[Stage4] frame 839: none box=None
DEBUG:__main__:[Stage4] frame 840: none box=None
DEBUG:__main__:[Stage4] frame 841: none box=None
DEBUG:__main__:[Stage4] frame 842: none box=None
DEBUG:__main__:[Stage4] frame 843: none box=None
DEBUG:__main__:[Stage4] frame 844: none box=None
DEBUG:__main__:[Stage4] frame 845: none box=None
DEBUG:__main__:[Stage4] frame 846: none box=None
DEBUG:__main__:[Stage4] frame 847: none box=None
DEBUG:__main__:[Stage4] frame 848: none box=None
DEBUG:__main__:[Stage4] frame 849: none box=None
DEBUG:__main__:[Stage4] frame 850: none box=None
DEBUG:__main__:[Stage4] frame 851: none box=None
DEBUG:__main__:[Stage4] frame 852: none box=None
DEBUG:__main__:[Stage4] frame 853: none box=None
DEBUG:__main__:[Stage4] frame 854: none box=None
DEBUG:__main__:[Stage4] frame 855: none box=None
DEBUG:__main__:[Stage4] frame 856: none box=None
DEBUG:__main__:[Stage4] frame 857: none box=None
DEBUG:__main__:[Stage4] frame 858: none box=None
DEBUG:__main__:[Stage4] frame 859: none box=None
DEBUG:__main__:[Stage4] frame 860: none box=None
DEBUG:__main__:[Stage4] frame 861: none box=None
DEBUG:__main__:[Stage4] frame 862: none box=None
DEBUG:__main__:[Stage4] frame 863: none box=None
DEBUG:__main__:[Stage4] frame 864: none box=None
DEBUG:__main__:[Stage4] frame 865: none box=None
DEBUG:__main__:[Stage4] frame 866: none box=None
DEBUG:__main__:[Stage4] frame 867: none box=None
DEBUG:__main__:[Stage4] frame 868: none box=None
DEBUG:__main__:[Stage4] frame 869: none box=None
DEBUG:__main__:[Stage4] frame 870: none box=None
DEBUG:__main__:[Stage4] frame 871: none box=None
DEBUG:__main__:[Stage4] frame 872: none box=None
DEBUG:__main__:[Stage4] frame 873: none box=None
DEBUG:__main__:[Stage4] frame 874: none box=None
DEBUG:__main__:[Stage4] frame 875: none box=None
DEBUG:__main__:[Stage4] frame 876: none box=None
DEBUG:__main__:[Stage4] frame 877: none box=None
DEBUG:__main__:[Stage4] frame 878: none box=None
DEBUG:__main__:[Stage4] frame 879: none box=None
DEBUG:__main__:[Stage4] frame 880: none box=None
DEBUG:__main__:[Stage4] frame 881: none box=None
DEBUG:__main__:[Stage4] frame 882: none box=None
DEBUG:__main__:[Stage4] frame 883: none box=None
DEBUG:__main__:[Stage4] frame 884: none box=None
DEBUG:__main__:[Stage4] frame 885: none box=None
DEBUG:__main__:[Stage4] frame 886: none box=None
DEBUG:__main__:[Stage4] frame 887: none box=None
DEBUG:__main__:[Stage4] frame 888: none box=None
DEBUG:__main__:[Stage4] frame 889: none box=None
DEBUG:__main__:[Stage4] frame 890: none box=None
DEBUG:__main__:[Stage4] frame 891: none box=None
DEBUG:__main__:[Stage4] frame 892: none box=None
DEBUG:__main__:[Stage4] frame 893: none box=None
DEBUG:__main__:[Stage4] frame 894: none box=None
DEBUG:__main__:[Stage4] frame 895: none box=None
DEBUG:__main__:[Stage4] frame 896: none box=None
DEBUG:__main__:[Stage4] frame 897: none box=None
DEBUG:__main__:[Stage4] frame 898: none box=None
DEBUG:__main__:[Stage4] frame 899: none box=None
DEBUG:__main__:[Stage4] frame 900: none box=None
DEBUG:__main__:[Stage4] frame 901: none box=None
DEBUG:__main__:[Stage4] frame 902: none box=None
DEBUG:__main__:[Stage4] frame 903: none box=None
DEBUG:__main__:[Stage4] frame 904: none box=None
DEBUG:__main__:[Stage4] frame 905: none box=None
DEBUG:__main__:[Stage4] frame 906: none box=None
DEBUG:__main__:[Stage4] frame 907: none box=None
DEBUG:__main__:[Stage4] frame 908: none box=None
DEBUG:__main__:[Stage4] frame 909: none box=None
DEBUG:__main__:[Stage4] frame 910: none box=None
DEBUG:__main__:[Stage4] frame 911: none box=None
DEBUG:__main__:[Stage4] frame 912: none box=None
DEBUG:__main__:[Stage4] frame 913: none box=None
DEBUG:__main__:[Stage4] frame 914: none box=None
DEBUG:__main__:[Stage4] frame 915: none box=None
DEBUG:__main__:[Stage4] frame 916: none box=None
DEBUG:__main__:[Stage4] frame 917: none box=None
DEBUG:__main__:[Stage4] frame 918: none box=None
DEBUG:__main__:[Stage4] frame 919: none box=None
DEBUG:__main__:[Stage4] frame 920: none box=None
DEBUG:__main__:[Stage4] frame 921: none box=None
DEBUG:__main__:[Stage4] frame 922: none box=None
DEBUG:__main__:[Stage4] frame 923: none box=None
DEBUG:__main__:[Stage4] frame 924: none box=None
DEBUG:__main__:[Stage4] frame 925: none box=None
DEBUG:__main__:[Stage4] frame 926: none box=None
DEBUG:__main__:[Stage4] frame 927: none box=None
DEBUG:__main__:[Stage4] frame 928: none box=None
DEBUG:__main__:[Stage4] frame 929: none box=None
DEBUG:__main__:[Stage4] frame 930: none box=None
DEBUG:__main__:[Stage4] frame 931: none box=None
DEBUG:__main__:[Stage4] frame 932: none box=None
DEBUG:__main__:[Stage4] frame 933: none box=None
DEBUG:__main__:[Stage4] frame 934: none box=None
DEBUG:__main__:[Stage4] frame 935: none box=None
DEBUG:__main__:[Stage4] frame 936: none box=None
DEBUG:__main__:[Stage4] frame 937: none box=None
DEBUG:__main__:[Stage4] frame 938: none box=None
DEBUG:__main__:[Stage4] frame 939: none box=None
DEBUG:__main__:[Stage4] frame 940: none box=None
DEBUG:__main__:[Stage4] frame 941: none box=None
DEBUG:__main__:[Stage4] frame 942: none box=None
DEBUG:__main__:[Stage4] frame 943: none box=None
DEBUG:__main__:[Stage4] frame 944: none box=None
DEBUG:__main__:[Stage4] frame 945: none box=None
DEBUG:__main__:[Stage4] frame 946: none box=None
DEBUG:__main__:[Stage4] frame 947: none box=None
DEBUG:__main__:[Stage4] frame 948: none box=None
DEBUG:__main__:[Stage4] frame 949: none box=None
DEBUG:__main__:[Stage4] frame 950: none box=None
DEBUG:__main__:[Stage4] frame 951: none box=None
DEBUG:__main__:[Stage4] frame 952: none box=None
DEBUG:__main__:[Stage4] frame 953: none box=None
DEBUG:__main__:[Stage4] frame 954: none box=None
DEBUG:__main__:[Stage4] frame 955: none box=None
DEBUG:__main__:[Stage4] frame 956: none box=None
DEBUG:__main__:[Stage4] frame 957: none box=None
DEBUG:__main__:[Stage4] frame 958: none box=None
DEBUG:__main__:[Stage4] frame 959: none box=None
DEBUG:__main__:[Stage4] frame 960: none box=None
DEBUG:__main__:[Stage4] frame 961: none box=None
DEBUG:__main__:[Stage4] frame 962: none box=None
DEBUG:__main__:[Stage4] frame 963: none box=None
DEBUG:__main__:[Stage4] frame 964: none box=None
DEBUG:__main__:[Stage4] frame 965: none box=None
DEBUG:__main__:[Stage4] frame 966: none box=None
DEBUG:__main__:[Stage4] frame 967: none box=None
DEBUG:__main__:[Stage4] frame 968: none box=None
DEBUG:__main__:[Stage4] frame 969: none box=None
DEBUG:__main__:[Stage4] frame 970: none box=None
DEBUG:__main__:[Stage4] frame 971: none box=None
DEBUG:__main__:[Stage4] frame 972: none box=None
DEBUG:__main__:[Stage4] frame 973: none box=None
DEBUG:__main__:[Stage4] frame 974: none box=None
DEBUG:__main__:[Stage4] frame 975: none box=None
DEBUG:__main__:[Stage4] frame 976: none box=None
DEBUG:__main__:[Stage4] frame 977: none box=None
DEBUG:__main__:[Stage4] frame 978: none box=None
DEBUG:__main__:[Stage4] frame 979: none box=None
DEBUG:__main__:[Stage4] frame 980: none box=None
DEBUG:__main__:[Stage4] frame 981: none box=None
DEBUG:__main__:[Stage4] frame 982: none box=None
DEBUG:__main__:[Stage4] frame 983: none box=None
DEBUG:__main__:[Stage4] frame 984: none box=None
DEBUG:__main__:[Stage4] frame 985: none box=None
DEBUG:__main__:[Stage4] frame 986: none box=None
DEBUG:__main__:[Stage4] frame 987: none box=None
DEBUG:__main__:[Stage4] frame 988: none box=None
DEBUG:__main__:[Stage4] frame 989: none box=None
DEBUG:__main__:[Stage4] frame 990: none box=None
DEBUG:__main__:[Stage4] frame 991: none box=None
DEBUG:__main__:[Stage4] frame 992: none box=None
DEBUG:__main__:[Stage4] frame 993: none box=None
DEBUG:__main__:[Stage4] frame 994: none box=None
DEBUG:__main__:[Stage4] frame 995: none box=None
DEBUG:__main__:[Stage4] frame 996: none box=None
DEBUG:__main__:[Stage4] frame 997: none box=None
DEBUG:__main__:[Stage4] frame 998: none box=None
DEBUG:__main__:[Stage4] frame 999: none box=None
DEBUG:__main__:[Stage4] frame 1000: none box=None
DEBUG:__main__:[Stage4] frame 1001: none box=None
DEBUG:__main__:[Stage4] frame 1002: none box=None
DEBUG:__main__:[Stage4] frame 1003: none box=None
DEBUG:__main__:[Stage4] frame 1004: none box=None
DEBUG:__main__:[Stage4] frame 1005: none box=None
DEBUG:__main__:[Stage4] frame 1006: none box=None
DEBUG:__main__:[Stage4] frame 1007: none box=None
DEBUG:__main__:[Stage4] frame 1008: none box=None
DEBUG:__main__:[Stage4] frame 1009: none box=None
DEBUG:__main__:[Stage4] frame 1010: none box=None
DEBUG:__main__:[Stage4] frame 1011: none box=None
DEBUG:__main__:[Stage4] frame 1012: none box=None
DEBUG:__main__:[Stage4] frame 1013: none box=None
DEBUG:__main__:[Stage4] frame 1014: none box=None
DEBUG:__main__:[Stage4] frame 1015: none box=None
DEBUG:__main__:[Stage4] frame 1016: none box=None
DEBUG:__main__:[Stage4] frame 1017: none box=None
DEBUG:__main__:[Stage4] frame 1018: none box=None
DEBUG:__main__:[Stage4] frame 1019: none box=None
DEBUG:__main__:[Stage4] frame 1020: none box=None
DEBUG:__main__:[Stage4] frame 1021: none box=None
DEBUG:__main__:[Stage4] frame 1022: none box=None
DEBUG:__main__:[Stage4] frame 1023: none box=None
DEBUG:__main__:[Stage4] frame 1024: none box=None
DEBUG:__main__:[Stage4] frame 1025: none box=None
DEBUG:__main__:[Stage4] frame 1026: none box=None
DEBUG:__main__:[Stage4] frame 1027: none box=None
DEBUG:__main__:[Stage4] frame 1028: none box=None
DEBUG:__main__:[Stage4] frame 1029: none box=None
DEBUG:__main__:[Stage4] frame 1030: none box=None
DEBUG:__main__:[Stage4] frame 1031: none box=None
DEBUG:__main__:[Stage4] frame 1032: none box=None
DEBUG:__main__:[Stage4] frame 1033: none box=None
DEBUG:__main__:[Stage4] frame 1034: none box=None
DEBUG:__main__:[Stage4] frame 1035: none box=None
DEBUG:__main__:[Stage4] frame 1036: none box=None
DEBUG:__main__:[Stage4] frame 1037: none box=None
DEBUG:__main__:[Stage4] frame 1038: none box=None
DEBUG:__main__:[Stage4] frame 1039: none box=None
DEBUG:__main__:[Stage4] frame 1040: none box=None
DEBUG:__main__:[Stage4] frame 1041: none box=None
DEBUG:__main__:[Stage4] frame 1042: none box=None
DEBUG:__main__:[Stage4] frame 1043: none box=None
DEBUG:__main__:[Stage4] frame 1044: none box=None
DEBUG:__main__:[Stage4] frame 1045: none box=None
DEBUG:__main__:[Stage4] frame 1046: none box=None
DEBUG:__main__:[Stage4] frame 1047: none box=None
DEBUG:__main__:[Stage4] frame 1048: none box=None
DEBUG:__main__:[Stage4] frame 1049: none box=None
DEBUG:__main__:[Stage4] frame 1050: none box=None
DEBUG:__main__:[Stage4] frame 1051: none box=None
DEBUG:__main__:[Stage4] frame 1052: none box=None
DEBUG:__main__:[Stage4] frame 1053: none box=None
DEBUG:__main__:[Stage4] frame 1054: none box=None
DEBUG:__main__:[Stage4] frame 1055: none box=None
DEBUG:__main__:[Stage4] frame 1056: none box=None
DEBUG:__main__:[Stage4] frame 1057: none box=None
DEBUG:__main__:[Stage4] frame 1058: none box=None
DEBUG:__main__:[Stage4] frame 1059: none box=None
DEBUG:__main__:[Stage4] frame 1060: none box=None
DEBUG:__main__:[Stage4] frame 1061: none box=None
DEBUG:__main__:[Stage4] frame 1062: none box=None
DEBUG:__main__:[Stage4] frame 1063: none box=None
DEBUG:__main__:[Stage4] frame 1064: none box=None
DEBUG:__main__:[Stage4] frame 1065: none box=None
DEBUG:__main__:[Stage4] frame 1066: none box=None
DEBUG:__main__:[Stage4] frame 1067: none box=None
DEBUG:__main__:[Stage4] frame 1068: none box=None
DEBUG:__main__:[Stage4] frame 1069: none box=None
DEBUG:__main__:[Stage4] frame 1070: none box=None
DEBUG:__main__:[Stage4] frame 1071: none box=None
DEBUG:__main__:[Stage4] frame 1072: none box=None
DEBUG:__main__:[Stage4] frame 1073: none box=None
DEBUG:__main__:[Stage4] frame 1074: none box=None
DEBUG:__main__:[Stage4] frame 1075: none box=None
DEBUG:__main__:[Stage4] frame 1076: none box=None
DEBUG:__main__:[Stage4] frame 1077: none box=None
DEBUG:__main__:[Stage4] frame 1078: none box=None
DEBUG:__main__:[Stage4] frame 1079: none box=None
DEBUG:__main__:[Stage4] frame 1080: none box=None
DEBUG:__main__:[Stage4] frame 1081: none box=None
DEBUG:__main__:[Stage4] frame 1082: none box=None
DEBUG:__main__:[Stage4] frame 1083: none box=None
DEBUG:__main__:[Stage4] frame 1084: none box=None
DEBUG:__main__:[Stage4] frame 1085: none box=None
DEBUG:__main__:[Stage4] frame 1086: none box=None
DEBUG:__main__:[Stage4] frame 1087: none box=None
DEBUG:__main__:[Stage4] frame 1088: none box=None
DEBUG:__main__:[Stage4] frame 1089: none box=None
DEBUG:__main__:[Stage4] frame 1090: none box=None
DEBUG:__main__:[Stage4] frame 1091: none box=None
DEBUG:__main__:[Stage4] frame 1092: none box=None
DEBUG:__main__:[Stage4] frame 1093: none box=None
DEBUG:__main__:[Stage4] frame 1094: none box=None
DEBUG:__main__:[Stage4] frame 1095: none box=None
DEBUG:__main__:[Stage4] frame 1096: none box=None
DEBUG:__main__:[Stage4] frame 1097: none box=None
DEBUG:__main__:[Stage4] frame 1098: none box=None
DEBUG:__main__:[Stage4] frame 1099: none box=None
DEBUG:__main__:[Stage4] frame 1100: none box=None
DEBUG:__main__:[Stage4] frame 1101: none box=None
DEBUG:__main__:[Stage4] frame 1102: none box=None
DEBUG:__main__:[Stage4] frame 1103: none box=None
DEBUG:__main__:[Stage4] frame 1104: none box=None
DEBUG:__main__:[Stage4] frame 1105: none box=None
DEBUG:__main__:[Stage4] frame 1106: none box=None
DEBUG:__main__:[Stage4] frame 1107: none box=None
DEBUG:__main__:[Stage4] frame 1108: none box=None
DEBUG:__main__:[Stage4] frame 1109: none box=None
DEBUG:__main__:[Stage4] frame 1110: none box=None
DEBUG:__main__:[Stage4] frame 1111: none box=None
DEBUG:__main__:[Stage4] frame 1112: none box=None
DEBUG:__main__:[Stage4] frame 1113: none box=None
DEBUG:__main__:[Stage4] frame 1114: none box=None
DEBUG:__main__:[Stage4] frame 1115: none box=None
DEBUG:__main__:[Stage4] frame 1116: none box=None
DEBUG:__main__:[Stage4] frame 1117: none box=None
DEBUG:__main__:[Stage4] frame 1118: none box=None
DEBUG:__main__:[Stage4] frame 1119: none box=None
DEBUG:__main__:[Stage4] frame 1120: none box=None
DEBUG:__main__:[Stage4] frame 1121: none box=None
DEBUG:__main__:[Stage4] frame 1122: none box=None
DEBUG:__main__:[Stage4] frame 1123: none box=None
DEBUG:__main__:[Stage4] frame 1124: none box=None
DEBUG:__main__:[Stage4] frame 1125: none box=None
DEBUG:__main__:[Stage4] frame 1126: none box=None
DEBUG:__main__:[Stage4] frame 1127: none box=None
DEBUG:__main__:[Stage4] frame 1128: none box=None
DEBUG:__main__:[Stage4] frame 1129: none box=None
DEBUG:__main__:[Stage4] frame 1130: none box=None
DEBUG:__main__:[Stage4] frame 1131: none box=None
DEBUG:__main__:[Stage4] frame 1132: none box=None
DEBUG:__main__:[Stage4] frame 1133: none box=None
DEBUG:__main__:[Stage4] frame 1134: none box=None
DEBUG:__main__:[Stage4] frame 1135: none box=None
DEBUG:__main__:[Stage4] frame 1136: none box=None
DEBUG:__main__:[Stage4] frame 1137: none box=None
DEBUG:__main__:[Stage4] frame 1138: none box=None
DEBUG:__main__:[Stage4] frame 1139: none box=None
DEBUG:__main__:[Stage4] frame 1140: none box=None
DEBUG:__main__:[Stage4] frame 1141: none box=None
DEBUG:__main__:[Stage4] frame 1142: none box=None
DEBUG:__main__:[Stage4] frame 1143: none box=None
DEBUG:__main__:[Stage4] frame 1144: none box=None
DEBUG:__main__:[Stage4] frame 1145: none box=None
DEBUG:__main__:[Stage4] frame 1146: none box=None
DEBUG:__main__:[Stage4] frame 1147: none box=None
DEBUG:__main__:[Stage4] frame 1148: none box=None
DEBUG:__main__:[Stage4] frame 1149: none box=None
DEBUG:__main__:[Stage4] frame 1150: none box=None
DEBUG:__main__:[Stage4] frame 1151: none box=None
DEBUG:__main__:[Stage4] frame 1152: none box=None
DEBUG:__main__:[Stage4] frame 1153: none box=None
DEBUG:__main__:[Stage4] frame 1154: none box=None
DEBUG:__main__:[Stage4] frame 1155: none box=None
DEBUG:__main__:[Stage4] frame 1156: none box=None
DEBUG:__main__:[Stage4] frame 1157: none box=None
DEBUG:__main__:[Stage4] frame 1158: none box=None
DEBUG:__main__:[Stage4] frame 1159: none box=None
DEBUG:__main__:[Stage4] frame 1160: none box=None
DEBUG:__main__:[Stage4] frame 1161: none box=None
DEBUG:__main__:[Stage4] frame 1162: none box=None
DEBUG:__main__:[Stage4] frame 1163: none box=None
DEBUG:__main__:[Stage4] frame 1164: none box=None
DEBUG:__main__:[Stage4] frame 1165: none box=None
DEBUG:__main__:[Stage4] frame 1166: none box=None
DEBUG:__main__:[Stage4] frame 1167: none box=None
DEBUG:__main__:[Stage4] frame 1168: none box=None
DEBUG:__main__:[Stage4] frame 1169: none box=None
DEBUG:__main__:[Stage4] frame 1170: none box=None
DEBUG:__main__:[Stage4] frame 1171: none box=None
DEBUG:__main__:[Stage4] frame 1172: none box=None
DEBUG:__main__:[Stage4] frame 1173: none box=None
DEBUG:__main__:[Stage4] frame 1174: none box=None
DEBUG:__main__:[Stage4] frame 1175: none box=None
DEBUG:__main__:[Stage4] frame 1176: none box=None
DEBUG:__main__:[Stage4] frame 1177: none box=None
DEBUG:__main__:[Stage4] frame 1178: none box=None
DEBUG:__main__:[Stage4] frame 1179: none box=None
DEBUG:__main__:[Stage4] frame 1180: none box=None
DEBUG:__main__:[Stage4] frame 1181: none box=None
DEBUG:__main__:[Stage4] frame 1182: none box=None
DEBUG:__main__:[Stage4] frame 1183: none box=None
DEBUG:__main__:[Stage4] frame 1184: none box=None
DEBUG:__main__:[Stage4] frame 1185: none box=None
DEBUG:__main__:[Stage4] frame 1186: none box=None
DEBUG:__main__:[Stage4] frame 1187: none box=None
DEBUG:__main__:[Stage4] frame 1188: none box=None
DEBUG:__main__:[Stage4] frame 1189: none box=None
DEBUG:__main__:[Stage4] frame 1190: none box=None
DEBUG:__main__:[Stage4] frame 1191: none box=None
DEBUG:__main__:[Stage4] frame 1192: none box=None
DEBUG:__main__:[Stage4] frame 1193: none box=None
DEBUG:__main__:[Stage4] frame 1194: none box=None
DEBUG:__main__:[Stage4] frame 1195: none box=None
DEBUG:__main__:[Stage4] frame 1196: none box=None
DEBUG:__main__:[Stage4] frame 1197: none box=None
DEBUG:__main__:[Stage4] frame 1198: none box=None
DEBUG:__main__:[Stage4] frame 1199: none box=None
DEBUG:__main__:[Stage4] frame 1200: none box=None
DEBUG:__main__:[Stage4] frame 1201: none box=None
DEBUG:__main__:[Stage4] frame 1202: none box=None
DEBUG:__main__:[Stage4] frame 1203: none box=None
DEBUG:__main__:[Stage4] frame 1204: none box=None
DEBUG:__main__:[Stage4] frame 1205: none box=None
DEBUG:__main__:[Stage4] frame 1206: none box=None
DEBUG:__main__:[Stage4] frame 1207: none box=None
DEBUG:__main__:[Stage4] frame 1208: none box=None
DEBUG:__main__:[Stage4] frame 1209: none box=None
DEBUG:__main__:[Stage4] frame 1210: none box=None
DEBUG:__main__:[Stage4] frame 1211: none box=None
DEBUG:__main__:[Stage4] frame 1212: none box=None
DEBUG:__main__:[Stage4] frame 1213: none box=None
DEBUG:__main__:[Stage4] frame 1214: none box=None
DEBUG:__main__:[Stage4] frame 1215: none box=None
DEBUG:__main__:[Stage4] frame 1216: none box=None
DEBUG:__main__:[Stage4] frame 1217: none box=None
DEBUG:__main__:[Stage4] frame 1218: none box=None
DEBUG:__main__:[Stage4] frame 1219: none box=None
DEBUG:__main__:[Stage4] frame 1220: none box=None
DEBUG:__main__:[Stage4] frame 1221: none box=None
DEBUG:__main__:[Stage4] frame 1222: none box=None
DEBUG:__main__:[Stage4] frame 1223: none box=None
DEBUG:__main__:[Stage4] frame 1224: none box=None
DEBUG:__main__:[Stage4] frame 1225: none box=None
DEBUG:__main__:[Stage4] frame 1226: none box=None
DEBUG:__main__:[Stage4] frame 1227: none box=None
DEBUG:__main__:[Stage4] frame 1228: none box=None
DEBUG:__main__:[Stage4] frame 1229: none box=None
DEBUG:__main__:[Stage4] frame 1230: none box=None
DEBUG:__main__:[Stage4] frame 1231: none box=None
DEBUG:__main__:[Stage4] frame 1232: none box=None
DEBUG:__main__:[Stage4] frame 1233: none box=None
DEBUG:__main__:[Stage4] frame 1234: none box=None
DEBUG:__main__:[Stage4] frame 1235: none box=None
DEBUG:__main__:[Stage4] frame 1236: none box=None
DEBUG:__main__:[Stage4] frame 1237: none box=None
DEBUG:__main__:[Stage4] frame 1238: none box=None
DEBUG:__main__:[Stage4] frame 1239: none box=None
DEBUG:__main__:[Stage4] frame 1240: none box=None
DEBUG:__main__:[Stage4] frame 1241: none box=None
DEBUG:__main__:[Stage4] frame 1242: none box=None
DEBUG:__main__:[Stage4] frame 1243: none box=None
DEBUG:__main__:[Stage4] frame 1244: none box=None
DEBUG:__main__:[Stage4] frame 1245: none box=None
DEBUG:__main__:[Stage4] frame 1246: none box=None
DEBUG:__main__:[Stage4] frame 1247: none box=None
DEBUG:__main__:[Stage4] frame 1248: none box=None
DEBUG:__main__:[Stage4] frame 1249: none box=None
DEBUG:__main__:[Stage4] frame 1250: none box=None
DEBUG:__main__:[Stage4] frame 1251: none box=None
DEBUG:__main__:[Stage4] frame 1252: none box=None
DEBUG:__main__:[Stage4] frame 1253: none box=None
DEBUG:__main__:[Stage4] frame 1254: none box=None
DEBUG:__main__:[Stage4] frame 1255: none box=None
DEBUG:__main__:[Stage4] frame 1256: none box=None
DEBUG:__main__:[Stage4] frame 1257: none box=None
DEBUG:__main__:[Stage4] frame 1258: none box=None
DEBUG:__main__:[Stage4] frame 1259: none box=None
DEBUG:__main__:[Stage4] frame 1260: none box=None
DEBUG:__main__:[Stage4] frame 1261: none box=None
DEBUG:__main__:[Stage4] frame 1262: none box=None
DEBUG:__main__:[Stage4] frame 1263: none box=None
DEBUG:__main__:[Stage4] frame 1264: none box=None
DEBUG:__main__:[Stage4] frame 1265: none box=None
DEBUG:__main__:[Stage4] frame 1266: none box=None
DEBUG:__main__:[Stage4] frame 1267: none box=None
DEBUG:__main__:[Stage4] frame 1268: none box=None
DEBUG:__main__:[Stage4] frame 1269: none box=None
DEBUG:__main__:[Stage4] frame 1270: none box=None
DEBUG:__main__:[Stage4] frame 1271: none box=None
DEBUG:__main__:[Stage4] frame 1272: none box=None
DEBUG:__main__:[Stage4] frame 1273: none box=None
DEBUG:__main__:[Stage4] frame 1274: none box=None
DEBUG:__main__:[Stage4] frame 1275: none box=None
DEBUG:__main__:[Stage4] frame 1276: none box=None
DEBUG:__main__:[Stage4] frame 1277: none box=None
DEBUG:__main__:[Stage4] frame 1278: none box=None
DEBUG:__main__:[Stage4] frame 1279: none box=None
DEBUG:__main__:[Stage4] frame 1280: none box=None
DEBUG:__main__:[Stage4] frame 1281: none box=None
DEBUG:__main__:[Stage4] frame 1282: none box=None
DEBUG:__main__:[Stage4] frame 1283: none box=None
DEBUG:__main__:[Stage4] frame 1284: none box=None
DEBUG:__main__:[Stage4] frame 1285: none box=None
DEBUG:__main__:[Stage4] frame 1286: none box=None
DEBUG:__main__:[Stage4] frame 1287: none box=None
DEBUG:__main__:[Stage4] frame 1288: none box=None
DEBUG:__main__:[Stage4] frame 1289: none box=None
DEBUG:__main__:[Stage4] frame 1290: none box=None
DEBUG:__main__:[Stage4] frame 1291: none box=None
DEBUG:__main__:[Stage4] frame 1292: none box=None
DEBUG:__main__:[Stage4] frame 1293: none box=None
DEBUG:__main__:[Stage4] frame 1294: none box=None
DEBUG:__main__:[Stage4] frame 1295: none box=None
DEBUG:__main__:[Stage4] frame 1296: none box=None
DEBUG:__main__:[Stage4] frame 1297: none box=None
DEBUG:__main__:[Stage4] frame 1298: none box=None
DEBUG:__main__:[Stage4] frame 1299: none box=None
DEBUG:__main__:[Stage4] frame 1300: none box=None
DEBUG:__main__:[Stage4] frame 1301: none box=None
DEBUG:__main__:[Stage4] frame 1302: none box=None
DEBUG:__main__:[Stage4] frame 1303: none box=None
DEBUG:__main__:[Stage4] frame 1304: none box=None
DEBUG:__main__:[Stage4] frame 1305: none box=None
DEBUG:__main__:[Stage4] frame 1306: none box=None
DEBUG:__main__:[Stage4] frame 1307: none box=None
DEBUG:__main__:[Stage4] frame 1308: none box=None
DEBUG:__main__:[Stage4] frame 1309: none box=None
DEBUG:__main__:[Stage4] frame 1310: none box=None
DEBUG:__main__:[Stage4] frame 1311: none box=None
DEBUG:__main__:[Stage4] frame 1312: none box=None
DEBUG:__main__:[Stage4] frame 1313: none box=None
DEBUG:__main__:[Stage4] frame 1314: none box=None
DEBUG:__main__:[Stage4] frame 1315: none box=None
DEBUG:__main__:[Stage4] frame 1316: none box=None
DEBUG:__main__:[Stage4] frame 1317: none box=None
DEBUG:__main__:[Stage4] frame 1318: none box=None
DEBUG:__main__:[Stage4] frame 1319: none box=None
DEBUG:__main__:[Stage4] frame 1320: none box=None
DEBUG:__main__:[Stage4] frame 1321: none box=None
DEBUG:__main__:[Stage4] frame 1322: none box=None
DEBUG:__main__:[Stage4] frame 1323: none box=None
DEBUG:__main__:[Stage4] frame 1324: none box=None
DEBUG:__main__:[Stage4] frame 1325: none box=None
DEBUG:__main__:[Stage4] frame 1326: none box=None
DEBUG:__main__:[Stage4] frame 1327: none box=None
DEBUG:__main__:[Stage4] frame 1328: none box=None
DEBUG:__main__:[Stage4] frame 1329: none box=None
DEBUG:__main__:[Stage4] frame 1330: none box=None
DEBUG:__main__:[Stage4] frame 1331: none box=None
DEBUG:__main__:[Stage4] frame 1332: none box=None
DEBUG:__main__:[Stage4] frame 1333: none box=None
DEBUG:__main__:[Stage4] frame 1334: none box=None
DEBUG:__main__:[Stage4] frame 1335: none box=None
DEBUG:__main__:[Stage4] frame 1336: none box=None
DEBUG:__main__:[Stage4] frame 1337: none box=None
DEBUG:__main__:[Stage4] frame 1338: none box=None
DEBUG:__main__:[Stage4] frame 1339: none box=None
DEBUG:__main__:[Stage4] frame 1340: none box=None
DEBUG:__main__:[Stage4] frame 1341: none box=None
DEBUG:__main__:[Stage4] frame 1342: none box=None
DEBUG:__main__:[Stage4] frame 1343: none box=None
DEBUG:__main__:[Stage4] frame 1344: none box=None
DEBUG:__main__:[Stage4] frame 1345: none box=None
DEBUG:__main__:[Stage4] frame 1346: none box=None
DEBUG:__main__:[Stage4] frame 1347: none box=None
DEBUG:__main__:[Stage4] frame 1348: none box=None
DEBUG:__main__:[Stage4] frame 1349: none box=None
DEBUG:__main__:[Stage4] frame 1350: none box=None
DEBUG:__main__:[Stage4] frame 1351: none box=None
DEBUG:__main__:[Stage4] frame 1352: none box=None
DEBUG:__main__:[Stage4] frame 1353: none box=None
DEBUG:__main__:[Stage4] frame 1354: none box=None
DEBUG:__main__:[Stage4] frame 1355: none box=None
DEBUG:__main__:[Stage4] frame 1356: none box=None
DEBUG:__main__:[Stage4] frame 1357: none box=None
DEBUG:__main__:[Stage4] frame 1358: none box=None
DEBUG:__main__:[Stage4] frame 1359: none box=None
DEBUG:__main__:[Stage4] frame 1360: none box=None
DEBUG:__main__:[Stage4] frame 1361: none box=None
DEBUG:__main__:[Stage4] frame 1362: none box=None
DEBUG:__main__:[Stage4] frame 1363: none box=None
DEBUG:__main__:[Stage4] frame 1364: none box=None
DEBUG:__main__:[Stage4] frame 1365: none box=None
DEBUG:__main__:[Stage4] frame 1366: none box=None
DEBUG:__main__:[Stage4] frame 1367: none box=None
DEBUG:__main__:[Stage4] frame 1368: none box=None
DEBUG:__main__:[Stage4] frame 1369: none box=None
DEBUG:__main__:[Stage4] frame 1370: none box=None
DEBUG:__main__:[Stage4] frame 1371: none box=None
DEBUG:__main__:[Stage4] frame 1372: none box=None
DEBUG:__main__:[Stage4] frame 1373: none box=None
DEBUG:__main__:[Stage4] frame 1374: none box=None
DEBUG:__main__:[Stage4] frame 1375: none box=None
DEBUG:__main__:[Stage4] frame 1376: none box=None
DEBUG:__main__:[Stage4] frame 1377: none box=None
DEBUG:__main__:[Stage4] frame 1378: none box=None
DEBUG:__main__:[Stage4] frame 1379: none box=None
DEBUG:__main__:[Stage4] frame 1380: none box=None
DEBUG:__main__:[Stage4] frame 1381: none box=None
DEBUG:__main__:[Stage4] frame 1382: none box=None
DEBUG:__main__:[Stage4] frame 1383: none box=None
DEBUG:__main__:[Stage4] frame 1384: none box=None
DEBUG:__main__:[Stage4] frame 1385: none box=None
DEBUG:__main__:[Stage4] frame 1386: none box=None
DEBUG:__main__:[Stage4] frame 1387: none box=None
DEBUG:__main__:[Stage4] frame 1388: none box=None
DEBUG:__main__:[Stage4] frame 1389: none box=None
DEBUG:__main__:[Stage4] frame 1390: none box=None
DEBUG:__main__:[Stage4] frame 1391: none box=None
DEBUG:__main__:[Stage4] frame 1392: none box=None
DEBUG:__main__:[Stage4] frame 1393: none box=None
DEBUG:__main__:[Stage4] frame 1394: none box=None
DEBUG:__main__:[Stage4] frame 1395: none box=None
DEBUG:__main__:[Stage4] frame 1396: none box=None
DEBUG:__main__:[Stage4] frame 1397: none box=None
DEBUG:__main__:[Stage4] frame 1398: none box=None
DEBUG:__main__:[Stage4] frame 1399: none box=None
DEBUG:__main__:[Stage4] frame 1400: none box=None
DEBUG:__main__:[Stage4] frame 1401: none box=None
DEBUG:__main__:[Stage4] frame 1402: none box=None
DEBUG:__main__:[Stage4] frame 1403: none box=None
DEBUG:__main__:[Stage4] frame 1404: none box=None
DEBUG:__main__:[Stage4] frame 1405: none box=None
DEBUG:__main__:[Stage4] frame 1406: none box=None
DEBUG:__main__:[Stage4] frame 1407: none box=None
DEBUG:__main__:[Stage4] frame 1408: none box=None
DEBUG:__main__:[Stage4] frame 1409: none box=None
DEBUG:__main__:[Stage4] frame 1410: none box=None
DEBUG:__main__:[Stage4] frame 1411: none box=None
DEBUG:__main__:[Stage4] frame 1412: none box=None
DEBUG:__main__:[Stage4] frame 1413: none box=None
DEBUG:__main__:[Stage4] frame 1414: none box=None
DEBUG:__main__:[Stage4] frame 1415: none box=None
DEBUG:__main__:[Stage4] frame 1416: none box=None
DEBUG:__main__:[Stage4] frame 1417: none box=None
DEBUG:__main__:[Stage4] frame 1418: none box=None
DEBUG:__main__:[Stage4] frame 1419: none box=None
DEBUG:__main__:[Stage4] frame 1420: none box=None
DEBUG:__main__:[Stage4] frame 1421: none box=None
DEBUG:__main__:[Stage4] frame 1422: none box=None
DEBUG:__main__:[Stage4] frame 1423: none box=None
DEBUG:__main__:[Stage4] frame 1424: none box=None
DEBUG:__main__:[Stage4] frame 1425: none box=None
DEBUG:__main__:[Stage4] frame 1426: none box=None
DEBUG:__main__:[Stage4] frame 1427: none box=None
DEBUG:__main__:[Stage4] frame 1428: none box=None
DEBUG:__main__:[Stage4] frame 1429: none box=None
DEBUG:__main__:[Stage4] frame 1430: none box=None
DEBUG:__main__:[Stage4] frame 1431: none box=None
DEBUG:__main__:[Stage4] frame 1432: none box=None
DEBUG:__main__:[Stage4] frame 1433: none box=None
DEBUG:__main__:[Stage4] frame 1434: none box=None
DEBUG:__main__:[Stage4] frame 1435: none box=None
DEBUG:__main__:[Stage4] frame 1436: none box=None
DEBUG:__main__:[Stage4] frame 1437: none box=None
DEBUG:__main__:[Stage4] frame 1438: none box=None
DEBUG:__main__:[Stage4] frame 1439: none box=None
DEBUG:__main__:[Stage4] frame 1440: none box=None
DEBUG:__main__:[Stage4] frame 1441: none box=None
DEBUG:__main__:[Stage4] frame 1442: none box=None
DEBUG:__main__:[Stage4] frame 1443: none box=None
DEBUG:__main__:[Stage4] frame 1444: none box=None
DEBUG:__main__:[Stage4] frame 1445: none box=None
DEBUG:__main__:[Stage4] frame 1446: none box=None
DEBUG:__main__:[Stage4] frame 1447: none box=None
DEBUG:__main__:[Stage4] frame 1448: none box=None
DEBUG:__main__:[Stage4] frame 1449: none box=None
DEBUG:__main__:[Stage4] frame 1450: none box=None
DEBUG:__main__:[Stage4] frame 1451: none box=None
DEBUG:__main__:[Stage4] frame 1452: none box=None
DEBUG:__main__:[Stage4] frame 1453: none box=None
DEBUG:__main__:[Stage4] frame 1454: none box=None
DEBUG:__main__:[Stage4] frame 1455: none box=None
DEBUG:__main__:[Stage4] frame 1456: none box=None
DEBUG:__main__:[Stage4] frame 1457: none box=None
DEBUG:__main__:[Stage4] frame 1458: none box=None
DEBUG:__main__:[Stage4] frame 1459: none box=None
DEBUG:__main__:[Stage4] frame 1460: none box=None
DEBUG:__main__:[Stage4] frame 1461: none box=None
DEBUG:__main__:[Stage4] frame 1462: none box=None
DEBUG:__main__:[Stage4] frame 1463: none box=None
DEBUG:__main__:[Stage4] frame 1464: none box=None
DEBUG:__main__:[Stage4] frame 1465: none box=None
DEBUG:__main__:[Stage4] frame 1466: none box=None
DEBUG:__main__:[Stage4] frame 1467: none box=None
DEBUG:__main__:[Stage4] frame 1468: none box=None
DEBUG:__main__:[Stage4] frame 1469: none box=None
DEBUG:__main__:[Stage4] frame 1470: none box=None
DEBUG:__main__:[Stage4] frame 1471: none box=None
DEBUG:__main__:[Stage4] frame 1472: none box=None
DEBUG:__main__:[Stage4] frame 1473: none box=None
DEBUG:__main__:[Stage4] frame 1474: none box=None
DEBUG:__main__:[Stage4] frame 1475: none box=None
DEBUG:__main__:[Stage4] frame 1476: none box=None
DEBUG:__main__:[Stage4] frame 1477: none box=None
DEBUG:__main__:[Stage4] frame 1478: none box=None
DEBUG:__main__:[Stage4] frame 1479: none box=None
DEBUG:__main__:[Stage4] frame 1480: none box=None
DEBUG:__main__:[Stage4] frame 1481: none box=None
DEBUG:__main__:[Stage4] frame 1482: none box=None
DEBUG:__main__:[Stage4] frame 1483: none box=None
DEBUG:__main__:[Stage4] frame 1484: none box=None
DEBUG:__main__:[Stage4] frame 1485: none box=None
DEBUG:__main__:[Stage4] frame 1486: none box=None
DEBUG:__main__:[Stage4] frame 1487: none box=None
DEBUG:__main__:[Stage4] frame 1488: none box=None
DEBUG:__main__:[Stage4] frame 1489: none box=None
DEBUG:__main__:[Stage4] frame 1490: none box=None
DEBUG:__main__:[Stage4] frame 1491: none box=None
DEBUG:__main__:[Stage4] frame 1492: none box=None
DEBUG:__main__:[Stage4] frame 1493: none box=None
DEBUG:__main__:[Stage4] frame 1494: none box=None
DEBUG:__main__:[Stage4] frame 1495: none box=None
DEBUG:__main__:[Stage4] frame 1496: none box=None
DEBUG:__main__:[Stage4] frame 1497: none box=None
DEBUG:__main__:[Stage4] frame 1498: none box=None
DEBUG:__main__:[Stage4] frame 1499: none box=None
DEBUG:__main__:[Stage4] frame 1500: none box=None
DEBUG:__main__:[Stage4] frame 1501: none box=None
DEBUG:__main__:[Stage4] frame 1502: none box=None
DEBUG:__main__:[Stage4] frame 1503: none box=None
DEBUG:__main__:[Stage4] frame 1504: none box=None
DEBUG:__main__:[Stage4] frame 1505: none box=None
DEBUG:__main__:[Stage4] frame 1506: none box=None
DEBUG:__main__:[Stage4] frame 1507: none box=None
DEBUG:__main__:[Stage4] frame 1508: none box=None
DEBUG:__main__:[Stage4] frame 1509: none box=None
DEBUG:__main__:[Stage4] frame 1510: none box=None
DEBUG:__main__:[Stage4] frame 1511: none box=None
DEBUG:__main__:[Stage4] frame 1512: none box=None
DEBUG:__main__:[Stage4] frame 1513: none box=None
DEBUG:__main__:[Stage4] frame 1514: none box=None
DEBUG:__main__:[Stage4] frame 1515: none box=None
DEBUG:__main__:[Stage4] frame 1516: none box=None
DEBUG:__main__:[Stage4] frame 1517: none box=None
DEBUG:__main__:[Stage4] frame 1518: none box=None
DEBUG:__main__:[Stage4] frame 1519: none box=None
DEBUG:__main__:[Stage4] frame 1520: none box=None
DEBUG:__main__:[Stage4] frame 1521: none box=None
DEBUG:__main__:[Stage4] frame 1522: none box=None
DEBUG:__main__:[Stage4] frame 1523: none box=None
DEBUG:__main__:[Stage4] frame 1524: none box=None
DEBUG:__main__:[Stage4] frame 1525: none box=None
DEBUG:__main__:[Stage4] frame 1526: none box=None
DEBUG:__main__:[Stage4] frame 1527: none box=None
DEBUG:__main__:[Stage4] frame 1528: none box=None
DEBUG:__main__:[Stage4] frame 1529: none box=None
DEBUG:__main__:[Stage4] frame 1530: none box=None
DEBUG:__main__:[Stage4] frame 1531: none box=None
DEBUG:__main__:[Stage4] frame 1532: none box=None
DEBUG:__main__:[Stage4] frame 1533: none box=None
DEBUG:__main__:[Stage4] frame 1534: none box=None
DEBUG:__main__:[Stage4] frame 1535: none box=None
DEBUG:__main__:[Stage4] frame 1536: none box=None
DEBUG:__main__:[Stage4] frame 1537: none box=None
DEBUG:__main__:[Stage4] frame 1538: none box=None
DEBUG:__main__:[Stage4] frame 1539: none box=None
DEBUG:__main__:[Stage4] frame 1540: none box=None
DEBUG:__main__:[Stage4] frame 1541: none box=None
DEBUG:__main__:[Stage4] frame 1542: none box=None
DEBUG:__main__:[Stage4] frame 1543: none box=None
DEBUG:__main__:[Stage4] frame 1544: none box=None
DEBUG:__main__:[Stage4] frame 1545: none box=None
DEBUG:__main__:[Stage4] frame 1546: none box=None
DEBUG:__main__:[Stage4] frame 1547: none box=None
DEBUG:__main__:[Stage4] frame 1548: none box=None
DEBUG:__main__:[Stage4] frame 1549: none box=None
DEBUG:__main__:[Stage4] frame 1550: none box=None
DEBUG:__main__:[Stage4] frame 1551: none box=None
INFO:__main__:[Stage4] Helmet_0: backward_tracking recovered 2 frame(s) [1550, 1552) before the lock at frame 1552
DEBUG:__main__:[Stage4] frame 1552: detect box=Box(x1=270.0, y1=550.0, x2=288.0, y2=565.0, score=0.32831010222435)
DEBUG:__main__:[Stage4] frame 1553: track box=Box(x1=275.06480472162366, y1=543.0701296888292, x2=293.34992890432477, y2=557.7669488750398, score=1.0)
DEBUG:__main__:[Stage4] frame 1554: track box=Box(x1=277.261920299381, y1=540.9221215583384, x2=295.68971153721213, y2=555.6556322909892, score=1.0)
DEBUG:__main__:[Stage4] frame 1555: track box=Box(x1=282.6244902983308, y1=533.4353167638183, x2=300.73280111700296, y2=548.2147401198745, score=1.0)
DEBUG:__main__:[Stage4] frame 1556: track box=Box(x1=283.82005293667316, y1=530.3094758596271, x2=301.9681591540575, y2=544.9946782197803, score=1.0)
DEBUG:__main__:[Stage4] frame 1557: track box=Box(x1=286.5183024778962, y1=526.7694395277649, x2=304.55222312361, y2=541.4477693531662, score=1.0)
DEBUG:__main__:[Stage4] frame 1558: track box=Box(x1=288.9720523506403, y1=522.3594670910388, x2=307.32009150087833, y2=536.9052675385028, score=1.0)
DEBUG:__main__:[Stage4] frame 1559: track box=Box(x1=294.26144086942077, y1=514.8003286346793, x2=312.27759205922484, y2=529.5577221140265, score=1.0)
DEBUG:__main__:[Stage4] frame 1560: detect box=Box(x1=299.0, y1=511.0, x2=315.0, y2=525.0, score=0.2058754861354828)
DEBUG:__main__:[Stage4] frame 1561: track box=Box(x1=300.7518296390772, y1=507.9610863812268, x2=317.0935886055231, y2=522.0599321015179, score=1.0)
DEBUG:__main__:[Stage4] frame 1562: track box=Box(x1=301.757306817919, y1=505.65948747843504, x2=317.9613153375685, y2=519.9023877903819, score=1.0)
DEBUG:__main__:[Stage4] frame 1563: track box=Box(x1=307.37642043456435, y1=497.86592906340957, x2=323.6244958601892, y2=511.62019937857985, score=1.0)
DEBUG:__main__:[Stage4] frame 1564: track box=Box(x1=308.7583118341863, y1=493.2327933870256, x2=324.84555419906974, y2=507.07534509524703, score=1.0)
DEBUG:__main__:[Stage4] frame 1565: track box=Box(x1=312.5176315745339, y1=488.51526225730777, x2=328.8273899992928, y2=502.56524528190494, score=1.0)
DEBUG:__main__:[Stage4] frame 1566: track box=Box(x1=315.013124990277, y1=485.65142890345305, x2=331.1637296555564, y2=499.41248377691954, score=1.0)
DEBUG:__main__:[Stage4] frame 1567: track box=Box(x1=316.62341936212033, y1=482.6362969344482, x2=332.85491450410336, y2=496.23358029779047, score=1.0)
DEBUG:__main__:[Stage4] frame 1568: detect box=Box(x1=318.0, y1=479.0, x2=334.0, y2=494.0, score=0.061479948461055756)
DEBUG:__main__:[Stage4] frame 1569: track box=Box(x1=318.1619171202183, y1=476.5500626116991, x2=334.4771454632282, y2=491.3872879296541, score=1.0)
DEBUG:__main__:[Stage4] frame 1570: track box=Box(x1=318.5146700851619, y1=475.29132322221994, x2=334.7697337977588, y2=490.00137285143137, score=1.0)
DEBUG:__main__:[Stage4] frame 1571: track box=Box(x1=318.3637677170336, y1=472.78718603774905, x2=334.4749090410769, y2=487.7465065829456, score=1.0)
DEBUG:__main__:[Stage4] frame 1572: track box=Box(x1=319.2592709911987, y1=472.9239349551499, x2=335.3101102365181, y2=487.3947326131165, score=1.0)
DEBUG:__main__:[Stage4] frame 1573: track box=Box(x1=320.06711997371167, y1=470.6862276941538, x2=336.1983671961352, y2=485.5197627097368, score=1.0)
DEBUG:__main__:[Stage4] frame 1574: track box=Box(x1=321.0716726211831, y1=470.91454515606165, x2=337.1166240600869, y2=485.250658608973, score=1.0)
DEBUG:__main__:[Stage4] frame 1575: track box=Box(x1=319.63759233709425, y1=469.0797520801425, x2=335.3418196057901, y2=483.65172528475523, score=1.0)
DEBUG:__main__:[Stage4] frame 1576: detect box=Box(x1=321.0, y1=468.0, x2=338.0, y2=483.0, score=0.5987238883972168)
DEBUG:__main__:[Stage4] frame 1577: track box=Box(x1=320.74909710884094, y1=467.3351457118988, x2=338.0808765888214, y2=482.40099120140076, score=1.0)
DEBUG:__main__:[Stage4] frame 1578: track box=Box(x1=320.1610348857939, y1=467.35698065161705, x2=337.47089279070497, y2=482.38352259993553, score=1.0)
DEBUG:__main__:[Stage4] frame 1579: track box=Box(x1=320.5027444399893, y1=467.11089903861284, x2=337.80853045359254, y2=482.2257247045636, score=1.0)
DEBUG:__main__:[Stage4] frame 1580: track box=Box(x1=320.6119324567844, y1=466.59291552752256, x2=337.81107443600195, y2=481.57219486683607, score=1.0)
DEBUG:__main__:[Stage4] frame 1581: track box=Box(x1=319.5693241546978, y1=465.3283155374229, x2=336.93778087600367, y2=480.50877575203776, score=1.0)
DEBUG:__main__:[Stage4] frame 1582: track box=Box(x1=319.15928474842804, y1=466.2103336015716, x2=336.4568998593022, y2=481.23424489889294, score=1.0)
DEBUG:__main__:[Stage4] frame 1583: track box=Box(x1=320.4295070770313, y1=462.9107858929783, x2=337.8762750628521, y2=477.8066825065762, score=1.0)
DEBUG:__main__:[Stage4] frame 1584: detect box=Box(x1=321.0, y1=461.0, x2=338.0, y2=476.0, score=0.6814265251159668)
DEBUG:__main__:[Stage4] frame 1585: track box=Box(x1=323.25206685066223, y1=458.06683933734894, x2=340.58347630500793, y2=472.96749317646027, score=1.0)
DEBUG:__main__:[Stage4] frame 1586: track box=Box(x1=325.3351908568293, y1=455.9634334035218, x2=342.28576924838126, y2=471.2365514226258, score=1.0)
DEBUG:__main__:[Stage4] frame 1587: track box=Box(x1=325.5975906359963, y1=455.75816174969077, x2=342.69528401969, y2=470.8025681041181, score=1.0)
DEBUG:__main__:[Stage4] frame 1588: track box=Box(x1=329.49776053382084, y1=447.4055557139218, x2=346.22208744240925, y2=462.3760365135968, score=1.0)
DEBUG:__main__:[Stage4] frame 1589: track box=Box(x1=331.8797170217149, y1=445.68653504922986, x2=348.48775306297466, y2=460.508831191808, score=1.0)
DEBUG:__main__:[Stage4] frame 1590: track box=Box(x1=335.81808501435444, y1=441.4486462920904, x2=352.360931515228, y2=455.90566651523113, score=1.0)
DEBUG:__main__:[Stage4] frame 1591: track box=Box(x1=339.3481992702, y1=436.84799893945456, x2=356.2861395101063, y2=451.81051977723837, score=1.0)
DEBUG:__main__:[Stage4] frame 1592: detect box=Box(x1=340.0, y1=436.0, x2=357.0, y2=451.0, score=0.6518228054046631)
DEBUG:__main__:[Stage4] frame 1593: track box=Box(x1=344.121684551239, y1=428.83164525032043, x2=361.011935710907, y2=443.5897476673126, score=1.0)
DEBUG:__main__:[Stage4] frame 1594: track box=Box(x1=347.05705761909485, y1=424.5225203037262, x2=363.8568546772003, y2=439.57522416114807, score=1.0)
DEBUG:__main__:[Stage4] frame 1595: track box=Box(x1=353.8541820049286, y1=418.0152978897095, x2=370.8407542705536, y2=433.1164674758911, score=1.0)
DEBUG:__main__:[Stage4] frame 1596: track box=Box(x1=355.82990280352533, y1=414.7873428547755, x2=372.64683715067804, y2=429.5560500109568, score=1.0)
DEBUG:__main__:[Stage4] frame 1597: track box=Box(x1=358.44551113806665, y1=411.75306166056544, x2=375.246383940801, y2=426.7130950773135, score=1.0)
DEBUG:__main__:[Stage4] frame 1598: track box=Box(x1=362.23947600089014, y1=403.24357307795435, x2=378.8886039610952, y2=418.37994850520045, score=1.0)
DEBUG:__main__:[Stage4] frame 1599: track box=Box(x1=366.19785704277456, y1=397.44480884913355, x2=383.2170487847179, y2=412.5293425405398, score=1.0)
DEBUG:__main__:[Stage4] frame 1600: detect box=Box(x1=372.0, y1=392.0, x2=389.0, y2=407.0, score=0.4218684732913971)
DEBUG:__main__:[Stage4] frame 1601: track box=Box(x1=374.8866946697235, y1=388.4612944275141, x2=391.85140109062195, y2=402.82416750490665, score=1.0)
DEBUG:__main__:[Stage4] frame 1602: track box=Box(x1=376.68186581879854, y1=385.38426044024527, x2=393.81850511580706, y2=400.1394800785929, score=1.0)
DEBUG:__main__:[Stage4] frame 1603: track box=Box(x1=380.380811907351, y1=375.4293869677931, x2=397.79206297546625, y2=390.2681244555861, score=1.0)
DEBUG:__main__:[Stage4] frame 1604: track box=Box(x1=383.57046208530664, y1=370.27293685264885, x2=400.67836812883615, y2=384.8231333810836, score=1.0)
DEBUG:__main__:[Stage4] frame 1605: track box=Box(x1=387.7308459058404, y1=361.88679048605263, x2=405.26083705574274, y2=376.20999452658, score=1.0)
DEBUG:__main__:[Stage4] frame 1606: track box=Box(x1=390.551213003695, y1=358.35125795193017, x2=407.7550284639001, y2=372.59467759914696, score=1.0)
DEBUG:__main__:[Stage4] frame 1607: track box=Box(x1=391.67097805440426, y1=354.34985631145537, x2=408.8500386327505, y2=368.6070905867964, score=1.0)
DEBUG:__main__:[Stage4] frame 1608: detect box=Box(x1=395.0, y1=344.0, x2=412.0, y2=358.0, score=0.4165216386318207)
DEBUG:__main__:[Stage4] frame 1609: track box=Box(x1=398.00803299993277, y1=337.88277639076114, x2=415.253969989717, y2=351.92580438777804, score=1.0)
DEBUG:__main__:[Stage4] frame 1610: track box=Box(x1=401.1181058958173, y1=330.6466656429693, x2=417.97810000926256, y2=344.51026857923716, score=1.0)
DEBUG:__main__:[Stage4] frame 1611: track box=Box(x1=403.04335698485374, y1=324.6338871149346, x2=420.16046556830406, y2=338.52542227786034, score=1.0)
DEBUG:__main__:[Stage4] frame 1612: track box=Box(x1=404.7162041515112, y1=320.9408671041019, x2=421.4174594730139, y2=334.64584664301947, score=1.0)
DEBUG:__main__:[Stage4] frame 1613: track box=Box(x1=406.45095486938953, y1=311.31706443661824, x2=423.6056087166071, y2=325.2012666785158, score=1.0)
DEBUG:__main__:[Stage4] frame 1614: track box=Box(x1=408.99430034309626, y1=304.8322486230172, x2=426.05021534115076, y2=318.78431218350306, score=1.0)
DEBUG:__main__:[Stage4] frame 1615: track box=Box(x1=412.01594680547714, y1=295.7495256238617, x2=429.1372534632683, y2=309.5641761594452, score=1.0)
DEBUG:__main__:[Stage4] frame 1616: detect box=Box(x1=416.0, y1=290.0, x2=432.0, y2=305.0, score=0.48598039150238037)
DEBUG:__main__:[Stage4] frame 1617: track box=Box(x1=417.02941178902984, y1=286.2012448385358, x2=433.1150690279901, y2=300.9080342128873, score=1.0)
DEBUG:__main__:[Stage4] frame 1618: track box=Box(x1=419.12251192703843, y1=275.4631189350039, x2=435.21017212048173, y2=289.9252891782671, score=1.0)
DEBUG:__main__:[Stage4] frame 1619: track box=Box(x1=422.3388955928385, y1=268.42839795537293, x2=438.36419812217355, y2=283.1338199991733, score=1.0)
DEBUG:__main__:[Stage4] frame 1620: track box=Box(x1=426.11113007739186, y1=259.66960711218417, x2=442.0618280954659, y2=274.4162375424057, score=1.0)
DEBUG:__main__:[Stage4] frame 1621: track box=Box(x1=427.9328580610454, y1=255.12507800199091, x2=443.71067376062274, y2=269.8360248003155, score=1.0)
DEBUG:__main__:[Stage4] frame 1622: track box=Box(x1=429.5653830692172, y1=250.52048679627478, x2=445.5941056534648, y2=265.25930341519415, score=1.0)
DEBUG:__main__:[Stage4] frame 1623: track box=Box(x1=431.9830548539758, y1=240.19275670312345, x2=448.1780541911721, y2=254.92289786599576, score=1.0)
DEBUG:__main__:[Stage4] frame 1624: detect box=Box(x1=435.0, y1=233.0, x2=452.0, y2=248.0, score=0.49324774742126465)
DEBUG:__main__:[Stage4] frame 1625: track box=Box(x1=438.23529028892517, y1=224.548508644104, x2=455.59248328208923, y2=239.48069858551025, score=1.0)
DEBUG:__main__:[Stage4] frame 1626: track box=Box(x1=440.50846469402313, y1=218.18529129959643, x2=457.62666088342667, y2=233.06546212173998, score=1.0)
DEBUG:__main__:[Stage4] frame 1627: track box=Box(x1=440.48489348962903, y1=213.94184494949877, x2=457.74815337732434, y2=228.80631638504565, score=1.0)
DEBUG:__main__:[Stage4] frame 1628: track box=Box(x1=443.2193736732006, y1=204.238703886047, x2=460.01174107193947, y2=219.06910542584956, score=1.0)
DEBUG:__main__:[Stage4] frame 1629: track box=Box(x1=445.7442817091942, y1=197.01033000089228, x2=462.8527030348778, y2=211.79554347135127, score=1.0)
DEBUG:__main__:[Stage4] frame 1630: tracker.update rejected (conf=0.399 threshold=0.400, track_age=6 max=30, box_is_none=False) -- try re-detect
DEBUG:__main__:[Stage4] frame 1630: none box=None
DEBUG:__main__:[Stage4] frame 1631: none box=None
INFO:__main__:[Stage4] Helmet_0: backward_tracking recovered 2 frame(s) [1630, 1632) before the lock at frame 1632
DEBUG:__main__:[Stage4] frame 1632: detect box=Box(x1=453.0, y1=180.0, x2=470.0, y2=195.0, score=0.543774425983429)
DEBUG:__main__:[Stage4] frame 1633: track box=Box(x1=454.43738400936127, y1=169.87382102012634, x2=471.7604469060898, y2=185.03913474082947, score=1.0)
DEBUG:__main__:[Stage4] frame 1634: track box=Box(x1=457.3632933348417, y1=162.96671259216964, x2=474.6917478889227, y2=178.2038305979222, score=1.0)
DEBUG:__main__:[Stage4] frame 1635: track box=Box(x1=461.62582550989464, y1=155.03593541798182, x2=479.3797636483796, y2=170.050036982866, score=1.0)
DEBUG:__main__:[Stage4] frame 1636: track box=Box(x1=462.5833065942861, y1=149.1794109728653, x2=480.25703482190147, y2=164.24493948486634, score=1.0)
DEBUG:__main__:[Stage4] frame 1637: track box=Box(x1=465.12766564497724, y1=145.14873179164715, x2=482.5138371051289, y2=160.05123528209515, score=1.0)
DEBUG:__main__:[Stage4] frame 1638: track box=Box(x1=467.41652377927676, y1=135.49551278841682, x2=484.5673144706525, y2=150.67853004229255, score=1.0)
DEBUG:__main__:[Stage4] frame 1639: track box=Box(x1=469.7218000055291, y1=128.3060106264893, x2=486.9259785772301, y2=143.41542389267124, score=1.0)
DEBUG:__main__:[Stage4] frame 1640: detect box=Box(x1=472.0, y1=120.0, x2=488.0, y2=135.0, score=0.5830550193786621)
DEBUG:__main__:[Stage4] frame 1641: track box=Box(x1=472.38398136012256, y1=115.11204572021961, x2=488.75222517363727, y2=130.33883829414845, score=1.0)
DEBUG:__main__:[Stage4] frame 1642: track box=Box(x1=473.8410857450217, y1=110.01694114506245, x2=489.87827904336154, y2=124.9083367139101, score=1.0)
DEBUG:__main__:[Stage4] frame 1643: track box=Box(x1=475.3536637928337, y1=101.41197149455547, x2=491.3634563591331, y2=116.29080800712109, score=1.0)
DEBUG:__main__:[Stage4] frame 1644: track box=Box(x1=477.44777072034776, y1=94.33072443678975, x2=493.5454456862062, y2=109.17624612525105, score=1.0)
DEBUG:__main__:[Stage4] frame 1645: track box=Box(x1=479.9902872350067, y1=84.67249339446425, x2=496.14818387292325, y2=99.8158307634294, score=1.0)
DEBUG:__main__:[Stage4] frame 1646: track box=Box(x1=481.177370082587, y1=79.47034475579858, x2=497.43028588220477, y2=94.6130035854876, score=1.0)
DEBUG:__main__:[Stage4] frame 1647: track box=Box(x1=482.7303784061223, y1=75.29262420535088, x2=498.87207587249577, y2=90.29576632380486, score=1.0)
DEBUG:__main__:[Stage4] frame 1648: detect box=Box(x1=485.0, y1=67.0, x2=501.0, y2=83.0, score=0.726268470287323)
DEBUG:__main__:[Stage4] frame 1649: track box=Box(x1=486.0599390268326, y1=59.501833379268646, x2=502.30093252658844, y2=75.20821231603622, score=1.0)
DEBUG:__main__:[Stage4] frame 1650: track box=Box(x1=488.797727227211, y1=50.53770798444748, x2=504.7726608514786, y2=66.16125077009201, score=1.0)
DEBUG:__main__:[Stage4] frame 1651: track box=Box(x1=490.3879599571228, y1=45.43429607152939, x2=506.5973219871521, y2=61.38336223363876, score=1.0)
DEBUG:__main__:[Stage4] frame 1652: track box=Box(x1=492.826474186033, y1=40.77946211397648, x2=508.93317538127303, y2=56.449905291199684, score=1.0)
DEBUG:__main__:[Stage4] frame 1653: track box=Box(x1=493.090121652931, y1=31.850334003567696, x2=509.80332508310676, y2=47.896617725491524, score=1.0)
DEBUG:__main__:[Stage4] frame 1654: track box=Box(x1=493.6912679458037, y1=25.295738119632006, x2=510.05906508211046, y2=41.382607121020555, score=1.0)
DEBUG:__main__:[Stage4] frame 1655: track box=Box(x1=494.47041158843786, y1=17.06599412485957, x2=511.2160587804392, y2=32.97787992283702, score=1.0)
DEBUG:__main__:[Stage4] frame 1656: detect box=Box(x1=495.0, y1=13.0, x2=512.0, y2=29.0, score=0.8220059275627136)
DEBUG:__main__:[Stage4] frame 1657: track box=Box(x1=496.20882530510426, y1=8.909637071192265, x2=513.189713910222, y2=24.54669926315546, score=1.0)
DEBUG:__main__:[Stage4] frame 1658: track box=Box(x1=496.7929906360805, y1=0.2055671364068985, x2=514.1247915737331, y2=16.092916265130043, score=1.0)
DEBUG:__main__:[Stage4] frame 1659: track box=Box(x1=497.2053747139871, y1=0.0, x2=514.747080322355, y2=10.531360149383545, score=1.0)
DEBUG:__main__:[Stage4] frame 1660: track box=Box(x1=496.3640274256468, y1=0.0, x2=512.5894348472357, y2=10.0, score=1.0)
DEBUG:__main__:[Stage4] frame 1661: tracker.update rejected (conf=0.136 threshold=0.400, track_age=5 max=30, box_is_none=False) -- try re-detect
DEBUG:__main__:[Stage4] frame 1661: none box=None
DEBUG:__main__:[Stage4] frame 1662: none box=None
DEBUG:__main__:[Stage4] frame 1663: none box=None
DEBUG:__main__:[Stage4] frame 1664: none box=None
DEBUG:__main__:[Stage4] frame 1665: none box=None
DEBUG:__main__:[Stage4] frame 1666: none box=None
DEBUG:__main__:[Stage4] frame 1667: none box=None
DEBUG:__main__:[Stage4] frame 1668: none box=None
DEBUG:__main__:[Stage4] frame 1669: none box=None
DEBUG:__main__:[Stage4] frame 1670: none box=None
DEBUG:__main__:[Stage4] frame 1671: none box=None
DEBUG:__main__:[Stage4] frame 1672: none box=None
DEBUG:__main__:[Stage4] frame 1673: none box=None
DEBUG:__main__:[Stage4] frame 1674: none box=None
DEBUG:__main__:[Stage4] frame 1675: none box=None
DEBUG:__main__:[Stage4] frame 1676: none box=None
DEBUG:__main__:[Stage4] frame 1677: none box=None
DEBUG:__main__:[Stage4] frame 1678: none box=None
DEBUG:__main__:[Stage4] frame 1679: none box=None
DEBUG:__main__:[Stage4] frame 1680: none box=None
DEBUG:__main__:[Stage4] frame 1681: none box=None
DEBUG:__main__:[Stage4] frame 1682: none box=None
DEBUG:__main__:[Stage4] frame 1683: none box=None
DEBUG:__main__:[Stage4] frame 1684: none box=None
DEBUG:__main__:[Stage4] frame 1685: none box=None
DEBUG:__main__:[Stage4] frame 1686: none box=None
DEBUG:__main__:[Stage4] frame 1687: none box=None
DEBUG:__main__:[Stage4] frame 1688: none box=None
DEBUG:__main__:[Stage4] frame 1689: none box=None
DEBUG:__main__:[Stage4] frame 1690: none box=None
DEBUG:__main__:[Stage4] frame 1691: none box=None
DEBUG:__main__:[Stage4] frame 1692: none box=None
DEBUG:__main__:[Stage4] frame 1693: none box=None
DEBUG:__main__:[Stage4] frame 1694: none box=None
DEBUG:__main__:[Stage4] frame 1695: none box=None
DEBUG:__main__:[Stage4] frame 1696: none box=None
DEBUG:__main__:[Stage4] frame 1697: none box=None
DEBUG:__main__:[Stage4] frame 1698: none box=None
DEBUG:__main__:[Stage4] frame 1699: none box=None
DEBUG:__main__:[Stage4] frame 1700: none box=None
DEBUG:__main__:[Stage4] frame 1701: none box=None
DEBUG:__main__:[Stage4] frame 1702: none box=None
DEBUG:__main__:[Stage4] frame 1703: none box=None
DEBUG:__main__:[Stage4] frame 1704: none box=None
DEBUG:__main__:[Stage4] frame 1705: none box=None
DEBUG:__main__:[Stage4] frame 1706: none box=None
DEBUG:__main__:[Stage4] frame 1707: none box=None
DEBUG:__main__:[Stage4] frame 1708: none box=None
DEBUG:__main__:[Stage4] frame 1709: none box=None
DEBUG:__main__:[Stage4] frame 1710: none box=None
DEBUG:__main__:[Stage4] frame 1711: none box=None
DEBUG:__main__:[Stage4] frame 1712: none box=None
DEBUG:__main__:[Stage4] frame 1713: none box=None
DEBUG:__main__:[Stage4] frame 1714: none box=None
DEBUG:__main__:[Stage4] frame 1715: none box=None
DEBUG:__main__:[Stage4] frame 1716: none box=None
DEBUG:__main__:[Stage4] frame 1717: none box=None
DEBUG:__main__:[Stage4] frame 1718: none box=None
DEBUG:__main__:[Stage4] frame 1719: none box=None
DEBUG:__main__:[Stage4] frame 1720: none box=None
DEBUG:__main__:[Stage4] frame 1721: none box=None
DEBUG:__main__:[Stage4] frame 1722: none box=None
DEBUG:__main__:[Stage4] frame 1723: none box=None
DEBUG:__main__:[Stage4] frame 1724: none box=None
DEBUG:__main__:[Stage4] frame 1725: none box=None
DEBUG:__main__:[Stage4] frame 1726: none box=None
DEBUG:__main__:[Stage4] frame 1727: none box=None
DEBUG:__main__:[Stage4] frame 1728: none box=None
DEBUG:__main__:[Stage4] frame 1729: none box=None
DEBUG:__main__:[Stage4] frame 1730: none box=None
DEBUG:__main__:[Stage4] frame 1731: none box=None
DEBUG:__main__:[Stage4] frame 1732: none box=None
DEBUG:__main__:[Stage4] frame 1733: none box=None
DEBUG:__main__:[Stage4] frame 1734: none box=None
DEBUG:__main__:[Stage4] frame 1735: none box=None
DEBUG:__main__:[Stage4] frame 1736: none box=None
DEBUG:__main__:[Stage4] frame 1737: none box=None
DEBUG:__main__:[Stage4] frame 1738: none box=None
DEBUG:__main__:[Stage4] frame 1739: none box=None
DEBUG:__main__:[Stage4] frame 1740: none box=None
DEBUG:__main__:[Stage4] frame 1741: none box=None
DEBUG:__main__:[Stage4] frame 1742: none box=None
DEBUG:__main__:[Stage4] frame 1743: none box=None
DEBUG:__main__:[Stage4] frame 1744: none box=None
DEBUG:__main__:[Stage4] frame 1745: none box=None
DEBUG:__main__:[Stage4] frame 1746: none box=None
DEBUG:__main__:[Stage4] frame 1747: none box=None
DEBUG:__main__:[Stage4] frame 1748: none box=None
DEBUG:__main__:[Stage4] frame 1749: none box=None
DEBUG:__main__:[Stage4] frame 1750: none box=None
DEBUG:__main__:[Stage4] frame 1751: none box=None
DEBUG:__main__:[Stage4] frame 1752: none box=None
DEBUG:__main__:[Stage4] frame 1753: none box=None
DEBUG:__main__:[Stage4] frame 1754: none box=None
DEBUG:__main__:[Stage4] frame 1755: none box=None
DEBUG:__main__:[Stage4] frame 1756: none box=None
DEBUG:__main__:[Stage4] frame 1757: none box=None
DEBUG:__main__:[Stage4] frame 1758: none box=None
DEBUG:__main__:[Stage4] frame 1759: none box=None
DEBUG:__main__:[Stage4] frame 1760: none box=None
DEBUG:__main__:[Stage4] frame 1761: none box=None
DEBUG:__main__:[Stage4] frame 1762: none box=None
DEBUG:__main__:[Stage4] frame 1763: none box=None
DEBUG:__main__:[Stage4] frame 1764: none box=None
DEBUG:__main__:[Stage4] frame 1765: none box=None
DEBUG:__main__:[Stage4] frame 1766: none box=None
DEBUG:__main__:[Stage4] frame 1767: none box=None
DEBUG:__main__:[Stage4] frame 1768: none box=None
DEBUG:__main__:[Stage4] frame 1769: none box=None
DEBUG:__main__:[Stage4] frame 1770: none box=None
DEBUG:__main__:[Stage4] frame 1771: none box=None
DEBUG:__main__:[Stage4] frame 1772: none box=None
DEBUG:__main__:[Stage4] frame 1773: none box=None
DEBUG:__main__:[Stage4] frame 1774: none box=None
DEBUG:__main__:[Stage4] frame 1775: none box=None
DEBUG:__main__:[Stage4] frame 1776: none box=None
DEBUG:__main__:[Stage4] frame 1777: none box=None
DEBUG:__main__:[Stage4] frame 1778: none box=None
DEBUG:__main__:[Stage4] frame 1779: none box=None
DEBUG:__main__:[Stage4] frame 1780: none box=None
DEBUG:__main__:[Stage4] frame 1781: none box=None
DEBUG:__main__:[Stage4] frame 1782: none box=None
DEBUG:__main__:[Stage4] frame 1783: none box=None
DEBUG:__main__:[Stage4] frame 1784: none box=None
DEBUG:__main__:[Stage4] frame 1785: none box=None
DEBUG:__main__:[Stage4] frame 1786: none box=None
DEBUG:__main__:[Stage4] frame 1787: none box=None
DEBUG:__main__:[Stage4] frame 1788: none box=None
DEBUG:__main__:[Stage4] frame 1789: none box=None
DEBUG:__main__:[Stage4] frame 1790: none box=None
DEBUG:__main__:[Stage4] frame 1791: none box=None
DEBUG:__main__:[Stage4] frame 1792: none box=None
DEBUG:__main__:[Stage4] frame 1793: none box=None
DEBUG:__main__:[Stage4] frame 1794: none box=None
DEBUG:__main__:[Stage4] frame 1795: none box=None
DEBUG:__main__:[Stage4] frame 1796: none box=None
DEBUG:__main__:[Stage4] frame 1797: none box=None
DEBUG:__main__:[Stage4] frame 1798: none box=None
DEBUG:__main__:[Stage4] frame 1799: none box=None
DEBUG:__main__:[Stage4] frame 1800: none box=None
DEBUG:__main__:[Stage4] frame 1801: none box=None
DEBUG:__main__:[Stage4] frame 1802: none box=None
DEBUG:__main__:[Stage4] frame 1803: none box=None
DEBUG:__main__:[Stage4] frame 1804: none box=None
DEBUG:__main__:[Stage4] frame 1805: none box=None
DEBUG:__main__:[Stage4] frame 1806: none box=None
DEBUG:__main__:[Stage4] frame 1807: none box=None
DEBUG:__main__:[Stage4] frame 1808: none box=None
DEBUG:__main__:[Stage4] frame 1809: none box=None
DEBUG:__main__:[Stage4] frame 1810: none box=None
DEBUG:__main__:[Stage4] frame 1811: none box=None
DEBUG:__main__:[Stage4] frame 1812: none box=None
DEBUG:__main__:[Stage4] frame 1813: none box=None
DEBUG:__main__:[Stage4] frame 1814: none box=None
DEBUG:__main__:[Stage4] frame 1815: none box=None
DEBUG:__main__:[Stage4] frame 1816: none box=None
DEBUG:__main__:[Stage4] frame 1817: none box=None
DEBUG:__main__:[Stage4] frame 1818: none box=None
DEBUG:__main__:[Stage4] frame 1819: none box=None
DEBUG:__main__:[Stage4] frame 1820: none box=None
DEBUG:__main__:[Stage4] frame 1821: none box=None
DEBUG:__main__:[Stage4] frame 1822: none box=None
DEBUG:__main__:[Stage4] frame 1823: none box=None
DEBUG:__main__:[Stage4] frame 1824: none box=None
DEBUG:__main__:[Stage4] frame 1825: none box=None
DEBUG:__main__:[Stage4] frame 1826: none box=None
DEBUG:__main__:[Stage4] frame 1827: none box=None
DEBUG:__main__:[Stage4] frame 1828: none box=None
DEBUG:__main__:[Stage4] frame 1829: none box=None
DEBUG:__main__:[Stage4] frame 1830: none box=None
DEBUG:__main__:[Stage4] frame 1831: none box=None
DEBUG:__main__:[Stage4] frame 1832: none box=None
DEBUG:__main__:[Stage4] frame 1833: none box=None
DEBUG:__main__:[Stage4] frame 1834: none box=None
DEBUG:__main__:[Stage4] frame 1835: none box=None
DEBUG:__main__:[Stage4] frame 1836: none box=None
DEBUG:__main__:[Stage4] frame 1837: none box=None
DEBUG:__main__:[Stage4] frame 1838: none box=None
DEBUG:__main__:[Stage4] frame 1839: none box=None
DEBUG:__main__:[Stage4] frame 1840: none box=None
DEBUG:__main__:[Stage4] frame 1841: none box=None
DEBUG:__main__:[Stage4] frame 1842: none box=None
DEBUG:__main__:[Stage4] frame 1843: none box=None
DEBUG:__main__:[Stage4] frame 1844: none box=None
DEBUG:__main__:[Stage4] frame 1845: none box=None
DEBUG:__main__:[Stage4] frame 1846: none box=None
DEBUG:__main__:[Stage4] frame 1847: none box=None
DEBUG:__main__:[Stage4] frame 1848: none box=None
DEBUG:__main__:[Stage4] frame 1849: none box=None
DEBUG:__main__:[Stage4] frame 1850: none box=None
DEBUG:__main__:[Stage4] frame 1851: none box=None
DEBUG:__main__:[Stage4] frame 1852: none box=None
DEBUG:__main__:[Stage4] frame 1853: none box=None
DEBUG:__main__:[Stage4] frame 1854: none box=None
DEBUG:__main__:[Stage4] frame 1855: none box=None
DEBUG:__main__:[Stage4] frame 1856: none box=None
DEBUG:__main__:[Stage4] frame 1857: none box=None
DEBUG:__main__:[Stage4] frame 1858: none box=None
DEBUG:__main__:[Stage4] frame 1859: none box=None
DEBUG:__main__:[Stage4] frame 1860: none box=None
DEBUG:__main__:[Stage4] frame 1861: none box=None
DEBUG:__main__:[Stage4] frame 1862: none box=None
DEBUG:__main__:[Stage4] frame 1863: none box=None
DEBUG:__main__:[Stage4] frame 1864: none box=None
DEBUG:__main__:[Stage4] frame 1865: none box=None
DEBUG:__main__:[Stage4] frame 1866: none box=None
DEBUG:__main__:[Stage4] frame 1867: none box=None
DEBUG:__main__:[Stage4] frame 1868: none box=None
DEBUG:__main__:[Stage4] frame 1869: none box=None
DEBUG:__main__:[Stage4] frame 1870: none box=None
DEBUG:__main__:[Stage4] frame 1871: none box=None
DEBUG:__main__:[Stage4] frame 1872: none box=None
DEBUG:__main__:[Stage4] frame 1873: none box=None
DEBUG:__main__:[Stage4] frame 1874: none box=None
DEBUG:__main__:[Stage4] frame 1875: none box=None
DEBUG:__main__:[Stage4] frame 1876: none box=None
DEBUG:__main__:[Stage4] frame 1877: none box=None
DEBUG:__main__:[Stage4] frame 1878: none box=None
DEBUG:__main__:[Stage4] frame 1879: none box=None
DEBUG:__main__:[Stage4] frame 1880: none box=None
DEBUG:__main__:[Stage4] frame 1881: none box=None
DEBUG:__main__:[Stage4] frame 1882: none box=None
DEBUG:__main__:[Stage4] frame 1883: none box=None
DEBUG:__main__:[Stage4] frame 1884: none box=None
DEBUG:__main__:[Stage4] frame 1885: none box=None
DEBUG:__main__:[Stage4] frame 1886: none box=None
DEBUG:__main__:[Stage4] frame 1887: none box=None
DEBUG:__main__:[Stage4] frame 1888: none box=None
DEBUG:__main__:[Stage4] frame 1889: none box=None
DEBUG:__main__:[Stage4] frame 1890: none box=None
DEBUG:__main__:[Stage4] frame 1891: none box=None
DEBUG:__main__:[Stage4] frame 1892: none box=None
DEBUG:__main__:[Stage4] frame 1893: none box=None
DEBUG:__main__:[Stage4] frame 1894: none box=None
DEBUG:__main__:[Stage4] frame 1895: none box=None
DEBUG:__main__:[Stage4] frame 1896: none box=None
DEBUG:__main__:[Stage4] frame 1897: none box=None
DEBUG:__main__:[Stage4] frame 1898: none box=None
DEBUG:__main__:[Stage4] frame 1899: none box=None
DEBUG:__main__:[Stage4] frame 1900: none box=None
DEBUG:__main__:[Stage4] frame 1901: none box=None
DEBUG:__main__:[Stage4] frame 1902: none box=None
DEBUG:__main__:[Stage4] frame 1903: none box=None
DEBUG:__main__:[Stage4] frame 1904: none box=None
DEBUG:__main__:[Stage4] frame 1905: none box=None
DEBUG:__main__:[Stage4] frame 1906: none box=None
DEBUG:__main__:[Stage4] frame 1907: none box=None
DEBUG:__main__:[Stage4] frame 1908: none box=None
DEBUG:__main__:[Stage4] frame 1909: none box=None
DEBUG:__main__:[Stage4] frame 1910: none box=None
DEBUG:__main__:[Stage4] frame 1911: none box=None
DEBUG:__main__:[Stage4] frame 1912: none box=None
DEBUG:__main__:[Stage4] frame 1913: none box=None
DEBUG:__main__:[Stage4] frame 1914: none box=None
DEBUG:__main__:[Stage4] frame 1915: none box=None
DEBUG:__main__:[Stage4] frame 1916: none box=None
DEBUG:__main__:[Stage4] frame 1917: none box=None
DEBUG:__main__:[Stage4] frame 1918: none box=None
DEBUG:__main__:[Stage4] frame 1919: none box=None
DEBUG:__main__:[Stage4] frame 1920: none box=None
DEBUG:__main__:[Stage4] frame 1921: none box=None
DEBUG:__main__:[Stage4] frame 1922: none box=None
DEBUG:__main__:[Stage4] frame 1923: none box=None
DEBUG:__main__:[Stage4] frame 1924: none box=None
DEBUG:__main__:[Stage4] frame 1925: none box=None
DEBUG:__main__:[Stage4] frame 1926: none box=None
DEBUG:__main__:[Stage4] frame 1927: none box=None
DEBUG:__main__:[Stage4] frame 1928: none box=None
DEBUG:__main__:[Stage4] frame 1929: none box=None
DEBUG:__main__:[Stage4] frame 1930: none box=None
DEBUG:__main__:[Stage4] frame 1931: none box=None
DEBUG:__main__:[Stage4] frame 1932: none box=None
DEBUG:__main__:[Stage4] frame 1933: none box=None
DEBUG:__main__:[Stage4] frame 1934: none box=None
DEBUG:__main__:[Stage4] frame 1935: none box=None
DEBUG:__main__:[Stage4] frame 1936: none box=None
DEBUG:__main__:[Stage4] frame 1937: none box=None
DEBUG:__main__:[Stage4] frame 1938: none box=None
DEBUG:__main__:[Stage4] frame 1939: none box=None
DEBUG:__main__:[Stage4] frame 1940: none box=None
DEBUG:__main__:[Stage4] frame 1941: none box=None
DEBUG:__main__:[Stage4] frame 1942: none box=None
DEBUG:__main__:[Stage4] frame 1943: none box=None
DEBUG:__main__:[Stage4] frame 1944: none box=None
DEBUG:__main__:[Stage4] frame 1945: none box=None
DEBUG:__main__:[Stage4] frame 1946: none box=None
DEBUG:__main__:[Stage4] frame 1947: none box=None
DEBUG:__main__:[Stage4] frame 1948: none box=None
DEBUG:__main__:[Stage4] frame 1949: none box=None
DEBUG:__main__:[Stage4] frame 1950: none box=None
DEBUG:__main__:[Stage4] frame 1951: none box=None
DEBUG:__main__:[Stage4] frame 1952: none box=None
DEBUG:__main__:[Stage4] frame 1953: none box=None
DEBUG:__main__:[Stage4] frame 1954: none box=None
DEBUG:__main__:[Stage4] frame 1955: none box=None
DEBUG:__main__:[Stage4] frame 1956: none box=None
DEBUG:__main__:[Stage4] frame 1957: none box=None
DEBUG:__main__:[Stage4] frame 1958: none box=None
DEBUG:__main__:[Stage4] frame 1959: none box=None
DEBUG:__main__:[Stage4] frame 1960: none box=None
DEBUG:__main__:[Stage4] frame 1961: none box=None
DEBUG:__main__:[Stage4] frame 1962: none box=None
DEBUG:__main__:[Stage4] frame 1963: none box=None
DEBUG:__main__:[Stage4] frame 1964: none box=None
DEBUG:__main__:[Stage4] frame 1965: none box=None
DEBUG:__main__:[Stage4] frame 1966: none box=None
DEBUG:__main__:[Stage4] frame 1967: none box=None
DEBUG:__main__:[Stage4] frame 1968: none box=None
DEBUG:__main__:[Stage4] frame 1969: none box=None
DEBUG:__main__:[Stage4] frame 1970: none box=None
DEBUG:__main__:[Stage4] frame 1971: none box=None
DEBUG:__main__:[Stage4] frame 1972: none box=None
DEBUG:__main__:[Stage4] frame 1973: none box=None
DEBUG:__main__:[Stage4] frame 1974: none box=None
DEBUG:__main__:[Stage4] frame 1975: none box=None
DEBUG:__main__:[Stage4] frame 1976: none box=None
DEBUG:__main__:[Stage4] frame 1977: none box=None
DEBUG:__main__:[Stage4] frame 1978: none box=None
DEBUG:__main__:[Stage4] frame 1979: none box=None
DEBUG:__main__:[Stage4] frame 1980: none box=None
DEBUG:__main__:[Stage4] frame 1981: none box=None
DEBUG:__main__:[Stage4] frame 1982: none box=None
DEBUG:__main__:[Stage4] frame 1983: none box=None
DEBUG:__main__:[Stage4] frame 1984: none box=None
DEBUG:__main__:[Stage4] frame 1985: none box=None
DEBUG:__main__:[Stage4] frame 1986: none box=None
DEBUG:__main__:[Stage4] frame 1987: none box=None
DEBUG:__main__:[Stage4] frame 1988: none box=None
DEBUG:__main__:[Stage4] frame 1989: none box=None
DEBUG:__main__:[Stage4] frame 1990: none box=None
DEBUG:__main__:[Stage4] frame 1991: none box=None
DEBUG:__main__:[Stage4] frame 1992: none box=None
DEBUG:__main__:[Stage4] frame 1993: none box=None
DEBUG:__main__:[Stage4] frame 1994: none box=None
DEBUG:__main__:[Stage4] frame 1995: none box=None
DEBUG:__main__:[Stage4] frame 1996: none box=None
DEBUG:__main__:[Stage4] frame 1997: none box=None
DEBUG:__main__:[Stage4] frame 1998: none box=None
DEBUG:__main__:[Stage4] frame 1999: none box=None
DEBUG:__main__:[Stage4] frame 2000: none box=None
DEBUG:__main__:[Stage4] frame 2001: none box=None
DEBUG:__main__:[Stage4] frame 2002: none box=None
DEBUG:__main__:[Stage4] frame 2003: none box=None
DEBUG:__main__:[Stage4] frame 2004: none box=None
DEBUG:__main__:[Stage4] frame 2005: none box=None
DEBUG:__main__:[Stage4] frame 2006: none box=None
DEBUG:__main__:[Stage4] frame 2007: none box=None
DEBUG:__main__:[Stage4] frame 2008: none box=None
DEBUG:__main__:[Stage4] frame 2009: none box=None
DEBUG:__main__:[Stage4] frame 2010: none box=None
DEBUG:__main__:[Stage4] frame 2011: none box=None
DEBUG:__main__:[Stage4] frame 2012: none box=None
DEBUG:__main__:[Stage4] frame 2013: none box=None
DEBUG:__main__:[Stage4] frame 2014: none box=None
DEBUG:__main__:[Stage4] frame 2015: none box=None
DEBUG:__main__:[Stage4] frame 2016: none box=None
DEBUG:__main__:[Stage4] frame 2017: none box=None
DEBUG:__main__:[Stage4] frame 2018: none box=None
DEBUG:__main__:[Stage4] frame 2019: none box=None
DEBUG:__main__:[Stage4] frame 2020: none box=None
DEBUG:__main__:[Stage4] frame 2021: none box=None
DEBUG:__main__:[Stage4] frame 2022: none box=None
DEBUG:__main__:[Stage4] frame 2023: none box=None
DEBUG:__main__:[Stage4] frame 2024: none box=None
DEBUG:__main__:[Stage4] frame 2025: none box=None
DEBUG:__main__:[Stage4] frame 2026: none box=None
DEBUG:__main__:[Stage4] frame 2027: none box=None
DEBUG:__main__:[Stage4] frame 2028: none box=None
DEBUG:__main__:[Stage4] frame 2029: none box=None
DEBUG:__main__:[Stage4] frame 2030: none box=None
DEBUG:__main__:[Stage4] frame 2031: none box=None
DEBUG:__main__:[Stage4] frame 2032: none box=None
DEBUG:__main__:[Stage4] frame 2033: none box=None
DEBUG:__main__:[Stage4] frame 2034: none box=None
DEBUG:__main__:[Stage4] frame 2035: none box=None
DEBUG:__main__:[Stage4] frame 2036: none box=None
DEBUG:__main__:[Stage4] frame 2037: none box=None
DEBUG:__main__:[Stage4] frame 2038: none box=None
DEBUG:__main__:[Stage4] frame 2039: none box=None
DEBUG:__main__:[Stage4] frame 2040: none box=None
DEBUG:__main__:[Stage4] frame 2041: none box=None
DEBUG:__main__:[Stage4] frame 2042: none box=None
DEBUG:__main__:[Stage4] frame 2043: none box=None
DEBUG:__main__:[Stage4] frame 2044: none box=None
DEBUG:__main__:[Stage4] frame 2045: none box=None
DEBUG:__main__:[Stage4] frame 2046: none box=None
DEBUG:__main__:[Stage4] frame 2047: none box=None
DEBUG:__main__:[Stage4] frame 2048: none box=None
DEBUG:__main__:[Stage4] frame 2049: none box=None
DEBUG:__main__:[Stage4] frame 2050: none box=None
DEBUG:__main__:[Stage4] frame 2051: none box=None
DEBUG:__main__:[Stage4] frame 2052: none box=None
DEBUG:__main__:[Stage4] frame 2053: none box=None
DEBUG:__main__:[Stage4] frame 2054: none box=None
DEBUG:__main__:[Stage4] frame 2055: none box=None
DEBUG:__main__:[Stage4] frame 2056: none box=None
DEBUG:__main__:[Stage4] frame 2057: none box=None
DEBUG:__main__:[Stage4] frame 2058: none box=None
DEBUG:__main__:[Stage4] frame 2059: none box=None
DEBUG:__main__:[Stage4] frame 2060: none box=None
DEBUG:__main__:[Stage4] frame 2061: none box=None
DEBUG:__main__:[Stage4] frame 2062: none box=None
DEBUG:__main__:[Stage4] frame 2063: none box=None
DEBUG:__main__:[Stage4] frame 2064: none box=None
DEBUG:__main__:[Stage4] frame 2065: none box=None
DEBUG:__main__:[Stage4] frame 2066: none box=None
DEBUG:__main__:[Stage4] frame 2067: none box=None
DEBUG:__main__:[Stage4] frame 2068: none box=None
DEBUG:__main__:[Stage4] frame 2069: none box=None
DEBUG:__main__:[Stage4] frame 2070: none box=None
DEBUG:__main__:[Stage4] frame 2071: none box=None
DEBUG:__main__:[Stage4] frame 2072: none box=None
DEBUG:__main__:[Stage4] frame 2073: none box=None
DEBUG:__main__:[Stage4] frame 2074: none box=None
DEBUG:__main__:[Stage4] frame 2075: none box=None
DEBUG:__main__:[Stage4] frame 2076: none box=None
DEBUG:__main__:[Stage4] frame 2077: none box=None
DEBUG:__main__:[Stage4] frame 2078: none box=None
DEBUG:__main__:[Stage4] frame 2079: none box=None
DEBUG:__main__:[Stage4] frame 2080: none box=None
DEBUG:__main__:[Stage4] frame 2081: none box=None
DEBUG:__main__:[Stage4] frame 2082: none box=None
DEBUG:__main__:[Stage4] frame 2083: none box=None
DEBUG:__main__:[Stage4] frame 2084: none box=None
DEBUG:__main__:[Stage4] frame 2085: none box=None
DEBUG:__main__:[Stage4] frame 2086: none box=None
DEBUG:__main__:[Stage4] frame 2087: none box=None
DEBUG:__main__:[Stage4] frame 2088: none box=None
DEBUG:__main__:[Stage4] frame 2089: none box=None
DEBUG:__main__:[Stage4] frame 2090: none box=None
DEBUG:__main__:[Stage4] frame 2091: none box=None
DEBUG:__main__:[Stage4] frame 2092: none box=None
DEBUG:__main__:[Stage4] frame 2093: none box=None
DEBUG:__main__:[Stage4] frame 2094: none box=None
DEBUG:__main__:[Stage4] frame 2095: none box=None
DEBUG:__main__:[Stage4] frame 2096: none box=None
DEBUG:__main__:[Stage4] frame 2097: none box=None
DEBUG:__main__:[Stage4] frame 2098: none box=None
DEBUG:__main__:[Stage4] frame 2099: none box=None
DEBUG:__main__:[Stage4] frame 2100: none box=None
DEBUG:__main__:[Stage4] frame 2101: none box=None
DEBUG:__main__:[Stage4] frame 2102: none box=None
DEBUG:__main__:[Stage4] frame 2103: none box=None
DEBUG:__main__:[Stage4] frame 2104: none box=None
DEBUG:__main__:[Stage4] frame 2105: none box=None
DEBUG:__main__:[Stage4] frame 2106: none box=None
DEBUG:__main__:[Stage4] frame 2107: none box=None
DEBUG:__main__:[Stage4] frame 2108: none box=None
DEBUG:__main__:[Stage4] frame 2109: none box=None
DEBUG:__main__:[Stage4] frame 2110: none box=None
DEBUG:__main__:[Stage4] frame 2111: none box=None
DEBUG:__main__:[Stage4] frame 2112: none box=None
DEBUG:__main__:[Stage4] frame 2113: none box=None
DEBUG:__main__:[Stage4] frame 2114: none box=None
DEBUG:__main__:[Stage4] frame 2115: none box=None
DEBUG:__main__:[Stage4] frame 2116: none box=None
DEBUG:__main__:[Stage4] frame 2117: none box=None
DEBUG:__main__:[Stage4] frame 2118: none box=None
DEBUG:__main__:[Stage4] frame 2119: none box=None
DEBUG:__main__:[Stage4] frame 2120: none box=None
DEBUG:__main__:[Stage4] frame 2121: none box=None
DEBUG:__main__:[Stage4] frame 2122: none box=None
DEBUG:__main__:[Stage4] frame 2123: none box=None
DEBUG:__main__:[Stage4] frame 2124: none box=None
DEBUG:__main__:[Stage4] frame 2125: none box=None
DEBUG:__main__:[Stage4] frame 2126: none box=None
DEBUG:__main__:[Stage4] frame 2127: none box=None
DEBUG:__main__:[Stage4] frame 2128: none box=None
DEBUG:__main__:[Stage4] frame 2129: none box=None
DEBUG:__main__:[Stage4] frame 2130: none box=None
DEBUG:__main__:[Stage4] frame 2131: none box=None
DEBUG:__main__:[Stage4] frame 2132: none box=None
DEBUG:__main__:[Stage4] frame 2133: none box=None
DEBUG:__main__:[Stage4] frame 2134: none box=None
DEBUG:__main__:[Stage4] frame 2135: none box=None
DEBUG:__main__:[Stage4] frame 2136: none box=None
DEBUG:__main__:[Stage4] frame 2137: none box=None
DEBUG:__main__:[Stage4] frame 2138: none box=None
DEBUG:__main__:[Stage4] frame 2139: none box=None
DEBUG:__main__:[Stage4] frame 2140: none box=None
DEBUG:__main__:[Stage4] frame 2141: none box=None
DEBUG:__main__:[Stage4] frame 2142: none box=None
DEBUG:__main__:[Stage4] frame 2143: none box=None
DEBUG:__main__:[Stage4] frame 2144: none box=None
DEBUG:__main__:[Stage4] frame 2145: none box=None
DEBUG:__main__:[Stage4] frame 2146: none box=None
DEBUG:__main__:[Stage4] frame 2147: none box=None
DEBUG:__main__:[Stage4] frame 2148: none box=None
DEBUG:__main__:[Stage4] frame 2149: none box=None
DEBUG:__main__:[Stage4] frame 2150: none box=None
DEBUG:__main__:[Stage4] frame 2151: none box=None
DEBUG:__main__:[Stage4] frame 2152: none box=None
DEBUG:__main__:[Stage4] frame 2153: none box=None
DEBUG:__main__:[Stage4] frame 2154: none box=None
DEBUG:__main__:[Stage4] frame 2155: none box=None
DEBUG:__main__:[Stage4] frame 2156: none box=None
DEBUG:__main__:[Stage4] frame 2157: none box=None
DEBUG:__main__:[Stage4] frame 2158: none box=None
DEBUG:__main__:[Stage4] frame 2159: none box=None
DEBUG:__main__:[Stage4] frame 2160: none box=None
DEBUG:__main__:[Stage4] frame 2161: none box=None
DEBUG:__main__:[Stage4] frame 2162: none box=None
DEBUG:__main__:[Stage4] frame 2163: none box=None
DEBUG:__main__:[Stage4] frame 2164: none box=None
DEBUG:__main__:[Stage4] frame 2165: none box=None
DEBUG:__main__:[Stage4] frame 2166: none box=None
DEBUG:__main__:[Stage4] frame 2167: none box=None
DEBUG:__main__:[Stage4] frame 2168: none box=None
DEBUG:__main__:[Stage4] frame 2169: none box=None
DEBUG:__main__:[Stage4] frame 2170: none box=None
DEBUG:__main__:[Stage4] frame 2171: none box=None
DEBUG:__main__:[Stage4] frame 2172: none box=None
DEBUG:__main__:[Stage4] frame 2173: none box=None
DEBUG:__main__:[Stage4] frame 2174: none box=None
DEBUG:__main__:[Stage4] frame 2175: none box=None
DEBUG:__main__:[Stage4] frame 2176: none box=None
DEBUG:__main__:[Stage4] frame 2177: none box=None
DEBUG:__main__:[Stage4] frame 2178: none box=None
DEBUG:__main__:[Stage4] frame 2179: none box=None
DEBUG:__main__:[Stage4] frame 2180: none box=None
DEBUG:__main__:[Stage4] frame 2181: none box=None
DEBUG:__main__:[Stage4] frame 2182: none box=None
DEBUG:__main__:[Stage4] frame 2183: none box=None
DEBUG:__main__:[Stage4] frame 2184: none box=None
DEBUG:__main__:[Stage4] frame 2185: none box=None
DEBUG:__main__:[Stage4] frame 2186: none box=None
DEBUG:__main__:[Stage4] frame 2187: none box=None
DEBUG:__main__:[Stage4] frame 2188: none box=None
DEBUG:__main__:[Stage4] frame 2189: none box=None
DEBUG:__main__:[Stage4] frame 2190: none box=None
DEBUG:__main__:[Stage4] frame 2191: none box=None
DEBUG:__main__:[Stage4] frame 2192: none box=None
DEBUG:__main__:[Stage4] frame 2193: none box=None
DEBUG:__main__:[Stage4] frame 2194: none box=None
DEBUG:__main__:[Stage4] frame 2195: none box=None
DEBUG:__main__:[Stage4] frame 2196: none box=None
DEBUG:__main__:[Stage4] frame 2197: none box=None
DEBUG:__main__:[Stage4] frame 2198: none box=None
DEBUG:__main__:[Stage4] frame 2199: none box=None
DEBUG:__main__:[Stage4] frame 2200: none box=None
DEBUG:__main__:[Stage4] frame 2201: none box=None
DEBUG:__main__:[Stage4] frame 2202: none box=None
DEBUG:__main__:[Stage4] frame 2203: none box=None
DEBUG:__main__:[Stage4] frame 2204: none box=None
DEBUG:__main__:[Stage4] frame 2205: none box=None
DEBUG:__main__:[Stage4] frame 2206: none box=None
DEBUG:__main__:[Stage4] frame 2207: none box=None
DEBUG:__main__:[Stage4] frame 2208: none box=None
DEBUG:__main__:[Stage4] frame 2209: none box=None
DEBUG:__main__:[Stage4] frame 2210: none box=None
DEBUG:__main__:[Stage4] frame 2211: none box=None
DEBUG:__main__:[Stage4] frame 2212: none box=None
DEBUG:__main__:[Stage4] frame 2213: none box=None
DEBUG:__main__:[Stage4] frame 2214: none box=None
DEBUG:__main__:[Stage4] frame 2215: none box=None
DEBUG:__main__:[Stage4] frame 2216: none box=None
DEBUG:__main__:[Stage4] frame 2217: none box=None
DEBUG:__main__:[Stage4] frame 2218: none box=None
DEBUG:__main__:[Stage4] frame 2219: none box=None
DEBUG:__main__:[Stage4] frame 2220: none box=None
DEBUG:__main__:[Stage4] frame 2221: none box=None
DEBUG:__main__:[Stage4] frame 2222: none box=None
DEBUG:__main__:[Stage4] frame 2223: none box=None
DEBUG:__main__:[Stage4] frame 2224: none box=None
DEBUG:__main__:[Stage4] frame 2225: none box=None
DEBUG:__main__:[Stage4] frame 2226: none box=None
DEBUG:__main__:[Stage4] frame 2227: none box=None
DEBUG:__main__:[Stage4] frame 2228: none box=None
DEBUG:__main__:[Stage4] frame 2229: none box=None
DEBUG:__main__:[Stage4] frame 2230: none box=None
DEBUG:__main__:[Stage4] frame 2231: none box=None
DEBUG:__main__:[Stage4] frame 2232: none box=None
DEBUG:__main__:[Stage4] frame 2233: none box=None
DEBUG:__main__:[Stage4] frame 2234: none box=None
DEBUG:__main__:[Stage4] frame 2235: none box=None
DEBUG:__main__:[Stage4] frame 2236: none box=None
DEBUG:__main__:[Stage4] frame 2237: none box=None
DEBUG:__main__:[Stage4] frame 2238: none box=None
DEBUG:__main__:[Stage4] frame 2239: none box=None
DEBUG:__main__:[Stage4] frame 2240: none box=None
DEBUG:__main__:[Stage4] frame 2241: none box=None
DEBUG:__main__:[Stage4] frame 2242: none box=None
DEBUG:__main__:[Stage4] frame 2243: none box=None
DEBUG:__main__:[Stage4] frame 2244: none box=None
DEBUG:__main__:[Stage4] frame 2245: none box=None
DEBUG:__main__:[Stage4] frame 2246: none box=None
DEBUG:__main__:[Stage4] frame 2247: none box=None
DEBUG:__main__:[Stage4] frame 2248: none box=None
DEBUG:__main__:[Stage4] frame 2249: none box=None
DEBUG:__main__:[Stage4] frame 2250: none box=None
DEBUG:__main__:[Stage4] frame 2251: none box=None
DEBUG:__main__:[Stage4] frame 2252: none box=None
DEBUG:__main__:[Stage4] frame 2253: none box=None
DEBUG:__main__:[Stage4] frame 2254: none box=None
DEBUG:__main__:[Stage4] frame 2255: none box=None
DEBUG:__main__:[Stage4] frame 2256: none box=None
DEBUG:__main__:[Stage4] frame 2257: none box=None
DEBUG:__main__:[Stage4] frame 2258: none box=None
DEBUG:__main__:[Stage4] frame 2259: none box=None
DEBUG:__main__:[Stage4] frame 2260: none box=None
DEBUG:__main__:[Stage4] frame 2261: none box=None
DEBUG:__main__:[Stage4] frame 2262: none box=None
DEBUG:__main__:[Stage4] frame 2263: none box=None
DEBUG:__main__:[Stage4] frame 2264: none box=None
DEBUG:__main__:[Stage4] frame 2265: none box=None
DEBUG:__main__:[Stage4] frame 2266: none box=None
DEBUG:__main__:[Stage4] frame 2267: none box=None
DEBUG:__main__:[Stage4] frame 2268: none box=None
DEBUG:__main__:[Stage4] frame 2269: none box=None
DEBUG:__main__:[Stage4] frame 2270: none box=None
DEBUG:__main__:[Stage4] frame 2271: none box=None
DEBUG:__main__:[Stage4] frame 2272: none box=None
DEBUG:__main__:[Stage4] frame 2273: none box=None
DEBUG:__main__:[Stage4] frame 2274: none box=None
DEBUG:__main__:[Stage4] frame 2275: none box=None
DEBUG:__main__:[Stage4] frame 2276: none box=None
DEBUG:__main__:[Stage4] frame 2277: none box=None
DEBUG:__main__:[Stage4] frame 2278: none box=None
DEBUG:__main__:[Stage4] frame 2279: none box=None
DEBUG:__main__:[Stage4] frame 2280: none box=None
DEBUG:__main__:[Stage4] frame 2281: none box=None
DEBUG:__main__:[Stage4] frame 2282: none box=None
DEBUG:__main__:[Stage4] frame 2283: none box=None
DEBUG:__main__:[Stage4] frame 2284: none box=None
DEBUG:__main__:[Stage4] frame 2285: none box=None
DEBUG:__main__:[Stage4] frame 2286: none box=None
DEBUG:__main__:[Stage4] frame 2287: none box=None
DEBUG:__main__:[Stage4] frame 2288: none box=None
DEBUG:__main__:[Stage4] frame 2289: none box=None
DEBUG:__main__:[Stage4] frame 2290: none box=None
DEBUG:__main__:[Stage4] frame 2291: none box=None
DEBUG:__main__:[Stage4] frame 2292: none box=None
DEBUG:__main__:[Stage4] frame 2293: none box=None
DEBUG:__main__:[Stage4] frame 2294: none box=None
DEBUG:__main__:[Stage4] frame 2295: none box=None
DEBUG:__main__:[Stage4] frame 2296: none box=None
DEBUG:__main__:[Stage4] frame 2297: none box=None
DEBUG:__main__:[Stage4] frame 2298: none box=None
DEBUG:__main__:[Stage4] frame 2299: none box=None
DEBUG:__main__:[Stage4] frame 2300: none box=None
DEBUG:__main__:[Stage4] frame 2301: none box=None
DEBUG:__main__:[Stage4] frame 2302: none box=None
DEBUG:__main__:[Stage4] frame 2303: none box=None
DEBUG:__main__:[Stage4] frame 2304: none box=None
DEBUG:__main__:[Stage4] frame 2305: none box=None
DEBUG:__main__:[Stage4] frame 2306: none box=None
DEBUG:__main__:[Stage4] frame 2307: none box=None
DEBUG:__main__:[Stage4] frame 2308: none box=None
DEBUG:__main__:[Stage4] frame 2309: none box=None
DEBUG:__main__:[Stage4] frame 2310: none box=None
DEBUG:__main__:[Stage4] frame 2311: none box=None
DEBUG:__main__:[Stage4] frame 2312: none box=None
DEBUG:__main__:[Stage4] frame 2313: none box=None
DEBUG:__main__:[Stage4] frame 2314: none box=None
DEBUG:__main__:[Stage4] frame 2315: none box=None
DEBUG:__main__:[Stage4] frame 2316: none box=None
DEBUG:__main__:[Stage4] frame 2317: none box=None
DEBUG:__main__:[Stage4] frame 2318: none box=None
DEBUG:__main__:[Stage4] frame 2319: none box=None
DEBUG:__main__:[Stage4] frame 2320: none box=None
DEBUG:__main__:[Stage4] frame 2321: none box=None
DEBUG:__main__:[Stage4] frame 2322: none box=None
DEBUG:__main__:[Stage4] frame 2323: none box=None
DEBUG:__main__:[Stage4] frame 2324: none box=None
DEBUG:__main__:[Stage4] frame 2325: none box=None
DEBUG:__main__:[Stage4] frame 2326: none box=None
DEBUG:__main__:[Stage4] frame 2327: none box=None
DEBUG:__main__:[Stage4] frame 2328: none box=None
DEBUG:__main__:[Stage4] frame 2329: none box=None
DEBUG:__main__:[Stage4] frame 2330: none box=None
DEBUG:__main__:[Stage4] frame 2331: none box=None
DEBUG:__main__:[Stage4] frame 2332: none box=None
DEBUG:__main__:[Stage4] frame 2333: none box=None
DEBUG:__main__:[Stage4] frame 2334: none box=None
DEBUG:__main__:[Stage4] frame 2335: none box=None
DEBUG:__main__:[Stage4] frame 2336: none box=None
DEBUG:__main__:[Stage4] frame 2337: none box=None
DEBUG:__main__:[Stage4] frame 2338: none box=None
DEBUG:__main__:[Stage4] frame 2339: none box=None
DEBUG:__main__:[Stage4] frame 2340: none box=None
DEBUG:__main__:[Stage4] frame 2341: none box=None
DEBUG:__main__:[Stage4] frame 2342: none box=None
DEBUG:__main__:[Stage4] frame 2343: none box=None
DEBUG:__main__:[Stage4] frame 2344: none box=None
DEBUG:__main__:[Stage4] frame 2345: none box=None
DEBUG:__main__:[Stage4] frame 2346: none box=None
DEBUG:__main__:[Stage4] frame 2347: none box=None
DEBUG:__main__:[Stage4] frame 2348: none box=None
DEBUG:__main__:[Stage4] frame 2349: none box=None
DEBUG:__main__:[Stage4] frame 2350: none box=None
DEBUG:__main__:[Stage4] frame 2351: none box=None
DEBUG:__main__:[Stage4] frame 2352: none box=None
DEBUG:__main__:[Stage4] frame 2353: none box=None
DEBUG:__main__:[Stage4] frame 2354: none box=None
DEBUG:__main__:[Stage4] frame 2355: none box=None
DEBUG:__main__:[Stage4] frame 2356: none box=None
DEBUG:__main__:[Stage4] frame 2357: none box=None
DEBUG:__main__:[Stage4] frame 2358: none box=None
DEBUG:__main__:[Stage4] frame 2359: none box=None
DEBUG:__main__:[Stage4] frame 2360: none box=None
DEBUG:__main__:[Stage4] frame 2361: none box=None
DEBUG:__main__:[Stage4] frame 2362: none box=None
DEBUG:__main__:[Stage4] frame 2363: none box=None
DEBUG:__main__:[Stage4] frame 2364: none box=None
DEBUG:__main__:[Stage4] frame 2365: none box=None
DEBUG:__main__:[Stage4] frame 2366: none box=None
DEBUG:__main__:[Stage4] frame 2367: none box=None
DEBUG:__main__:[Stage4] frame 2368: none box=None
DEBUG:__main__:[Stage4] frame 2369: none box=None
DEBUG:__main__:[Stage4] frame 2370: none box=None
DEBUG:__main__:[Stage4] frame 2371: none box=None
DEBUG:__main__:[Stage4] frame 2372: none box=None
DEBUG:__main__:[Stage4] frame 2373: none box=None
DEBUG:__main__:[Stage4] frame 2374: none box=None
DEBUG:__main__:[Stage4] frame 2375: none box=None
DEBUG:__main__:[Stage4] frame 2376: none box=None
DEBUG:__main__:[Stage4] frame 2377: none box=None
DEBUG:__main__:[Stage4] frame 2378: none box=None
DEBUG:__main__:[Stage4] frame 2379: none box=None
DEBUG:__main__:[Stage4] frame 2380: none box=None
DEBUG:__main__:[Stage4] frame 2381: none box=None
DEBUG:__main__:[Stage4] frame 2382: none box=None
DEBUG:__main__:[Stage4] frame 2383: none box=None
DEBUG:__main__:[Stage4] frame 2384: none box=None
DEBUG:__main__:[Stage4] frame 2385: none box=None
DEBUG:__main__:[Stage4] frame 2386: none box=None
DEBUG:__main__:[Stage4] frame 2387: none box=None
DEBUG:__main__:[Stage4] frame 2388: none box=None
DEBUG:__main__:[Stage4] frame 2389: none box=None
DEBUG:__main__:[Stage4] frame 2390: none box=None
DEBUG:__main__:[Stage4] frame 2391: none box=None
DEBUG:__main__:[Stage4] frame 2392: none box=None
DEBUG:__main__:[Stage4] frame 2393: none box=None
DEBUG:__main__:[Stage4] frame 2394: none box=None
DEBUG:__main__:[Stage4] frame 2395: none box=None
DEBUG:__main__:[Stage4] frame 2396: none box=None
DEBUG:__main__:[Stage4] frame 2397: none box=None
DEBUG:__main__:[Stage4] frame 2398: none box=None
DEBUG:__main__:[Stage4] frame 2399: none box=None
DEBUG:__main__:[Stage4] frame 2400: none box=None
DEBUG:__main__:[Stage4] frame 2401: none box=None
DEBUG:__main__:[Stage4] frame 2402: none box=None
DEBUG:__main__:[Stage4] frame 2403: none box=None
DEBUG:__main__:[Stage4] frame 2404: none box=None
DEBUG:__main__:[Stage4] frame 2405: none box=None
DEBUG:__main__:[Stage4] frame 2406: none box=None
DEBUG:__main__:[Stage4] frame 2407: none box=None
DEBUG:__main__:[Stage4] frame 2408: none box=None
DEBUG:__main__:[Stage4] frame 2409: none box=None
DEBUG:__main__:[Stage4] frame 2410: none box=None
DEBUG:__main__:[Stage4] frame 2411: none box=None
DEBUG:__main__:[Stage4] frame 2412: none box=None
DEBUG:__main__:[Stage4] frame 2413: none box=None
DEBUG:__main__:[Stage4] frame 2414: none box=None
DEBUG:__main__:[Stage4] frame 2415: none box=None
DEBUG:__main__:[Stage4] frame 2416: none box=None
DEBUG:__main__:[Stage4] frame 2417: none box=None
DEBUG:__main__:[Stage4] frame 2418: none box=None
DEBUG:__main__:[Stage4] frame 2419: none box=None
DEBUG:__main__:[Stage4] frame 2420: none box=None
DEBUG:__main__:[Stage4] frame 2421: none box=None
DEBUG:__main__:[Stage4] frame 2422: none box=None
DEBUG:__main__:[Stage4] frame 2423: none box=None
DEBUG:__main__:[Stage4] frame 2424: none box=None
DEBUG:__main__:[Stage4] frame 2425: none box=None
DEBUG:__main__:[Stage4] frame 2426: none box=None
DEBUG:__main__:[Stage4] frame 2427: none box=None
DEBUG:__main__:[Stage4] frame 2428: none box=None
DEBUG:__main__:[Stage4] frame 2429: none box=None
DEBUG:__main__:[Stage4] frame 2430: none box=None
DEBUG:__main__:[Stage4] frame 2431: none box=None
DEBUG:__main__:[Stage4] frame 2432: none box=None
DEBUG:__main__:[Stage4] frame 2433: none box=None
DEBUG:__main__:[Stage4] frame 2434: none box=None
DEBUG:__main__:[Stage4] frame 2435: none box=None
DEBUG:__main__:[Stage4] frame 2436: none box=None
DEBUG:__main__:[Stage4] frame 2437: none box=None
DEBUG:__main__:[Stage4] frame 2438: none box=None
DEBUG:__main__:[Stage4] frame 2439: none box=None
DEBUG:__main__:[Stage4] frame 2440: none box=None
DEBUG:__main__:[Stage4] frame 2441: none box=None
DEBUG:__main__:[Stage4] frame 2442: none box=None
DEBUG:__main__:[Stage4] frame 2443: none box=None
DEBUG:__main__:[Stage4] frame 2444: none box=None
DEBUG:__main__:[Stage4] frame 2445: none box=None
DEBUG:__main__:[Stage4] frame 2446: none box=None
DEBUG:__main__:[Stage4] frame 2447: none box=None
DEBUG:__main__:[Stage4] frame 2448: none box=None
DEBUG:__main__:[Stage4] frame 2449: none box=None
DEBUG:__main__:[Stage4] frame 2450: none box=None
DEBUG:__main__:[Stage4] frame 2451: none box=None
DEBUG:__main__:[Stage4] frame 2452: none box=None
DEBUG:__main__:[Stage4] frame 2453: none box=None
DEBUG:__main__:[Stage4] frame 2454: none box=None
DEBUG:__main__:[Stage4] frame 2455: none box=None
DEBUG:__main__:[Stage4] frame 2456: none box=None
DEBUG:__main__:[Stage4] frame 2457: none box=None
DEBUG:__main__:[Stage4] frame 2458: none box=None
DEBUG:__main__:[Stage4] frame 2459: none box=None
DEBUG:__main__:[Stage4] frame 2460: none box=None
DEBUG:__main__:[Stage4] frame 2461: none box=None
DEBUG:__main__:[Stage4] frame 2462: none box=None
DEBUG:__main__:[Stage4] frame 2463: none box=None
DEBUG:__main__:[Stage4] frame 2464: none box=None
DEBUG:__main__:[Stage4] frame 2465: none box=None
DEBUG:__main__:[Stage4] frame 2466: none box=None
DEBUG:__main__:[Stage4] frame 2467: none box=None
DEBUG:__main__:[Stage4] frame 2468: none box=None
DEBUG:__main__:[Stage4] frame 2469: none box=None
DEBUG:__main__:[Stage4] frame 2470: none box=None
DEBUG:__main__:[Stage4] frame 2471: none box=None
INFO:__main__:[Stage4] Helmet_0: backward_tracking recovered 8 frame(s) [2464, 2472) before the lock at frame 2472
DEBUG:__main__:[Stage4] frame 2472: detect box=Box(x1=921.0, y1=539.0, x2=941.0, y2=554.0, score=0.6173588633537292)
DEBUG:__main__:[Stage4] frame 2473: track box=Box(x1=915.3050375580788, y1=531.3825503326952, x2=935.7078076004982, y2=546.7153528667986, score=1.0)
DEBUG:__main__:[Stage4] frame 2474: track box=Box(x1=910.3626425154507, y1=527.5440864833072, x2=930.455692756921, y2=542.6757322819903, score=1.0)
DEBUG:__main__:[Stage4] frame 2475: track box=Box(x1=906.3013315983117, y1=523.0453605772927, x2=926.3884276933968, y2=538.1790305497125, score=1.0)
DEBUG:__main__:[Stage4] frame 2476: track box=Box(x1=903.3029254749417, y1=519.7928146747872, x2=923.0176957920194, y2=534.8229734329507, score=1.0)
DEBUG:__main__:[Stage4] frame 2477: track box=Box(x1=900.117896290496, y1=516.3370340801775, x2=919.9193005878478, y2=531.4835214950144, score=1.0)
DEBUG:__main__:[Stage4] frame 2478: track box=Box(x1=894.426315875724, y1=509.41359447687864, x2=914.3473325688392, y2=524.4664214774966, score=1.0)
DEBUG:__main__:[Stage4] frame 2479: track box=Box(x1=889.8718839902431, y1=505.25828462233767, x2=909.753893615678, y2=520.2743993340991, score=1.0)
DEBUG:__main__:[Stage4] frame 2480: detect box=Box(x1=886.0, y1=499.0, x2=905.0, y2=516.0, score=0.6837059855461121)
DEBUG:__main__:[Stage4] frame 2481: track box=Box(x1=882.1324641108513, y1=495.61693155020475, x2=901.2374312281609, y2=512.4211813136935, score=1.0)
DEBUG:__main__:[Stage4] frame 2482: track box=Box(x1=880.628977060318, y1=492.8550861403346, x2=899.4282839298248, y2=509.5423443838954, score=1.0)
DEBUG:__main__:[Stage4] frame 2483: track box=Box(x1=875.3341150060296, y1=485.13473790697753, x2=893.8783635869622, y2=501.81531655602157, score=1.0)
DEBUG:__main__:[Stage4] frame 2484: track box=Box(x1=871.7966586574912, y1=480.9822775204666, x2=890.5504766330123, y2=497.70962322549894, score=1.0)
DEBUG:__main__:[Stage4] frame 2485: track box=Box(x1=867.3378565322491, y1=475.27854234026745, x2=886.2148659836384, y2=491.9493790869601, score=1.0)
DEBUG:__main__:[Stage4] frame 2486: track box=Box(x1=865.5842802535626, y1=472.68135611945763, x2=884.228131533775, y2=489.1280614011921, score=1.0)
DEBUG:__main__:[Stage4] frame 2487: track box=Box(x1=864.1723339121672, y1=469.848570168484, x2=882.693691984925, y2=486.54266560124233, score=1.0)
DEBUG:__main__:[Stage4] frame 2488: detect box=Box(x1=858.0, y1=463.0, x2=878.0, y2=478.0, score=0.5147049427032471)
DEBUG:__main__:[Stage4] frame 2489: track box=Box(x1=853.2049833163619, y1=458.19486632198095, x2=873.5985325202346, y2=473.4157378897071, score=1.0)
DEBUG:__main__:[Stage4] frame 2490: track box=Box(x1=848.7731096225325, y1=453.7587963305414, x2=868.8384364920203, y2=468.60911190137267, score=1.0)
DEBUG:__main__:[Stage4] frame 2491: track box=Box(x1=846.6954508463386, y1=450.24016870372, x2=866.4927372375969, y2=464.9357445370406, score=1.0)
DEBUG:__main__:[Stage4] frame 2492: track box=Box(x1=846.0452099221293, y1=447.06791732273996, x2=865.8988416569773, y2=461.79314700327814, score=1.0)
DEBUG:__main__:[Stage4] frame 2493: track box=Box(x1=841.742529042298, y1=439.26689547486603, x2=861.4461945372168, y2=454.1127060074359, score=1.0)
DEBUG:__main__:[Stage4] frame 2494: track box=Box(x1=838.5455512024928, y1=435.51038406882435, x2=858.0875621058512, y2=450.27039913926274, score=1.0)
DEBUG:__main__:[Stage4] frame 2495: track box=Box(x1=835.8132865347434, y1=430.1368955383077, x2=855.2578382410575, y2=444.84878194425255, score=1.0)
DEBUG:__main__:[Stage4] frame 2496: detect box=Box(x1=834.0, y1=427.0, x2=853.0, y2=443.0, score=0.5721647143363953)
DEBUG:__main__:[Stage4] frame 2497: track box=Box(x1=832.8220582604408, y1=424.28902726620436, x2=851.7073786854744, y2=440.30884485691786, score=1.0)
DEBUG:__main__:[Stage4] frame 2498: track box=Box(x1=828.5560874072835, y1=417.31265073642135, x2=847.6750622121617, y2=433.19771056994796, score=1.0)
DEBUG:__main__:[Stage4] frame 2499: track box=Box(x1=824.7057683430612, y1=413.16829269751906, x2=843.6406226120889, y2=428.9461529813707, score=1.0)
DEBUG:__main__:[Stage4] frame 2500: track box=Box(x1=821.8745768852532, y1=407.93469024822116, x2=840.0828332491219, y2=423.201198708266, score=1.0)
DEBUG:__main__:[Stage4] frame 2501: track box=Box(x1=820.265417650342, y1=404.57684365008026, x2=838.5383990556002, y2=420.1220931718126, score=1.0)
DEBUG:__main__:[Stage4] frame 2502: track box=Box(x1=818.6737760603428, y1=401.6490805828944, x2=837.3520132601261, y2=417.38550145272166, score=1.0)
DEBUG:__main__:[Stage4] frame 2503: track box=Box(x1=815.1425847532228, y1=394.1609344324097, x2=833.5662688137963, y2=409.8731964668259, score=1.0)
DEBUG:__main__:[Stage4] frame 2504: detect box=Box(x1=814.0, y1=391.0, x2=832.0, y2=405.0, score=0.6248930096626282)
DEBUG:__main__:[Stage4] frame 2505: track box=Box(x1=809.8595084659755, y1=385.2427670955658, x2=828.2485961429775, y2=399.40755820274353, score=1.0)
DEBUG:__main__:[Stage4] frame 2506: track box=Box(x1=807.7283205427229, y1=381.93352768104523, x2=826.167738918215, y2=396.2760538784787, score=1.0)
DEBUG:__main__:[Stage4] frame 2507: track box=Box(x1=806.4985311888158, y1=379.7561372248456, x2=824.8818574808538, y2=393.84881064575166, score=1.0)
DEBUG:__main__:[Stage4] frame 2508: track box=Box(x1=804.148717591539, y1=373.4287955062464, x2=822.1616528127342, y2=387.4930693404749, score=1.0)
DEBUG:__main__:[Stage4] frame 2509: track box=Box(x1=801.4120315108448, y1=369.93029533792287, x2=819.5999244246632, y2=384.2187322275713, score=1.0)
DEBUG:__main__:[Stage4] frame 2510: track box=Box(x1=797.3610469801351, y1=364.07677327562124, x2=816.009673784487, y2=378.1578305857256, score=1.0)
DEBUG:__main__:[Stage4] frame 2511: track box=Box(x1=795.5852769231424, y1=361.7076072683558, x2=814.0759949302301, y2=375.8600873341784, score=1.0)
DEBUG:__main__:[Stage4] frame 2512: detect box=Box(x1=794.0, y1=359.0, x2=811.0, y2=374.0, score=0.5847025513648987)
DEBUG:__main__:[Stage4] frame 2513: track box=Box(x1=792.0838875770569, y1=354.5381546020508, x2=809.3521485328674, y2=369.45128631591797, score=1.0)
DEBUG:__main__:[Stage4] frame 2514: track box=Box(x1=791.1698779985309, y1=351.78057737089694, x2=808.4381530210376, y2=366.6668308470398, score=1.0)
DEBUG:__main__:[Stage4] frame 2515: track box=Box(x1=790.2267796881497, y1=347.9454893283546, x2=807.4200985915959, y2=362.9010811857879, score=1.0)
DEBUG:__main__:[Stage4] frame 2516: track box=Box(x1=788.7944352589548, y1=345.7112072631717, x2=806.0063391886652, y2=360.6702240034938, score=1.0)
DEBUG:__main__:[Stage4] frame 2517: track box=Box(x1=788.8663492829655, y1=344.08566907420754, x2=805.9715936810826, y2=358.8778118826449, score=1.0)
DEBUG:__main__:[Stage4] frame 2518: track box=Box(x1=787.9987677962636, y1=342.72674417868257, x2=805.2588309676503, y2=357.75795221701264, score=1.0)
DEBUG:__main__:[Stage4] frame 2519: track box=Box(x1=785.6267232907121, y1=340.50365895591676, x2=802.6283688557451, y2=355.4863709267229, score=1.0)
DEBUG:__main__:[Stage4] frame 2520: detect box=Box(x1=784.0, y1=339.0, x2=804.0, y2=355.0, score=0.6159897446632385)
DEBUG:__main__:[Stage4] frame 2521: track box=Box(x1=781.7823702991009, y1=337.89263358712196, x2=802.0652305781841, y2=354.054788261652, score=1.0)
DEBUG:__main__:[Stage4] frame 2522: track box=Box(x1=781.2930343747139, y1=337.8836698718369, x2=801.7164239883423, y2=353.60111113265157, score=1.0)
DEBUG:__main__:[Stage4] frame 2523: track box=Box(x1=777.7731271386147, y1=335.70537285879254, x2=797.9062471985817, y2=351.63843255117536, score=1.0)
DEBUG:__main__:[Stage4] frame 2524: track box=Box(x1=775.2115152031183, y1=335.05453001335263, x2=795.2396857887506, y2=350.7701247818768, score=1.0)
DEBUG:__main__:[Stage4] frame 2525: track box=Box(x1=772.1027512550354, y1=334.8804711662233, x2=792.2953237891197, y2=350.82298010215163, score=1.0)
DEBUG:__main__:[Stage4] frame 2526: track box=Box(x1=771.2413022816181, y1=333.7415107153356, x2=791.3377383053303, y2=349.7553800009191, score=1.0)
DEBUG:__main__:[Stage4] frame 2527: track box=Box(x1=770.5515086650848, y1=333.287685777992, x2=790.7278916835785, y2=349.36290683969855, score=1.0)
DEBUG:__main__:[Stage4] frame 2528: detect box=Box(x1=769.0, y1=334.0, x2=787.0, y2=349.0, score=0.5764967799186707)
DEBUG:__main__:[Stage4] frame 2529: track box=Box(x1=768.5905324295163, y1=334.64031443186104, x2=786.8476708009839, y2=349.3443011958152, score=1.0)
DEBUG:__main__:[Stage4] frame 2530: track box=Box(x1=766.7858837768435, y1=333.58577054180205, x2=784.7829791232944, y2=348.3222749773413, score=1.0)
DEBUG:__main__:[Stage4] frame 2531: track box=Box(x1=766.34701076895, y1=333.65284020639956, x2=784.6822017803788, y2=348.5190416071564, score=1.0)
DEBUG:__main__:[Stage4] frame 2532: track box=Box(x1=766.2271181680262, y1=332.9263456594199, x2=784.5056665278971, y2=347.7534700166434, score=1.0)
DEBUG:__main__:[Stage4] frame 2533: track box=Box(x1=766.2381376288831, y1=333.4507000222802, x2=784.4528802894056, y2=348.1598126664758, score=1.0)
DEBUG:__main__:[Stage4] frame 2534: track box=Box(x1=765.4982740543783, y1=332.57064824551344, x2=783.4606015346944, y2=347.4390408322215, score=1.0)
DEBUG:__main__:[Stage4] frame 2535: track box=Box(x1=763.6931462027133, y1=332.99351572431624, x2=781.6147813536227, y2=347.55206596292555, score=1.0)
DEBUG:__main__:[Stage4] frame 2536: detect box=Box(x1=761.0, y1=333.0, x2=781.0, y2=347.0, score=0.7035043835639954)
DEBUG:__main__:[Stage4] frame 2537: track box=Box(x1=759.6219923943281, y1=333.5293310871348, x2=779.5879070609808, y2=347.49112546350807, score=1.0)
DEBUG:__main__:[Stage4] frame 2538: track box=Box(x1=758.2297787629068, y1=332.887521921657, x2=778.2944569550455, y2=347.1119335880503, score=1.0)
DEBUG:__main__:[Stage4] frame 2539: track box=Box(x1=757.231798928231, y1=332.8182552298531, x2=777.4752440862358, y2=346.8283243617043, score=1.0)
DEBUG:__main__:[Stage4] frame 2540: track box=Box(x1=756.3777405433357, y1=332.57795029785484, x2=776.5149413757026, y2=346.6421690573916, score=1.0)
DEBUG:__main__:[Stage4] frame 2541: track box=Box(x1=755.5437592677772, y1=332.3277894547209, x2=775.7322441749275, y2=346.44930711295456, score=1.0)
DEBUG:__main__:[Stage4] frame 2542: track box=Box(x1=754.3994998149574, y1=332.84649480786175, x2=774.7798389606178, y2=346.9497815510258, score=1.0)
DEBUG:__main__:[Stage4] frame 2543: track box=Box(x1=752.4039462022483, y1=332.41741093900055, x2=772.6111605577171, y2=346.54209813382477, score=1.0)
DEBUG:__main__:[Stage4] frame 2544: detect box=Box(x1=752.0, y1=332.0, x2=770.0, y2=347.0, score=0.599448561668396)
DEBUG:__main__:[Stage4] frame 2545: track box=Box(x1=748.9426196813583, y1=332.55181757733226, x2=766.6158010959625, y2=347.2109853439033, score=1.0)
DEBUG:__main__:[Stage4] frame 2546: track box=Box(x1=747.3420018255711, y1=332.25571713224053, x2=765.2150282561779, y2=347.32765040174127, score=1.0)
DEBUG:__main__:[Stage4] frame 2547: track box=Box(x1=746.1228043287992, y1=331.18194227293134, x2=763.9249706715345, y2=346.084563780576, score=1.0)
DEBUG:__main__:[Stage4] frame 2548: track box=Box(x1=744.42732527107, y1=331.27151388302445, x2=762.0801290497184, y2=346.1514249481261, score=1.0)
DEBUG:__main__:[Stage4] frame 2549: track box=Box(x1=741.568739252165, y1=331.60173790412955, x2=759.3958939481527, y2=346.3138996239286, score=1.0)
DEBUG:__main__:[Stage4] frame 2550: track box=Box(x1=738.6632521785796, y1=331.6110720660072, x2=756.5935989059508, y2=346.45171726006083, score=1.0)
DEBUG:__main__:[Stage4] frame 2551: track box=Box(x1=736.9780668951571, y1=331.09195568668656, x2=754.7059414125979, y2=346.04383363830857, score=1.0)
DEBUG:__main__:[Stage4] frame 2552: detect box=Box(x1=736.0, y1=331.0, x2=754.0, y2=346.0, score=0.5947069525718689)
DEBUG:__main__:[Stage4] frame 2553: track box=Box(x1=732.6684227064252, y1=330.2828990146518, x2=750.6101325824857, y2=344.926535718143, score=1.0)
DEBUG:__main__:[Stage4] frame 2554: track box=Box(x1=730.2421075087041, y1=330.816402557306, x2=748.2303556781262, y2=345.4686172036454, score=1.0)
DEBUG:__main__:[Stage4] frame 2555: track box=Box(x1=726.8954695370048, y1=330.0541314771399, x2=744.7141046430916, y2=344.86233714129776, score=1.0)
DEBUG:__main__:[Stage4] frame 2556: track box=Box(x1=725.6695743072778, y1=330.44082349259406, x2=743.584745394066, y2=345.2407110305503, score=1.0)
DEBUG:__main__:[Stage4] frame 2557: track box=Box(x1=724.426641697064, y1=329.9649579944089, x2=742.2662391606718, y2=344.92861799616367, score=1.0)
DEBUG:__main__:[Stage4] frame 2558: track box=Box(x1=721.6502570267767, y1=330.5187500016764, x2=739.2027186509222, y2=345.05918853450567, score=1.0)
DEBUG:__main__:[Stage4] frame 2559: track box=Box(x1=718.9256017562002, y1=329.5574281113222, x2=736.6608312483877, y2=344.26271222997457, score=1.0)
DEBUG:__main__:[Stage4] frame 2560: detect box=Box(x1=716.0, y1=329.0, x2=734.0, y2=344.0, score=0.6806942820549011)
DEBUG:__main__:[Stage4] frame 2561: track box=Box(x1=713.8387444168329, y1=328.67242681980133, x2=731.5504230409861, y2=343.5466455221176, score=1.0)
DEBUG:__main__:[Stage4] frame 2562: track box=Box(x1=712.8120621182024, y1=328.51781445741653, x2=730.9290417172015, y2=343.71739822626114, score=1.0)
DEBUG:__main__:[Stage4] frame 2563: track box=Box(x1=710.8245590925217, y1=328.1690122522414, x2=728.516604423523, y2=343.119607988745, score=1.0)
DEBUG:__main__:[Stage4] frame 2564: track box=Box(x1=708.1695171706378, y1=328.21412690356374, x2=726.1346770636737, y2=343.1184399910271, score=1.0)
DEBUG:__main__:[Stage4] frame 2565: track box=Box(x1=705.2887934967875, y1=327.931758467108, x2=723.251534037292, y2=342.92180318012834, score=1.0)
DEBUG:__main__:[Stage4] frame 2566: track box=Box(x1=704.6484958678484, y1=328.5559394340962, x2=722.3917126208544, y2=343.4131872635335, score=1.0)
DEBUG:__main__:[Stage4] frame 2567: track box=Box(x1=703.2490734495223, y1=328.7489139076788, x2=721.2899656333029, y2=343.6297821041662, score=1.0)
DEBUG:__main__:[Stage4] frame 2568: detect box=Box(x1=701.0, y1=327.0, x2=720.0, y2=343.0, score=0.7171891331672668)
DEBUG:__main__:[Stage4] frame 2569: track box=Box(x1=697.6054977551103, y1=327.2221100330353, x2=716.7100905552506, y2=343.1856346130371, score=1.0)
DEBUG:__main__:[Stage4] frame 2570: track box=Box(x1=695.8333785384893, y1=327.4774443358183, x2=714.7455645650625, y2=343.29427413642406, score=1.0)
DEBUG:__main__:[Stage4] frame 2571: track box=Box(x1=694.8689281120896, y1=327.3773059248924, x2=713.8030021563172, y2=343.39502066373825, score=1.0)
DEBUG:__main__:[Stage4] frame 2572: track box=Box(x1=693.2706756815314, y1=327.3591135442257, x2=711.8713475689292, y2=343.31799015402794, score=1.0)
DEBUG:__main__:[Stage4] frame 2573: track box=Box(x1=690.2870831880718, y1=326.53469708934426, x2=709.318939903751, y2=342.59358743205667, score=1.0)
DEBUG:__main__:[Stage4] frame 2574: track box=Box(x1=688.3004916254431, y1=326.3315588198602, x2=707.3624933306128, y2=342.31894075497985, score=1.0)
DEBUG:__main__:[Stage4] frame 2575: track box=Box(x1=685.1991563271731, y1=326.9192637372762, x2=704.2337625455111, y2=342.9302902389318, score=1.0)
DEBUG:__main__:[Stage4] frame 2576: detect box=Box(x1=684.0, y1=328.0, x2=703.0, y2=343.0, score=0.7153482437133789)
DEBUG:__main__:[Stage4] frame 2577: track box=Box(x1=681.656145863235, y1=327.0051712691784, x2=700.2909944579005, y2=341.87896344065666, score=1.0)
DEBUG:__main__:[Stage4] frame 2578: track box=Box(x1=680.3388805352151, y1=327.48550550080836, x2=698.9034202061594, y2=342.23099849559367, score=1.0)
DEBUG:__main__:[Stage4] frame 2579: track box=Box(x1=676.9009303273633, y1=327.7694552540779, x2=695.4057749928907, y2=342.53682869672775, score=1.0)
DEBUG:__main__:[Stage4] frame 2580: track box=Box(x1=674.0190360574052, y1=326.86332681402564, x2=692.406850877218, y2=341.83731254562736, score=1.0)
DEBUG:__main__:[Stage4] frame 2581: track box=Box(x1=672.6050328304991, y1=327.2827491341159, x2=691.4047703435645, y2=342.1563939033076, score=1.0)
DEBUG:__main__:[Stage4] frame 2582: track box=Box(x1=671.0712721897289, y1=327.6578860357404, x2=689.6994923902676, y2=342.47891629487276, score=1.0)
DEBUG:__main__:[Stage4] frame 2583: track box=Box(x1=669.1021164944395, y1=326.95764980465174, x2=687.4992561629042, y2=341.8562779799104, score=1.0)
DEBUG:__main__:[Stage4] frame 2584: detect box=Box(x1=668.0, y1=328.0, x2=685.0, y2=342.0, score=0.7375301718711853)
DEBUG:__main__:[Stage4] frame 2585: track box=Box(x1=664.7928585987538, y1=328.428503992036, x2=681.9733448009938, y2=342.19740808196366, score=1.0)
DEBUG:__main__:[Stage4] frame 2586: track box=Box(x1=664.5996908228844, y1=328.9943058360368, x2=681.7467624228448, y2=342.78846858628094, score=1.0)
DEBUG:__main__:[Stage4] frame 2587: track box=Box(x1=662.3776640016586, y1=328.6050004977733, x2=679.3002236206084, y2=342.1856896895915, score=1.0)
DEBUG:__main__:[Stage4] frame 2588: track box=Box(x1=659.9789144583046, y1=328.5689277816564, x2=676.9103287048638, y2=342.10124559886754, score=1.0)
DEBUG:__main__:[Stage4] frame 2589: track box=Box(x1=656.7195277549326, y1=328.46939729340374, x2=673.9233387447894, y2=342.01397530920804, score=1.0)
DEBUG:__main__:[Stage4] frame 2590: track box=Box(x1=655.6604139618576, y1=328.8659251052886, x2=672.8222083859146, y2=342.4684952814132, score=1.0)
DEBUG:__main__:[Stage4] frame 2591: track box=Box(x1=653.7294139787555, y1=328.146561877802, x2=670.8717479631305, y2=341.8810092378408, score=1.0)
DEBUG:__main__:[Stage4] frame 2592: detect box=Box(x1=653.0, y1=328.0, x2=670.0, y2=342.0, score=0.7172331213951111)
DEBUG:__main__:[Stage4] frame 2593: track box=Box(x1=650.0389753840864, y1=328.4026160882786, x2=667.1799531243742, y2=342.1212837146595, score=1.0)
DEBUG:__main__:[Stage4] frame 2594: track box=Box(x1=647.3327587991953, y1=328.77026205603033, x2=664.1627427488565, y2=342.4697537953034, score=1.0)
DEBUG:__main__:[Stage4] frame 2595: track box=Box(x1=644.7881498020142, y1=328.4363423520699, x2=661.9835073631257, y2=342.29988550487906, score=1.0)
DEBUG:__main__:[Stage4] frame 2596: track box=Box(x1=643.5707504060119, y1=328.88059655670077, x2=660.6073675658554, y2=342.5128451967612, score=1.0)
DEBUG:__main__:[Stage4] frame 2597: track box=Box(x1=642.4627719949931, y1=328.5495127597824, x2=659.9091073106974, y2=342.3831507721916, score=1.0)
DEBUG:__main__:[Stage4] frame 2598: track box=Box(x1=640.0360960364342, y1=328.4901265623048, x2=657.0890305638313, y2=342.17959083337337, score=1.0)
DEBUG:__main__:[Stage4] frame 2599: track box=Box(x1=637.833831269294, y1=328.7240209868178, x2=654.9755370207131, y2=342.43278100993484, score=1.0)
DEBUG:__main__:[Stage4] frame 2600: detect box=Box(x1=635.0, y1=327.0, x2=652.0, y2=342.0, score=0.6331968307495117)
DEBUG:__main__:[Stage4] frame 2601: track box=Box(x1=633.6029140949249, y1=327.240005210042, x2=650.8383266925812, y2=341.947711661458, score=1.0)
DEBUG:__main__:[Stage4] frame 2602: track box=Box(x1=633.502279534936, y1=325.90748281776905, x2=650.7971708923578, y2=340.9850928336382, score=1.0)
DEBUG:__main__:[Stage4] frame 2603: track box=Box(x1=630.2951982170343, y1=326.2401906969026, x2=647.7522331029177, y2=341.20660735387355, score=1.0)
DEBUG:__main__:[Stage4] frame 2604: track box=Box(x1=627.8491661809385, y1=326.4740570143331, x2=644.9573782943189, y2=341.32689463649876, score=1.0)
DEBUG:__main__:[Stage4] frame 2605: track box=Box(x1=626.5806759260595, y1=325.988502349006, x2=643.6366184614599, y2=340.77835067664273, score=1.0)
DEBUG:__main__:[Stage4] frame 2606: track box=Box(x1=625.0313955210149, y1=326.22186098550446, x2=642.220734205097, y2=341.0347806022037, score=1.0)
DEBUG:__main__:[Stage4] frame 2607: track box=Box(x1=624.0788944624364, y1=325.28373156045564, x2=641.2506512068212, y2=340.2179089591373, score=1.0)
DEBUG:__main__:[Stage4] frame 2608: detect box=Box(x1=623.0, y1=326.0, x2=641.0, y2=341.0, score=0.6937025785446167)
DEBUG:__main__:[Stage4] frame 2609: track box=Box(x1=619.8894660882652, y1=326.34383375104517, x2=638.0752197913826, y2=341.12033814843744, score=1.0)
DEBUG:__main__:[Stage4] frame 2610: track box=Box(x1=618.1732678823173, y1=325.1693034982309, x2=636.0862877778709, y2=340.07130738254637, score=1.0)
DEBUG:__main__:[Stage4] frame 2611: track box=Box(x1=616.3190876580775, y1=324.78646136727184, x2=634.1551878787577, y2=339.6174936434254, score=1.0)
DEBUG:__main__:[Stage4] frame 2612: track box=Box(x1=615.5717575289309, y1=325.43387518730015, x2=633.2582709528506, y2=340.0972443660721, score=1.0)
DEBUG:__main__:[Stage4] frame 2613: track box=Box(x1=613.6890653371811, y1=325.2402331857011, x2=631.4101222753525, y2=339.93762219231576, score=1.0)
DEBUG:__main__:[Stage4] frame 2614: track box=Box(x1=611.9263991378248, y1=324.61696019303054, x2=629.8757996819913, y2=339.3765162480995, score=1.0)
DEBUG:__main__:[Stage4] frame 2615: track box=Box(x1=609.101558636874, y1=324.48303128313273, x2=627.4791650287807, y2=339.4523325068876, score=1.0)
DEBUG:__main__:[Stage4] frame 2616: detect box=Box(x1=608.0, y1=324.0, x2=625.0, y2=339.0, score=0.7565263509750366)
DEBUG:__main__:[Stage4] frame 2617: track box=Box(x1=607.6498839855194, y1=324.12138080596924, x2=624.5991141796112, y2=338.96070194244385, score=1.0)
DEBUG:__main__:[Stage4] frame 2618: track box=Box(x1=604.3330398797989, y1=323.8763585090637, x2=621.2586036920547, y2=338.6771664619446, score=1.0)
DEBUG:__main__:[Stage4] frame 2619: track box=Box(x1=601.7626690864563, y1=324.54658955335617, x2=618.644672870636, y2=339.3883749842644, score=1.0)
DEBUG:__main__:[Stage4] frame 2620: track box=Box(x1=599.2052191495895, y1=324.22409385442734, x2=615.8771513700485, y2=338.7753252387047, score=1.0)
DEBUG:__main__:[Stage4] frame 2621: track box=Box(x1=598.0861565805972, y1=324.092809535563, x2=615.1838180162013, y2=338.9800394549966, score=1.0)
DEBUG:__main__:[Stage4] frame 2622: track box=Box(x1=596.9149076379836, y1=323.23008308559656, x2=613.6848966516554, y2=338.16074714809656, score=1.0)
DEBUG:__main__:[Stage4] frame 2623: track box=Box(x1=595.4224237836897, y1=323.6393509283662, x2=612.1871981061995, y2=338.40647891908884, score=1.0)
DEBUG:__main__:[Stage4] frame 2624: detect box=Box(x1=593.0, y1=323.0, x2=611.0, y2=339.0, score=0.6878896355628967)
DEBUG:__main__:[Stage4] frame 2625: track box=Box(x1=589.6757649369538, y1=322.9135637283325, x2=607.7082516141236, y2=338.68844056129456, score=1.0)
DEBUG:__main__:[Stage4] frame 2626: track box=Box(x1=588.3005566634238, y1=322.81550163030624, x2=606.0917775668204, y2=338.6351451277733, score=1.0)
DEBUG:__main__:[Stage4] frame 2627: track box=Box(x1=586.9896439798176, y1=322.54538299143314, x2=604.863199878484, y2=338.4885978847742, score=1.0)
DEBUG:__main__:[Stage4] frame 2628: track box=Box(x1=584.8439463637769, y1=322.39163614809513, x2=602.6780005954206, y2=338.2259073406458, score=1.0)
DEBUG:__main__:[Stage4] frame 2629: track box=Box(x1=582.2814662121236, y1=322.90107234194875, x2=600.127639260143, y2=338.8484092541039, score=1.0)
DEBUG:__main__:[Stage4] frame 2630: track box=Box(x1=579.8898812569678, y1=322.379049513489, x2=597.9299310483038, y2=338.292482111603, score=1.0)
DEBUG:__main__:[Stage4] frame 2631: track box=Box(x1=578.0973216183484, y1=322.8358653075993, x2=596.1201091893017, y2=338.7192562110722, score=1.0)
DEBUG:__main__:[Stage4] frame 2632: detect box=Box(x1=578.0, y1=323.0, x2=595.0, y2=338.0, score=0.6710652112960815)
DEBUG:__main__:[Stage4] frame 2633: track box=Box(x1=575.994677901268, y1=323.311326995492, x2=592.9450486898422, y2=338.0049038082361, score=1.0)
DEBUG:__main__:[Stage4] frame 2634: track box=Box(x1=573.0486264228821, y1=322.23940517008305, x2=590.0051159858704, y2=337.0378251224756, score=1.0)
DEBUG:__main__:[Stage4] frame 2635: track box=Box(x1=568.114089012146, y1=322.55355800688267, x2=584.8550825119019, y2=337.24302639067173, score=1.0)
DEBUG:__main__:[Stage4] frame 2636: track box=Box(x1=567.3142944909632, y1=323.04050372354686, x2=584.0164583064616, y2=337.64091966859996, score=1.0)
DEBUG:__main__:[Stage4] frame 2637: track box=Box(x1=565.8035310767591, y1=322.0929427128285, x2=582.4113406799734, y2=337.1299482565373, score=1.0)
DEBUG:__main__:[Stage4] frame 2638: track box=Box(x1=563.716473992914, y1=321.5712504964322, x2=580.6509947143495, y2=336.64467578940094, score=1.0)
DEBUG:__main__:[Stage4] frame 2639: track box=Box(x1=562.1395489536226, y1=322.4497601967305, x2=578.8159939609468, y2=337.24031424336135, score=1.0)
DEBUG:__main__:[Stage4] frame 2640: detect box=Box(x1=560.0, y1=323.0, x2=576.0, y2=338.0, score=0.429094523191452)
DEBUG:__main__:[Stage4] frame 2641: track box=Box(x1=557.7414876334369, y1=322.4538902491331, x2=573.7049535624683, y2=337.0868511646986, score=1.0)
DEBUG:__main__:[Stage4] frame 2642: track box=Box(x1=556.3239758200943, y1=322.77655987627804, x2=572.318136472255, y2=337.5176803339273, score=1.0)
DEBUG:__main__:[Stage4] frame 2643: track box=Box(x1=555.8161483295262, y1=322.8148215729743, x2=571.7246734388173, y2=337.64947852678597, score=1.0)
DEBUG:__main__:[Stage4] frame 2644: track box=Box(x1=553.1479247100651, y1=322.874952243641, x2=569.0744542367756, y2=337.5163832176477, score=1.0)
DEBUG:__main__:[Stage4] frame 2645: track box=Box(x1=549.9161718562245, y1=322.732239888981, x2=566.0474794581532, y2=337.42797605879605, score=1.0)
DEBUG:__main__:[Stage4] frame 2646: track box=Box(x1=548.4044518917799, y1=322.90562160359696, x2=564.4779805392027, y2=337.55737777100876, score=1.0)
DEBUG:__main__:[Stage4] frame 2647: track box=Box(x1=547.3683190569282, y1=322.9211250995286, x2=563.4067886099219, y2=337.79655806766823, score=1.0)
DEBUG:__main__:[Stage4] frame 2648: detect box=Box(x1=545.0, y1=322.0, x2=562.0, y2=337.0, score=0.5940252542495728)
DEBUG:__main__:[Stage4] frame 2649: track box=Box(x1=542.2617744207382, y1=321.5556905269623, x2=559.450376868248, y2=336.5268590450287, score=1.0)
DEBUG:__main__:[Stage4] frame 2650: track box=Box(x1=539.9415282662958, y1=321.72322794795036, x2=557.1902768071741, y2=336.54108837246895, score=1.0)
DEBUG:__main__:[Stage4] frame 2651: track box=Box(x1=538.0034046825022, y1=322.341635286808, x2=555.3883343394846, y2=337.1418634057045, score=1.0)
DEBUG:__main__:[Stage4] frame 2652: track box=Box(x1=536.8693436700851, y1=322.5372696931008, x2=553.9877916891128, y2=337.35309223481454, score=1.0)
DEBUG:__main__:[Stage4] frame 2653: track box=Box(x1=535.1167342979461, y1=321.98899776884355, x2=552.1762245018035, y2=336.9445603603963, score=1.0)
DEBUG:__main__:[Stage4] frame 2654: track box=Box(x1=532.0181441623718, y1=322.65307266660966, x2=549.1799674350768, y2=337.4112361187581, score=1.0)
DEBUG:__main__:[Stage4] frame 2655: track box=Box(x1=528.8018354494125, y1=321.88482863851823, x2=546.2274869997054, y2=336.9044094795827, score=1.0)
DEBUG:__main__:[Stage4] frame 2656: track box=Box(x1=527.8074115794152, y1=321.96402956196107, x2=544.9967825692147, y2=336.9011061305646, score=1.0)
DEBUG:__main__:[Stage4] frame 2657: track box=Box(x1=525.9279218595475, y1=322.00693576061167, x2=543.2301861327142, y2=336.7658176871482, score=1.0)
DEBUG:__main__:[Stage4] frame 2658: track box=Box(x1=523.6894991379231, y1=322.3916339131538, x2=540.9895479660481, y2=337.03145019733347, score=1.0)
DEBUG:__main__:[Stage4] frame 2659: track box=Box(x1=522.8242590408772, y1=321.7922386380378, x2=539.9859220962971, y2=336.39028017246164, score=1.0)
DEBUG:__main__:[Stage4] frame 2660: track box=Box(x1=519.4351854305714, y1=322.1939106734935, x2=536.4348001461476, y2=336.65458877407946, score=1.0)
DEBUG:__main__:[Stage4] frame 2661: track box=Box(x1=518.1062985975295, y1=322.1397380384151, x2=535.4210719782859, y2=336.75607182108797, score=1.0)
DEBUG:__main__:[Stage4] frame 2662: track box=Box(x1=516.208665670827, y1=322.5466191621963, x2=533.4949434418231, y2=337.1099507662002, score=1.0)
DEBUG:__main__:[Stage4] frame 2663: track box=Box(x1=513.5912095922977, y1=321.6467406603042, x2=531.0500070471317, y2=336.3862120958511, score=1.0)
DEBUG:__main__:[Stage4] frame 2664: detect box=Box(x1=512.0, y1=322.0, x2=528.0, y2=336.0, score=0.3314938247203827)
DEBUG:__main__:[Stage4] frame 2665: track box=Box(x1=508.739878796041, y1=322.09831857681274, x2=524.9775716289878, y2=335.94318771362305, score=1.0)
DEBUG:__main__:[Stage4] frame 2666: track box=Box(x1=507.26769987493753, y1=322.3264851709828, x2=523.3844572678208, y2=335.995197548531, score=1.0)
DEBUG:__main__:[Stage4] frame 2667: track box=Box(x1=506.45613607019186, y1=322.4837000723928, x2=522.5846773013473, y2=336.2163491602987, score=1.0)
DEBUG:__main__:[Stage4] frame 2668: track box=Box(x1=503.08198974467814, y1=322.5104215797037, x2=519.1849319729954, y2=336.2540963348001, score=1.0)
DEBUG:__main__:[Stage4] frame 2669: track box=Box(x1=501.51624084450305, y1=322.707311633043, x2=517.6138436887413, y2=336.34544325154275, score=1.0)
DEBUG:__main__:[Stage4] frame 2670: track box=Box(x1=497.30308123864233, y1=321.3777799634263, x2=513.426383221522, y2=335.39525819104165, score=1.0)
DEBUG:__main__:[Stage4] frame 2671: track box=Box(x1=495.7965175677091, y1=322.08126297593117, x2=511.86252613551915, y2=335.82139334082603, score=1.0)
DEBUG:__main__:[Stage4] frame 2672: detect box=Box(x1=494.0, y1=322.0, x2=510.0, y2=336.0, score=0.48704177141189575)
DEBUG:__main__:[Stage4] frame 2673: track box=Box(x1=491.966972656548, y1=322.35851105395705, x2=507.9399886801839, y2=335.9217089051381, score=1.0)
DEBUG:__main__:[Stage4] frame 2674: track box=Box(x1=489.79891985841095, y1=321.6628925735131, x2=505.64528167434037, y2=335.5817161137238, score=1.0)
DEBUG:__main__:[Stage4] frame 2675: track box=Box(x1=485.32724835164845, y1=321.9849006533623, x2=501.36675097234547, y2=335.7125501036644, score=1.0)
DEBUG:__main__:[Stage4] frame 2676: track box=Box(x1=484.14429940469563, y1=322.2671444788575, x2=500.0185171533376, y2=335.9279854670167, score=1.0)
DEBUG:__main__:[Stage4] frame 2677: track box=Box(x1=481.7898593880236, y1=321.651724871248, x2=497.73862675204873, y2=335.52278142794967, score=1.0)
DEBUG:__main__:[Stage4] frame 2678: track box=Box(x1=480.27484842017293, y1=322.0603639446199, x2=496.3331050463021, y2=335.7154435478151, score=1.0)
DEBUG:__main__:[Stage4] frame 2679: track box=Box(x1=477.70263757929206, y1=322.2841280279681, x2=493.8141306899488, y2=335.9414320765063, score=1.0)
DEBUG:__main__:[Stage4] frame 2680: detect box=Box(x1=474.0, y1=322.0, x2=490.0, y2=337.0, score=0.6036460995674133)
DEBUG:__main__:[Stage4] frame 2681: track box=Box(x1=471.358270380646, y1=322.52766451612115, x2=487.2636358477175, y2=337.29889211431146, score=1.0)
DEBUG:__main__:[Stage4] frame 2682: track box=Box(x1=470.8275835253298, y1=321.7826370485127, x2=486.6986881233752, y2=336.86214964464307, score=1.0)
DEBUG:__main__:[Stage4] frame 2683: track box=Box(x1=467.7095043435693, y1=322.59227146208286, x2=483.685889698565, y2=337.34836234152317, score=1.0)
DEBUG:__main__:[Stage4] frame 2684: track box=Box(x1=464.37439827620983, y1=322.1496108993888, x2=480.37772004306316, y2=336.99631514400244, score=1.0)
DEBUG:__main__:[Stage4] frame 2685: track box=Box(x1=460.27966571599245, y1=321.94871862977743, x2=476.19654262810946, y2=336.7615167722106, score=1.0)
DEBUG:__main__:[Stage4] frame 2686: track box=Box(x1=457.69766383618116, y1=322.75762058608234, x2=473.861233048141, y2=337.4653560053557, score=1.0)
DEBUG:__main__:[Stage4] frame 2687: track box=Box(x1=455.2473825439811, y1=322.54893176071346, x2=471.25264074653387, y2=337.25398056022823, score=1.0)
DEBUG:__main__:[Stage4] frame 2688: detect box=Box(x1=454.0, y1=323.0, x2=469.0, y2=337.0, score=0.47452598810195923)
DEBUG:__main__:[Stage4] frame 2689: track box=Box(x1=450.66157366055995, y1=323.4668360874057, x2=465.93183983583003, y2=337.35343443602324, score=1.0)
DEBUG:__main__:[Stage4] frame 2690: track box=Box(x1=444.3882039869204, y1=323.27472054958344, x2=459.7239165985957, y2=337.38738667964935, score=1.0)
DEBUG:__main__:[Stage4] frame 2691: track box=Box(x1=441.601461798884, y1=323.3281071782112, x2=457.0460189888254, y2=337.34142023324966, score=1.0)
DEBUG:__main__:[Stage4] frame 2692: track box=Box(x1=439.78053765092045, y1=323.17318032309413, x2=454.98307733330876, y2=337.1893594674766, score=1.0)
DEBUG:__main__:[Stage4] frame 2693: track box=Box(x1=436.8020836478099, y1=323.26581655070186, x2=452.12991890963167, y2=337.24565790221095, score=1.0)
DEBUG:__main__:[Stage4] frame 2694: track box=Box(x1=433.08796528261155, y1=323.5530100222677, x2=448.3321810690686, y2=337.46401951275766, score=1.0)
DEBUG:__main__:[Stage4] frame 2695: track box=Box(x1=428.3061903929338, y1=323.86895510647446, x2=443.295099160634, y2=337.79914102051407, score=1.0)
DEBUG:__main__:[Stage4] frame 2696: detect box=Box(x1=425.0, y1=323.0, x2=441.0, y2=338.0, score=0.47025641798973083)
DEBUG:__main__:[Stage4] frame 2697: track box=Box(x1=422.70555836707354, y1=322.5091738253832, x2=438.79393918067217, y2=337.44065995514393, score=1.0)
DEBUG:__main__:[Stage4] frame 2698: track box=Box(x1=419.14071911387146, y1=323.18563503585756, x2=435.0761843305081, y2=338.01045829616487, score=1.0)
DEBUG:__main__:[Stage4] frame 2699: track box=Box(x1=416.3989130165428, y1=322.6365783717483, x2=432.47986220382154, y2=337.6844428088516, score=1.0)
DEBUG:__main__:[Stage4] frame 2700: track box=Box(x1=410.680778471753, y1=323.09170063678175, x2=426.5445878189057, y2=337.9229496354237, score=1.0)
DEBUG:__main__:[Stage4] frame 2701: track box=Box(x1=407.9099008310586, y1=322.83708277437836, x2=423.98716192133725, y2=337.71457782480866, score=1.0)
DEBUG:__main__:[Stage4] frame 2702: track box=Box(x1=406.4011908415705, y1=323.9928701976314, x2=422.46163007058203, y2=338.759271488525, score=1.0)
DEBUG:__main__:[Stage4] frame 2703: track box=Box(x1=403.1744308806956, y1=324.11664628004655, x2=419.1736765243113, y2=338.7958857915364, score=1.0)
DEBUG:__main__:[Stage4] frame 2704: detect box=Box(x1=399.0, y1=324.0, x2=415.0, y2=339.0, score=0.41336995363235474)
DEBUG:__main__:[Stage4] frame 2705: track box=Box(x1=393.17407984286547, y1=324.5759823862463, x2=409.2820652201772, y2=339.32080941833556, score=1.0)
DEBUG:__main__:[Stage4] frame 2706: track box=Box(x1=390.21076146140695, y1=323.9664402846247, x2=406.58031717315316, y2=338.9901140574366, score=1.0)
DEBUG:__main__:[Stage4] frame 2707: track box=Box(x1=387.4455678984523, y1=324.41744558652863, x2=403.7693836018443, y2=339.0408351882361, score=1.0)
DEBUG:__main__:[Stage4] frame 2708: track box=Box(x1=383.9637410696596, y1=324.54556341981515, x2=399.9429386910051, y2=339.1608931622468, score=1.0)
DEBUG:__main__:[Stage4] frame 2709: track box=Box(x1=380.2669670348987, y1=324.6817594310269, x2=396.26492664869875, y2=339.4112391015515, score=1.0)
DEBUG:__main__:[Stage4] frame 2710: track box=Box(x1=374.59287068154663, y1=325.4106522826478, x2=390.87316188123077, y2=340.329403760843, score=1.0)
DEBUG:__main__:[Stage4] frame 2711: track box=Box(x1=370.9953351963777, y1=326.0745526095852, x2=387.0447212208528, y2=340.8138619204983, score=1.0)
DEBUG:__main__:[Stage4] frame 2712: detect box=Box(x1=368.0, y1=326.0, x2=385.0, y2=341.0, score=0.5188910961151123)
DEBUG:__main__:[Stage4] frame 2713: track box=Box(x1=364.33859115839005, y1=326.1460361480713, x2=381.60698944330215, y2=340.984094619751, score=1.0)
DEBUG:__main__:[Stage4] frame 2714: track box=Box(x1=359.7310043685138, y1=326.82592951040715, x2=376.85012651607394, y2=341.94463335257024, score=1.0)
DEBUG:__main__:[Stage4] frame 2715: track box=Box(x1=353.0677299294621, y1=327.2966613089666, x2=370.1442037615925, y2=342.1883310591802, score=1.0)
DEBUG:__main__:[Stage4] frame 2716: track box=Box(x1=350.3950508031994, y1=327.27684300299734, x2=367.4642646703869, y2=342.0716046607122, score=1.0)
DEBUG:__main__:[Stage4] frame 2717: track box=Box(x1=347.82108477689326, y1=327.6940843379125, x2=364.8326089773327, y2=342.5781404292211, score=1.0)
DEBUG:__main__:[Stage4] frame 2718: track box=Box(x1=344.5524480137974, y1=328.2816331302747, x2=361.6937291417271, y2=343.2078912174329, score=1.0)
DEBUG:__main__:[Stage4] frame 2719: track box=Box(x1=340.536253510043, y1=328.2970940982923, x2=357.7630639653653, y2=343.3067147647962, score=1.0)
DEBUG:__main__:[Stage4] frame 2720: detect box=Box(x1=336.0, y1=329.0, x2=352.0, y2=343.0, score=0.37911567091941833)
DEBUG:__main__:[Stage4] frame 2721: track box=Box(x1=332.7863866239786, y1=329.56492035090923, x2=348.77446235716343, y2=343.2809862345457, score=1.0)
DEBUG:__main__:[Stage4] frame 2722: track box=Box(x1=330.25150833278894, y1=329.8821291178465, x2=346.4281254783273, y2=343.7394472807646, score=1.0)
DEBUG:__main__:[Stage4] frame 2723: track box=Box(x1=328.26236134022474, y1=329.79932932555676, x2=344.29310923069715, y2=343.6807086914778, score=1.0)
DEBUG:__main__:[Stage4] frame 2724: track box=Box(x1=325.5022751688957, y1=330.11548990756273, x2=341.6060327887535, y2=343.95210141688585, score=1.0)
DEBUG:__main__:[Stage4] frame 2725: track box=Box(x1=318.77431159466505, y1=330.69921592622995, x2=334.9444020316005, y2=344.734232224524, score=1.0)
DEBUG:__main__:[Stage4] frame 2726: track box=Box(x1=316.7198603451252, y1=331.2533322162926, x2=332.8378729522228, y2=345.07648070529103, score=1.0)
DEBUG:__main__:[Stage4] frame 2727: track box=Box(x1=314.62446822971106, y1=331.1789196319878, x2=330.63977732509375, y2=345.1841312237084, score=1.0)
DEBUG:__main__:[Stage4] frame 2728: detect box=Box(x1=312.0, y1=331.0, x2=329.0, y2=345.0, score=0.4955053925514221)
DEBUG:__main__:[Stage4] frame 2729: track box=Box(x1=307.7457066848874, y1=331.29890641896054, x2=324.5582590177655, y2=345.1747431489639, score=1.0)
DEBUG:__main__:[Stage4] frame 2730: track box=Box(x1=303.4334438443184, y1=331.723588836845, x2=320.4175702929497, y2=345.6320456392132, score=1.0)
DEBUG:__main__:[Stage4] frame 2731: track box=Box(x1=300.93190555647016, y1=331.3634609929286, x2=317.9065050370991, y2=345.29037675773725, score=1.0)
DEBUG:__main__:[Stage4] frame 2732: track box=Box(x1=299.4947573058307, y1=332.095679610502, x2=316.5284365527332, y2=345.8801786596887, score=1.0)
DEBUG:__main__:[Stage4] frame 2733: track box=Box(x1=297.7935472689569, y1=331.7651101271622, x2=314.9799610339105, y2=345.6884301821701, score=1.0)
DEBUG:__main__:[Stage4] frame 2734: track box=Box(x1=294.4026738340035, y1=331.9706549295224, x2=311.53868114296347, y2=345.9122750409879, score=1.0)
DEBUG:__main__:[Stage4] frame 2735: track box=Box(x1=289.47569682542235, y1=332.66374387266114, x2=306.57008924428374, y2=346.6298872423358, score=1.0)
DEBUG:__main__:[Stage4] frame 2736: detect box=Box(x1=287.0, y1=333.0, x2=305.0, y2=348.0, score=0.36868909001350403)
DEBUG:__main__:[Stage4] frame 2737: track box=Box(x1=285.80709862709045, y1=332.70214453339577, x2=304.0956846475601, y2=347.61984077095985, score=1.0)
DEBUG:__main__:[Stage4] frame 2738: track box=Box(x1=284.1837435476482, y1=332.73275681585073, x2=301.90127147361636, y2=347.6861360296607, score=1.0)
DEBUG:__main__:[Stage4] frame 2739: track box=Box(x1=281.3740453645587, y1=333.4904138725251, x2=299.1940873786807, y2=348.3848095815629, score=1.0)
DEBUG:__main__:[Stage4] frame 2740: track box=Box(x1=279.08078633993864, y1=333.44689748995006, x2=296.5600733682513, y2=348.22280393354595, score=1.0)
DEBUG:__main__:[Stage4] frame 2741: track box=Box(x1=278.4531405158341, y1=334.04582387860864, x2=296.27502616122365, y2=348.8847217625007, score=1.0)
DEBUG:__main__:[Stage4] frame 2742: track box=Box(x1=277.0863907895982, y1=334.1298942929134, x2=294.9454925619066, y2=348.9957180386409, score=1.0)
DEBUG:__main__:[Stage4] frame 2743: track box=Box(x1=275.1203936971724, y1=333.4413106655702, x2=292.9515568651259, y2=348.1322525953874, score=1.0)
DEBUG:__main__:[Stage4] frame 2744: detect box=Box(x1=273.0, y1=333.0, x2=290.0, y2=349.0, score=0.4199790954589844)
DEBUG:__main__:[Stage4] frame 2745: track box=Box(x1=272.0223366841674, y1=333.04348762333393, x2=288.73736008256674, y2=348.93477065861225, score=1.0)
DEBUG:__main__:[Stage4] frame 2746: track box=Box(x1=270.67262022942305, y1=333.44472305709496, x2=287.5829581543803, y2=348.98047141963616, score=1.0)
DEBUG:__main__:[Stage4] frame 2747: track box=Box(x1=268.24585956148803, y1=332.86707681650296, x2=285.0063763242215, y2=348.57905251020566, score=1.0)
DEBUG:__main__:[Stage4] frame 2748: track box=Box(x1=267.5949644912034, y1=333.7518745106645, x2=284.3392401803285, y2=349.330419246573, score=1.0)
DEBUG:__main__:[Stage4] frame 2749: track box=Box(x1=265.98396171443164, y1=333.63249467732385, x2=282.6992266308516, y2=349.35497360350564, score=1.0)
DEBUG:__main__:[Stage4] frame 2750: track box=Box(x1=263.2990758176893, y1=334.4009042256512, x2=279.99525204859674, y2=349.5531169050373, score=1.0)
DEBUG:__main__:[Stage4] frame 2751: track box=Box(x1=261.7839492019266, y1=334.7505378299393, x2=278.6760276015848, y2=349.7930259280838, score=1.0)
DEBUG:__main__:[Stage4] frame 2752: detect box=Box(x1=262.0, y1=335.0, x2=278.0, y2=350.0, score=0.08562830835580826)
DEBUG:__main__:[Stage4] frame 2753: track box=Box(x1=258.8202083706856, y1=334.6564905270934, x2=274.83084720373154, y2=349.4917609319091, score=1.0)
DEBUG:__main__:[Stage4] frame 2754: track box=Box(x1=256.9253041818738, y1=335.6353713609278, x2=273.0408394411206, y2=350.50210884585977, score=1.0)
DEBUG:__main__:[Stage4] frame 2755: track box=Box(x1=254.2509718053043, y1=335.8416797290556, x2=270.44579745456576, y2=350.7571126590483, score=1.0)
DEBUG:__main__:[Stage4] frame 2756: track box=Box(x1=252.6935547478497, y1=336.05636268970557, x2=268.78144173696637, y2=350.8298095476348, score=1.0)
DEBUG:__main__:[Stage4] frame 2757: track box=Box(x1=251.51336785778403, y1=336.7468601160217, x2=267.680466260761, y2=351.8030911379028, score=1.0)
DEBUG:__main__:[Stage4] frame 2758: track box=Box(x1=250.39308764785528, y1=335.8326623358298, x2=266.5626103505492, y2=350.91032426734455, score=1.0)
DEBUG:__main__:[Stage4] frame 2759: track box=Box(x1=247.76335814781487, y1=336.32772776228376, x2=264.0142349321395, y2=351.3013473425526, score=1.0)
DEBUG:__main__:[Stage4] frame 2760: detect box=Box(x1=245.0, y1=338.0, x2=261.0, y2=352.0, score=0.14365710318088531)
DEBUG:__main__:[Stage4] frame 2761: track box=Box(x1=243.4213834553957, y1=338.08675959706306, x2=259.5032470971346, y2=352.0341069996357, score=1.0)
DEBUG:__main__:[Stage4] frame 2762: track box=Box(x1=243.08463501930237, y1=338.2193550467491, x2=259.08110785484314, y2=352.10473626852036, score=1.0)
DEBUG:__main__:[Stage4] frame 2763: track box=Box(x1=240.27030608803034, y1=338.71636893600225, x2=256.3251366391778, y2=352.542523406446, score=1.0)
DEBUG:__main__:[Stage4] frame 2764: track box=Box(x1=238.56928623467684, y1=337.99196910113096, x2=254.85191500931978, y2=352.054959051311, score=1.0)
DEBUG:__main__:[Stage4] frame 2765: track box=Box(x1=234.60732561722398, y1=338.6021769391373, x2=250.8441079892218, y2=352.5065946923569, score=1.0)
DEBUG:__main__:[Stage4] frame 2766: track box=Box(x1=233.47714741528034, y1=339.0965840704739, x2=249.59709431231022, y2=353.1030537970364, score=1.0)
DEBUG:__main__:[Stage4] frame 2767: track box=Box(x1=232.00167709961534, y1=338.538266915828, x2=248.5251743234694, y2=352.7675544805825, score=1.0)
DEBUG:__main__:[Stage4] frame 2768: detect box=Box(x1=229.0, y1=339.0, x2=245.0, y2=355.0, score=0.3773146867752075)
DEBUG:__main__:[Stage4] frame 2769: track box=Box(x1=227.198872089386, y1=339.9546393752098, x2=242.99978303909302, y2=355.4412764906883, score=1.0)
DEBUG:__main__:[Stage4] frame 2770: track box=Box(x1=222.31563411280513, y1=341.8069411702454, x2=237.98934940621257, y2=357.2971075363457, score=1.0)
DEBUG:__main__:[Stage4] frame 2771: track box=Box(x1=220.8144311644137, y1=342.4580226568505, x2=236.56935409083962, y2=358.2854113606736, score=1.0)
DEBUG:__main__:[Stage4] frame 2772: track box=Box(x1=219.30156875029206, y1=343.4046792713925, x2=235.1348283328116, y2=359.0937928883359, score=1.0)
DEBUG:__main__:[Stage4] frame 2773: track box=Box(x1=217.6430914439261, y1=344.69432446639985, x2=233.48948502913117, y2=360.43140790145844, score=1.0)
DEBUG:__main__:[Stage4] frame 2774: track box=Box(x1=214.48035657778382, y1=345.72299006860703, x2=230.55095136538148, y2=361.39372065942734, score=1.0)
DEBUG:__main__:[Stage4] frame 2775: track box=Box(x1=211.40160155668855, y1=347.4594155875966, x2=227.5527284182608, y2=363.3127290336415, score=1.0)
DEBUG:__main__:[Stage4] frame 2776: detect box=Box(x1=209.0, y1=349.0, x2=227.0, y2=365.0, score=0.45537564158439636)
DEBUG:__main__:[Stage4] frame 2777: track box=Box(x1=207.50584065914154, y1=350.13827024772763, x2=225.2637003660202, y2=365.79841147735715, score=1.0)
DEBUG:__main__:[Stage4] frame 2778: track box=Box(x1=205.1842319238931, y1=351.87782295420766, x2=223.0942870248109, y2=367.6344090886414, score=1.0)
DEBUG:__main__:[Stage4] frame 2779: track box=Box(x1=203.03589807637036, y1=353.15737326070666, x2=221.02833186276257, y2=369.0395806543529, score=1.0)
DEBUG:__main__:[Stage4] frame 2780: track box=Box(x1=199.33285697177052, y1=355.8693670295179, x2=217.0575338192284, y2=371.5893444083631, score=1.0)
DEBUG:__main__:[Stage4] frame 2781: track box=Box(x1=196.8087624795735, y1=356.9490585885942, x2=214.61797343567014, y2=372.8723059259355, score=1.0)
DEBUG:__main__:[Stage4] frame 2782: track box=Box(x1=195.02381322160363, y1=358.25184420123696, x2=212.940230820328, y2=374.08839324489236, score=1.0)
DEBUG:__main__:[Stage4] frame 2783: track box=Box(x1=193.43692691996694, y1=360.01106936857104, x2=211.35279329493642, y2=375.87751419469714, score=1.0)
DEBUG:__main__:[Stage4] frame 2784: detect box=Box(x1=192.0, y1=363.0, x2=209.0, y2=378.0, score=0.39385807514190674)
DEBUG:__main__:[Stage4] frame 2785: track box=Box(x1=187.3504192829132, y1=365.23048734664917, x2=204.30577969551086, y2=380.10304594039917, score=1.0)
DEBUG:__main__:[Stage4] frame 2786: track box=Box(x1=184.9263424873352, y1=366.0363759994507, x2=201.79245805740356, y2=380.90131282806396, score=1.0)
DEBUG:__main__:[Stage4] frame 2787: track box=Box(x1=183.76656985282898, y1=367.9500434398651, x2=200.40278887748718, y2=382.8210074901581, score=1.0)
DEBUG:__main__:[Stage4] frame 2788: track box=Box(x1=180.78093644604087, y1=368.9147483352572, x2=197.55945255979896, y2=383.974671209231, score=1.0)
DEBUG:__main__:[Stage4] frame 2789: track box=Box(x1=179.275235529989, y1=371.50459980405867, x2=195.99483620747924, y2=386.57055210508406, score=1.0)
DEBUG:__main__:[Stage4] frame 2790: track box=Box(x1=174.46283876523376, y1=373.71831321157515, x2=191.04079973325133, y2=388.6124172154814, score=1.0)
DEBUG:__main__:[Stage4] frame 2791: track box=Box(x1=173.59568913653493, y1=374.7346178404987, x2=190.19576324895024, y2=389.7539068572223, score=1.0)
DEBUG:__main__:[Stage4] frame 2792: detect box=Box(x1=171.0, y1=377.0, x2=189.0, y2=392.0, score=0.33609944581985474)
DEBUG:__main__:[Stage4] frame 2793: track box=Box(x1=169.85162725299597, y1=377.5725513547659, x2=187.76702322810888, y2=392.4067740291357, score=1.0)
DEBUG:__main__:[Stage4] frame 2794: track box=Box(x1=167.45355604961514, y1=380.674853913486, x2=185.16635190322995, y2=395.5892574712634, score=1.0)
DEBUG:__main__:[Stage4] frame 2795: track box=Box(x1=163.84547493606806, y1=383.40166705846786, x2=181.64290485531092, y2=398.25002032518387, score=1.0)
DEBUG:__main__:[Stage4] frame 2796: track box=Box(x1=160.55289564840496, y1=384.71710185334086, x2=178.61885009519756, y2=399.6505455188453, score=1.0)
DEBUG:__main__:[Stage4] frame 2797: track box=Box(x1=159.02318895421922, y1=386.15038001537323, x2=177.3247804697603, y2=401.125235915184, score=1.0)
DEBUG:__main__:[Stage4] frame 2798: track box=Box(x1=157.24323962815106, y1=388.25488732755184, x2=175.40826843865216, y2=403.0799230784178, score=1.0)
DEBUG:__main__:[Stage4] frame 2799: track box=Box(x1=155.08436575718224, y1=390.0879575833678, x2=173.57238117046654, y2=405.1927504166961, score=1.0)
DEBUG:__main__:[Stage4] frame 2800: detect box=Box(x1=151.0, y1=394.0, x2=168.0, y2=409.0, score=0.47182705998420715)
DEBUG:__main__:[Stage4] frame 2801: track box=Box(x1=148.525266289711, y1=395.4981414079666, x2=165.30983889102936, y2=410.25361931324005, score=1.0)
DEBUG:__main__:[Stage4] frame 2802: track box=Box(x1=147.09415425360203, y1=398.1429489478469, x2=163.7175625115633, y2=412.60635658353567, score=1.0)
DEBUG:__main__:[Stage4] frame 2803: track box=Box(x1=143.71198592428118, y1=399.8657968249172, x2=160.7473353529349, y2=414.5954780783504, score=1.0)
DEBUG:__main__:[Stage4] frame 2804: track box=Box(x1=141.6422267043963, y1=403.1707059349865, x2=158.66376448515803, y2=418.0295125450939, score=1.0)
DEBUG:__main__:[Stage4] frame 2805: track box=Box(x1=136.58878684882075, y1=406.5037957634777, x2=153.621749647893, y2=421.14133848808706, score=1.0)
DEBUG:__main__:[Stage4] frame 2806: track box=Box(x1=133.63647056464106, y1=408.48940314911306, x2=150.86646629218012, y2=423.34009208343923, score=1.0)
DEBUG:__main__:[Stage4] frame 2807: track box=Box(x1=132.01361466292292, y1=410.32939781807363, x2=149.23784638289362, y2=425.2422663178295, score=1.0)
DEBUG:__main__:[Stage4] frame 2808: detect box=Box(x1=129.0, y1=413.0, x2=147.0, y2=429.0, score=0.5708444118499756)
DEBUG:__main__:[Stage4] frame 2809: track box=Box(x1=126.71661857515574, y1=415.62764535844326, x2=144.6134717836976, y2=431.37387476861477, score=1.0)
DEBUG:__main__:[Stage4] frame 2810: track box=Box(x1=122.48282134509645, y1=418.29863780736923, x2=140.46376454806887, y2=433.89034217596054, score=1.0)
DEBUG:__main__:[Stage4] frame 2811: track box=Box(x1=118.33581101422897, y1=422.1664833575487, x2=136.33304446464172, y2=438.0446040183306, score=1.0)
DEBUG:__main__:[Stage4] frame 2812: track box=Box(x1=116.60733228450408, y1=424.7980117946863, x2=134.4196334434091, y2=440.5233676582575, score=1.0)
DEBUG:__main__:[Stage4] frame 2813: track box=Box(x1=113.54509615240386, y1=428.1236242130399, x2=131.38077610073378, y2=443.97758812457323, score=1.0)
DEBUG:__main__:[Stage4] frame 2814: track box=Box(x1=111.26681651262334, y1=431.39077612012625, x2=129.05115117219975, y2=447.0934223756194, score=1.0)
DEBUG:__main__:[Stage4] frame 2815: track box=Box(x1=105.37575640989235, y1=435.6865908652544, x2=123.4541220338433, y2=451.5682857185602, score=1.0)
DEBUG:__main__:[Stage4] frame 2816: detect box=Box(x1=103.0, y1=438.0, x2=120.0, y2=454.0, score=0.32622963190078735)
DEBUG:__main__:[Stage4] frame 2817: track box=Box(x1=100.32766395434737, y1=440.8850299566984, x2=117.34938257560134, y2=456.4351213425398, score=1.0)
DEBUG:__main__:[Stage4] frame 2818: track box=Box(x1=97.36332546547055, y1=443.8591891974211, x2=114.22016619518399, y2=459.51304130256176, score=1.0)
DEBUG:__main__:[Stage4] frame 2819: track box=Box(x1=94.74662927165627, y1=447.92685686051846, x2=111.90301058068871, y2=463.72991739213467, score=1.0)
DEBUG:__main__:[Stage4] frame 2820: track box=Box(x1=89.50536197051406, y1=452.65287210792303, x2=106.5358768068254, y2=468.3156856521964, score=1.0)
DEBUG:__main__:[Stage4] frame 2821: track box=Box(x1=86.60769471526146, y1=455.6010373234749, x2=103.81215116381645, y2=471.3763251900673, score=1.0)
DEBUG:__main__:[Stage4] frame 2822: track box=Box(x1=84.55405952781439, y1=458.1578139960766, x2=101.70572295039892, y2=473.82277938723564, score=1.0)
DEBUG:__main__:[Stage4] frame 2823: track box=Box(x1=82.18776937201619, y1=459.5441466383636, x2=99.60589595511556, y2=475.38209376856685, score=1.0)
DEBUG:__main__:[Stage4] frame 2824: detect box=Box(x1=78.0, y1=464.0, x2=96.0, y2=480.0, score=0.44959455728530884)
DEBUG:__main__:[Stage4] frame 2825: track box=Box(x1=73.80463145580143, y1=467.8326985090971, x2=91.95324395503849, y2=483.4487053602934, score=1.0)
DEBUG:__main__:[Stage4] frame 2826: track box=Box(x1=68.76483648922294, y1=472.08161075413227, x2=86.90875142719597, y2=487.8110683709383, score=1.0)
DEBUG:__main__:[Stage4] frame 2827: track box=Box(x1=67.71513394918293, y1=473.1857291609049, x2=85.95994309987873, y2=488.94336403906345, score=1.0)
DEBUG:__main__:[Stage4] frame 2828: track box=Box(x1=64.94859056081623, y1=476.71518218517303, x2=83.10255317296833, y2=492.11742770671844, score=1.0)
DEBUG:__main__:[Stage4] frame 2829: track box=Box(x1=62.210974398069084, y1=479.5061563812196, x2=80.587188067846, y2=495.23985969647765, score=1.0)
DEBUG:__main__:[Stage4] frame 2830: track box=Box(x1=56.90652845706791, y1=484.9495396800339, x2=75.11584930028766, y2=500.5938677974045, score=1.0)
DEBUG:__main__:[Stage4] frame 2831: track box=Box(x1=52.349628685973585, y1=489.8940244205296, x2=70.65448880102485, y2=505.40913300588727, score=1.0)
DEBUG:__main__:[Stage4] frame 2832: detect box=Box(x1=50.0, y1=491.0, x2=69.0, y2=507.0, score=0.337014377117157)
DEBUG:__main__:[Stage4] frame 2833: track box=Box(x1=48.02097926661372, y1=494.5698048323393, x2=66.45886788889766, y2=510.1161594837904, score=1.0)
DEBUG:__main__:[Stage4] frame 2834: track box=Box(x1=45.45220458880067, y1=497.4537237137556, x2=63.96792400255799, y2=513.010133549571, score=1.0)
DEBUG:__main__:[Stage4] frame 2835: track box=Box(x1=42.64727173373103, y1=499.3513864725828, x2=61.3365415148437, y2=515.1315120905638, score=1.0)
DEBUG:__main__:[Stage4] frame 2836: track box=Box(x1=42.5950932870619, y1=500.0041025094688, x2=61.68631712300703, y2=516.0689850859344, score=1.0)
DEBUG:__main__:[Stage4] frame 2837: track box=Box(x1=40.605618357192725, y1=501.36003237590194, x2=59.600762128364295, y2=517.2419739328325, score=1.0)
DEBUG:__main__:[Stage4] frame 2838: track box=Box(x1=40.04853703035042, y1=502.70279939472675, x2=59.00288440240547, y2=518.5043584853411, score=1.0)
DEBUG:__main__:[Stage4] frame 2839: track box=Box(x1=38.907161503564566, y1=502.0978281572461, x2=57.92440667701885, y2=517.8178182914853, score=1.0)
DEBUG:__main__:[Stage4] frame 2840: detect box=Box(x1=40.0, y1=501.0, x2=59.0, y2=518.0, score=0.44252797961235046)
DEBUG:__main__:[Stage4] frame 2841: track box=Box(x1=39.21603378653526, y1=500.42901319265366, x2=57.636496871709824, y2=517.1830434203148, score=1.0)
DEBUG:__main__:[Stage4] frame 2842: track box=Box(x1=39.63916247757152, y1=500.41365529969335, x2=58.00338053377345, y2=516.9676019139588, score=1.0)
DEBUG:__main__:[Stage4] frame 2843: track box=Box(x1=38.96924752416089, y1=499.2728417105973, x2=57.56530481996015, y2=515.8056800551713, score=1.0)
DEBUG:__main__:[Stage4] frame 2844: track box=Box(x1=39.34521489776671, y1=495.68099980801344, x2=57.77311080135405, y2=512.2147389575839, score=1.0)
DEBUG:__main__:[Stage4] frame 2845: track box=Box(x1=40.911599108949304, y1=489.4561992511153, x2=59.65146810747683, y2=505.92304392904043, score=1.0)
DEBUG:__main__:[Stage4] frame 2846: track box=Box(x1=42.25259370543063, y1=485.8378087859601, x2=60.74070996977389, y2=502.14792007021606, score=1.0)
DEBUG:__main__:[Stage4] frame 2847: track box=Box(x1=43.13855938054621, y1=482.75843126140535, x2=61.787367383018136, y2=499.2239658292383, score=1.0)
DEBUG:__main__:[Stage4] frame 2848: track box=Box(x1=44.567538218572736, y1=478.68614315241575, x2=63.22513057477772, y2=495.27191811054945, score=1.0)
DEBUG:__main__:[Stage4] frame 2849: track box=Box(x1=45.99409119784832, y1=472.7863712310791, x2=64.87212054431438, y2=489.6938151717186, score=1.0)
DEBUG:__main__:[Stage4] frame 2850: track box=Box(x1=50.55667580664158, y1=463.5848761498928, x2=69.11683692038059, y2=480.00729951262474, score=1.0)
DEBUG:__main__:[Stage4] frame 2851: track box=Box(x1=51.37290719896555, y1=457.2258841097355, x2=70.31514648348093, y2=473.76797249913216, score=1.0)
DEBUG:__main__:[Stage4] frame 2852: track box=Box(x1=54.171827491372824, y1=452.65891280025244, x2=72.74434536322951, y2=469.20745100826025, score=1.0)
DEBUG:__main__:[Stage4] frame 2853: track box=Box(x1=56.72274033725262, y1=447.10716261714697, x2=75.30729381740093, y2=463.5360133871436, score=1.0)
DEBUG:__main__:[Stage4] frame 2854: track box=Box(x1=58.50528218597174, y1=440.9995012432337, x2=77.123494528234, y2=457.30699230730534, score=1.0)
DEBUG:__main__:[Stage4] frame 2855: track box=Box(x1=64.19088278710842, y1=429.6102809421718, x2=82.30310474336147, y2=445.6116526834667, score=1.0)
DEBUG:__main__:[Stage4] frame 2856: detect box=Box(x1=67.0, y1=422.0, x2=85.0, y2=438.0, score=0.24185416102409363)
DEBUG:__main__:[Stage4] frame 2857: track box=Box(x1=69.05181355029345, y1=416.62397092580795, x2=87.13917941600084, y2=432.2456805109978, score=1.0)
DEBUG:__main__:[Stage4] frame 2858: track box=Box(x1=72.76308175176382, y1=409.96494541317225, x2=90.72013588994741, y2=425.484775878489, score=1.0)
DEBUG:__main__:[Stage4] frame 2859: track box=Box(x1=75.1385978795588, y1=403.4969862308353, x2=93.3201398588717, y2=418.96905066631734, score=1.0)
DEBUG:__main__:[Stage4] frame 2860: track box=Box(x1=81.60675593093038, y1=392.6694489624351, x2=99.61344857886434, y2=408.16095625422895, score=1.0)
DEBUG:__main__:[Stage4] frame 2861: track box=Box(x1=86.06055169948377, y1=385.58179508522153, x2=103.91093974956311, y2=401.05252568796277, score=1.0)
DEBUG:__main__:[Stage4] frame 2862: track box=Box(x1=89.7419278176967, y1=379.96098497882485, x2=107.76273895823397, y2=395.4154779650271, score=1.0)
DEBUG:__main__:[Stage4] frame 2863: track box=Box(x1=93.43215605267324, y1=373.088266517967, x2=111.67703911312856, y2=388.6986542008817, score=1.0)
DEBUG:__main__:[Stage4] frame 2864: track box=Box(x1=95.72670165845193, y1=366.58065577223897, x2=113.72468010731973, y2=381.87356444075704, score=1.0)
DEBUG:__main__:[Stage4] frame 2865: track box=Box(x1=103.49227597960271, y1=355.9463633187115, x2=121.45137139805593, y2=371.1187426932156, score=1.0)
DEBUG:__main__:[Stage4] frame 2866: track box=Box(x1=108.08700177329592, y1=350.17387391626835, x2=125.7872058476787, y2=365.43576784431934, score=1.0)
DEBUG:__main__:[Stage4] frame 2867: track box=Box(x1=112.03846027213149, y1=345.1591282784939, x2=130.0623494561296, y2=360.2526622712612, score=1.0)
DEBUG:__main__:[Stage4] frame 2868: track box=Box(x1=117.51283656689338, y1=338.3986823260784, x2=135.12780796620063, y2=353.405678242445, score=1.0)
DEBUG:__main__:[Stage4] frame 2869: track box=Box(x1=120.37876715394668, y1=333.25063280016184, x2=138.20007588597946, y2=348.1261457577348, score=1.0)
DEBUG:__main__:[Stage4] frame 2870: track box=Box(x1=128.01257871720009, y1=322.4241486079991, x2=145.58760916325264, y2=337.387285400182, score=1.0)
DEBUG:__main__:[Stage4] frame 2871: track box=Box(x1=133.6320756941568, y1=317.3331000134349, x2=151.05183592136018, y2=332.07991348952055, score=1.0)
DEBUG:__main__:[Stage4] frame 2872: detect box=Box(x1=137.0, y1=313.0, x2=154.0, y2=327.0, score=0.19341707229614258)
DEBUG:__main__:[Stage4] frame 2873: track box=Box(x1=142.27486599609256, y1=306.19612660445273, x2=159.4046501033008, y2=320.0785080436617, score=1.0)
DEBUG:__main__:[Stage4] frame 2874: track box=Box(x1=144.12253030017018, y1=301.2245683837682, x2=161.09333451464772, y2=315.0271679330617, score=1.0)
DEBUG:__main__:[Stage4] frame 2875: track box=Box(x1=150.91779474541545, y1=291.08553634025156, x2=167.87114886566997, y2=304.9212289843708, score=1.0)
DEBUG:__main__:[Stage4] frame 2876: track box=Box(x1=156.78632099926472, y1=284.91237022541463, x2=173.6134742051363, y2=298.76260461471975, score=1.0)
DEBUG:__main__:[Stage4] frame 2877: track box=Box(x1=160.01345276087523, y1=279.9517453368753, x2=176.89410554617643, y2=293.6902023013681, score=1.0)
DEBUG:__main__:[Stage4] frame 2878: track box=Box(x1=165.1706777419895, y1=274.22522341646254, x2=181.8862368669361, y2=288.26301264204085, score=1.0)
DEBUG:__main__:[Stage4] frame 2879: track box=Box(x1=166.76735337264836, y1=269.41244555450976, x2=183.46642466075718, y2=283.300809988752, score=1.0)
DEBUG:__main__:[Stage4] frame 2880: detect box=Box(x1=175.0, y1=259.0, x2=193.0, y2=274.0, score=0.46668434143066406)
DEBUG:__main__:[Stage4] frame 2881: track box=Box(x1=180.04407014511526, y1=252.5872755125165, x2=197.69275512360036, y2=267.356702812016, score=1.0)
DEBUG:__main__:[Stage4] frame 2882: track box=Box(x1=184.52916888799518, y1=248.82563792704605, x2=202.04059122409672, y2=263.3394315147307, score=1.0)
DEBUG:__main__:[Stage4] frame 2883: track box=Box(x1=188.77116869296879, y1=242.07222955464385, x2=206.32912538852543, y2=256.82989709614776, score=1.0)
DEBUG:__main__:[Stage4] frame 2884: track box=Box(x1=190.50677246879786, y1=237.84261648892425, x2=208.36144245695323, y2=252.35451166867279, score=1.0)
DEBUG:__main__:[Stage4] frame 2885: track box=Box(x1=196.44601555075496, y1=229.33177258237265, x2=213.92867506947368, y2=243.99191405042075, score=1.0)
DEBUG:__main__:[Stage4] frame 2886: track box=Box(x1=199.75086675491184, y1=225.3980431938544, x2=217.2597243031487, y2=239.866565563716, score=1.0)
DEBUG:__main__:[Stage4] frame 2887: track box=Box(x1=202.06902457680553, y1=220.05242318753153, x2=219.75024939980358, y2=235.0152718508616, score=1.0)
DEBUG:__main__:[Stage4] frame 2888: detect box=Box(x1=205.0, y1=216.0, x2=222.0, y2=230.0, score=0.29566529393196106)
DEBUG:__main__:[Stage4] frame 2889: track box=Box(x1=208.30299899727106, y1=212.6311003472656, x2=225.25653789192438, y2=226.50468652509153, score=1.0)
DEBUG:__main__:[Stage4] frame 2890: track box=Box(x1=211.20062765479088, y1=205.5399345420301, x2=227.95170184969902, y2=219.2618615888059, score=1.0)
DEBUG:__main__:[Stage4] frame 2891: track box=Box(x1=213.41771806403995, y1=201.45444706082344, x2=230.35328448936343, y2=215.26192489266396, score=1.0)
DEBUG:__main__:[Stage4] frame 2892: track box=Box(x1=216.31205892935395, y1=198.14977847971022, x2=233.00158846750855, y2=211.89431821741164, score=1.0)
DEBUG:__main__:[Stage4] frame 2893: track box=Box(x1=219.0834813080728, y1=192.54414351470768, x2=235.87187081202865, y2=206.3542937207967, score=1.0)
DEBUG:__main__:[Stage4] frame 2894: track box=Box(x1=220.8215888608247, y1=189.58279147464782, x2=237.6657928097993, y2=203.31276318151504, score=1.0)
DEBUG:__main__:[Stage4] frame 2895: track box=Box(x1=225.29579406231642, y1=183.02615284267813, x2=242.20087360590696, y2=196.87797390762717, score=1.0)
DEBUG:__main__:[Stage4] frame 2896: detect box=Box(x1=228.0, y1=179.0, x2=244.0, y2=194.0, score=0.41930922865867615)
DEBUG:__main__:[Stage4] frame 2897: track box=Box(x1=228.14508778136224, y1=174.59447920322418, x2=244.13593727629632, y2=189.48683750629425, score=1.0)
DEBUG:__main__:[Stage4] frame 2898: track box=Box(x1=231.40730589162558, y1=171.16992737166584, x2=247.07878392469138, y2=185.89252973906696, score=1.0)
DEBUG:__main__:[Stage4] frame 2899: track box=Box(x1=232.17783368658274, y1=167.70589297171682, x2=248.14832759927958, y2=182.51056270953268, score=1.0)
DEBUG:__main__:[Stage4] frame 2900: track box=Box(x1=236.50082965474576, y1=161.21921773534268, x2=252.66418822389096, y2=176.2122115669772, score=1.0)
DEBUG:__main__:[Stage4] frame 2901: track box=Box(x1=239.3534957608208, y1=157.84988570492715, x2=255.25182191934437, y2=172.67878026049584, score=1.0)
DEBUG:__main__:[Stage4] frame 2902: track box=Box(x1=241.81185314711183, y1=154.28005332453176, x2=257.6733753448352, y2=168.95549387438223, score=1.0)
DEBUG:__main__:[Stage4] frame 2903: track box=Box(x1=243.66701986920089, y1=148.52996618999168, x2=259.63902607094496, y2=163.58497770084068, score=1.0)
DEBUG:__main__:[Stage4] frame 2904: detect box=Box(x1=245.0, y1=146.0, x2=261.0, y2=161.0, score=0.4812851548194885)
DEBUG:__main__:[Stage4] frame 2905: track box=Box(x1=249.82381804659963, y1=139.6766381599009, x2=266.0793162174523, y2=154.61555222049356, score=1.0)
DEBUG:__main__:[Stage4] frame 2906: track box=Box(x1=251.94186386093497, y1=135.51211534440517, x2=267.9737661741674, y2=150.3311302512884, score=1.0)
DEBUG:__main__:[Stage4] frame 2907: track box=Box(x1=253.97524404153228, y1=132.24070235528052, x2=270.2616660557687, y2=147.11593576706946, score=1.0)
DEBUG:__main__:[Stage4] frame 2908: track box=Box(x1=256.3458180502057, y1=128.02335388027132, x2=272.4627056196332, y2=142.87365621887147, score=1.0)
DEBUG:__main__:[Stage4] frame 2909: track box=Box(x1=257.71363363042474, y1=125.1144042480737, x2=274.11678502336144, y2=139.81778268702328, score=1.0)
DEBUG:__main__:[Stage4] frame 2910: track box=Box(x1=261.5817599222064, y1=118.20311935711652, x2=277.62353812903166, y2=132.80979128647596, score=1.0)
DEBUG:__main__:[Stage4] frame 2911: track box=Box(x1=263.72817569226027, y1=113.4855442987755, x2=280.00977139919996, y2=128.318368290551, score=1.0)
DEBUG:__main__:[Stage4] frame 2912: detect box=Box(x1=265.0, y1=110.0, x2=283.0, y2=126.0, score=0.7218731045722961)
DEBUG:__main__:[Stage4] frame 2913: track box=Box(x1=267.39503659307957, y1=106.02503378782421, x2=285.3997715860605, y2=121.58077891264111, score=1.0)
DEBUG:__main__:[Stage4] frame 2914: track box=Box(x1=268.9887827578932, y1=102.95744481962174, x2=286.61127310432494, y2=118.78027132432908, score=1.0)
DEBUG:__main__:[Stage4] frame 2915: track box=Box(x1=270.5638093482703, y1=99.5780130289495, x2=288.43011952750385, y2=115.6249473951757, score=1.0)
DEBUG:__main__:[Stage4] frame 2916: track box=Box(x1=271.80978477559984, y1=97.14070410653949, x2=289.4457672890276, y2=113.09192795678973, score=1.0)
DEBUG:__main__:[Stage4] frame 2917: track box=Box(x1=271.72767960862257, y1=96.44807524606586, x2=289.6425610764418, y2=112.22243328019977, score=1.0)
DEBUG:__main__:[Stage4] frame 2918: track box=Box(x1=271.964767443249, y1=95.12703813239932, x2=289.5514154306147, y2=110.80247987434268, score=1.0)
DEBUG:__main__:[Stage4] frame 2919: track box=Box(x1=273.13985893898644, y1=93.4565914645791, x2=290.83897278481163, y2=109.22399202734232, score=1.0)
DEBUG:__main__:[Stage4] frame 2920: detect box=Box(x1=274.0, y1=92.0, x2=292.0, y2=108.0, score=0.6729437112808228)
DEBUG:__main__:[Stage4] frame 2921: track box=Box(x1=275.2043974623084, y1=90.68248881399632, x2=293.13524415344, y2=106.50456418097019, score=1.0)
DEBUG:__main__:[Stage4] frame 2922: track box=Box(x1=277.18109268695116, y1=89.37418380379677, x2=294.7885047867894, y2=104.9847392141819, score=1.0)
DEBUG:__main__:[Stage4] frame 2923: track box=Box(x1=278.3550430871546, y1=89.00094325840473, x2=296.20385370031, y2=104.5105147510767, score=1.0)
DEBUG:__main__:[Stage4] frame 2924: track box=Box(x1=277.65087125077844, y1=88.72797254100442, x2=295.4741034246981, y2=104.56767163053155, score=1.0)
DEBUG:__main__:[Stage4] frame 2925: track box=Box(x1=279.5183238647878, y1=84.83956809621304, x2=296.93544217571616, y2=100.24180551152676, score=1.0)
DEBUG:__main__:[Stage4] frame 2926: track box=Box(x1=282.92151583358645, y1=82.29508669581264, x2=300.54483891651034, y2=97.92594905104488, score=1.0)
DEBUG:__main__:[Stage4] frame 2927: track box=Box(x1=283.85926955752075, y1=80.4033781317994, x2=301.7767446022481, y2=96.3110627559945, score=1.0)
DEBUG:__main__:[Stage4] frame 2928: detect box=Box(x1=286.0, y1=79.0, x2=303.0, y2=95.0, score=0.6595525741577148)
DEBUG:__main__:[Stage4] frame 2929: track box=Box(x1=286.34000200405717, y1=76.60690581053495, x2=303.26599687710404, y2=92.3110765144229, score=1.0)
DEBUG:__main__:[Stage4] frame 2930: track box=Box(x1=290.14704671129584, y1=73.00748795829713, x2=306.8349969647825, y2=88.72915274463594, score=1.0)
DEBUG:__main__:[Stage4] frame 2931: track box=Box(x1=292.5738271661103, y1=70.29693660140038, x2=309.4657486267388, y2=86.27951291203499, score=1.0)
DEBUG:__main__:[Stage4] frame 2932: track box=Box(x1=293.9927238859236, y1=67.83185724541545, x2=310.72448605671525, y2=83.79951707646251, score=1.0)
DEBUG:__main__:[Stage4] frame 2933: track box=Box(x1=296.8547453992069, y1=64.72915127687156, x2=313.664115678519, y2=80.54544618539512, score=1.0)
DEBUG:__main__:[Stage4] frame 2934: track box=Box(x1=298.2405618391931, y1=62.32723123766482, x2=314.92527448758483, y2=78.13463551737368, score=1.0)
DEBUG:__main__:[Stage4] frame 2935: track box=Box(x1=301.5655235722661, y1=56.3628621827811, x2=318.47943557053804, y2=72.11798597685993, score=1.0)
DEBUG:__main__:[Stage4] frame 2936: detect box=Box(x1=305.0, y1=54.0, x2=322.0, y2=70.0, score=0.7348220944404602)
DEBUG:__main__:[Stage4] frame 2937: track box=Box(x1=308.00865959376097, y1=51.37176416814327, x2=325.2099610492587, y2=67.01438890397549, score=1.0)
DEBUG:__main__:[Stage4] frame 2938: track box=Box(x1=309.8915039822459, y1=47.07933710515499, x2=326.9924632832408, y2=62.88631258904934, score=1.0)
DEBUG:__main__:[Stage4] frame 2939: track box=Box(x1=312.2769821360707, y1=44.327737275511026, x2=329.42966444045305, y2=60.153091970831156, score=1.0)
DEBUG:__main__:[Stage4] frame 2940: track box=Box(x1=316.295965321362, y1=37.0595018658787, x2=333.7223570421338, y2=52.472193697467446, score=1.0)
DEBUG:__main__:[Stage4] frame 2941: track box=Box(x1=320.7370253317058, y1=31.93712550587952, x2=337.9062890522182, y2=47.7505840677768, score=1.0)
DEBUG:__main__:[Stage4] frame 2942: track box=Box(x1=323.9063439555466, y1=29.00528305210173, x2=341.0072757191956, y2=44.69698327220976, score=1.0)
DEBUG:__main__:[Stage4] frame 2943: track box=Box(x1=327.95618445798755, y1=23.710192704573274, x2=345.082139801234, y2=39.44614543952048, score=1.0)
DEBUG:__main__:[Stage4] frame 2944: detect box=Box(x1=330.0, y1=20.0, x2=347.0, y2=37.0, score=0.8218665719032288)
DEBUG:__main__:[Stage4] frame 2945: track box=Box(x1=335.4182474389672, y1=12.178744722157717, x2=352.49318144470453, y2=28.767908740788698, score=1.0)
DEBUG:__main__:[Stage4] frame 2946: track box=Box(x1=339.55854960530996, y1=7.161976266652346, x2=356.577708683908, y2=23.787743974477053, score=1.0)
DEBUG:__main__:[Stage4] frame 2947: track box=Box(x1=343.29308497160673, y1=2.821205993182957, x2=360.58972036093473, y2=19.723080058582127, score=1.0)
DEBUG:__main__:[Stage4] frame 2948: track box=Box(x1=347.9810811872594, y1=0.0, x2=365.2084859008901, y2=14.168875497765839, score=1.0)
DEBUG:__main__:[Stage4] frame 2949: track box=Box(x1=350.3014689232223, y1=0.0, x2=367.43129648221657, y2=11.18955827737227, score=1.0)
DEBUG:__main__:[Stage4] frame 2950: tracker.update rejected (conf=0.225 threshold=0.400, track_age=6 max=30, box_is_none=False) -- try re-detect
DEBUG:__main__:[Stage4] frame 2950: none box=None
DEBUG:__main__:[Stage4] frame 2951: none box=None
DEBUG:__main__:[Stage4] frame 2952: none box=None
DEBUG:__main__:[Stage4] frame 2953: none box=None
DEBUG:__main__:[Stage4] frame 2954: none box=None
DEBUG:__main__:[Stage4] frame 2955: none box=None
DEBUG:__main__:[Stage4] frame 2956: none box=None
DEBUG:__main__:[Stage4] frame 2957: none box=None
DEBUG:__main__:[Stage4] frame 2958: none box=None
DEBUG:__main__:[Stage4] frame 2959: none box=None
DEBUG:__main__:[Stage4] frame 2960: none box=None
DEBUG:__main__:[Stage4] frame 2961: none box=None
DEBUG:__main__:[Stage4] frame 2962: none box=None
DEBUG:__main__:[Stage4] frame 2963: none box=None
DEBUG:__main__:[Stage4] frame 2964: none box=None
DEBUG:__main__:[Stage4] frame 2965: none box=None
DEBUG:__main__:[Stage4] frame 2966: none box=None
DEBUG:__main__:[Stage4] frame 2967: none box=None
DEBUG:__main__:[Stage4] frame 2968: none box=None
DEBUG:__main__:[Stage4] frame 2969: none box=None
DEBUG:__main__:[Stage4] frame 2970: none box=None
DEBUG:__main__:[Stage4] frame 2971: none box=None
DEBUG:__main__:[Stage4] frame 2972: none box=None
DEBUG:__main__:[Stage4] frame 2973: none box=None
DEBUG:__main__:[Stage4] frame 2974: none box=None
DEBUG:__main__:[Stage4] frame 2975: none box=None
DEBUG:__main__:[Stage4] frame 2976: none box=None
DEBUG:__main__:[Stage4] frame 2977: none box=None
DEBUG:__main__:[Stage4] frame 2978: none box=None
DEBUG:__main__:[Stage4] frame 2979: none box=None
DEBUG:__main__:[Stage4] frame 2980: none box=None
DEBUG:__main__:[Stage4] frame 2981: none box=None
DEBUG:__main__:[Stage4] frame 2982: none box=None
DEBUG:__main__:[Stage4] frame 2983: none box=None
DEBUG:__main__:[Stage4] frame 2984: none box=None
DEBUG:__main__:[Stage4] frame 2985: none box=None
DEBUG:__main__:[Stage4] frame 2986: none box=None
DEBUG:__main__:[Stage4] frame 2987: none box=None
DEBUG:__main__:[Stage4] frame 2988: none box=None
DEBUG:__main__:[Stage4] frame 2989: none box=None
DEBUG:__main__:[Stage4] frame 2990: none box=None
DEBUG:__main__:[Stage4] frame 2991: none box=None
INFO:__main__:[Stage4] Helmet_0: backward_tracking recovered 2 frame(s) [2990, 2992) before the lock at frame 2992
DEBUG:__main__:[Stage4] frame 2992: detect box=Box(x1=479.0, y1=6.0, x2=496.0, y2=21.0, score=0.9206827878952026)
DEBUG:__main__:[Stage4] frame 2993: track box=Box(x1=479.5235176086426, y1=13.507493734359741, x2=496.76648330688477, y2=28.272153615951538, score=1.0)
DEBUG:__main__:[Stage4] frame 2994: track box=Box(x1=480.543203830719, y1=18.39246505498886, x2=497.4245705604553, y2=32.96924728155136, score=1.0)
DEBUG:__main__:[Stage4] frame 2995: track box=Box(x1=480.4788170217071, y1=28.741613153368235, x2=497.80126581178047, y2=43.87400180473924, score=1.0)
DEBUG:__main__:[Stage4] frame 2996: track box=Box(x1=479.36180148483254, y1=34.67716707661748, x2=496.7142418420408, y2=49.67672451213002, score=1.0)
DEBUG:__main__:[Stage4] frame 2997: track box=Box(x1=478.9852355627809, y1=40.57109014876187, x2=496.21669696853496, y2=55.467161105945706, score=1.0)
DEBUG:__main__:[Stage4] frame 2998: track box=Box(x1=480.06734987930395, y1=47.47863024286926, x2=497.36773124174215, y2=62.31834947876632, score=1.0)
DEBUG:__main__:[Stage4] frame 2999: track box=Box(x1=479.74110968620516, y1=52.75420928187668, x2=497.0415879061911, y2=67.59662115760148, score=1.0)
DEBUG:__main__:[Stage4] frame 3000: detect box=Box(x1=479.0, y1=62.0, x2=495.0, y2=76.0, score=0.6800737977027893)
DEBUG:__main__:[Stage4] frame 3001: track box=Box(x1=478.30168803036213, y1=67.42041090130806, x2=494.53793604671955, y2=81.3459680378437, score=1.0)
DEBUG:__main__:[Stage4] frame 3002: track box=Box(x1=478.9209155505523, y1=72.41599161177874, x2=495.4313963120803, y2=86.36645055562258, score=1.0)
DEBUG:__main__:[Stage4] frame 3003: track box=Box(x1=477.71530731301755, y1=78.78287144750357, x2=494.0139033375308, y2=92.80629166215658, score=1.0)
DEBUG:__main__:[Stage4] frame 3004: track box=Box(x1=478.39685210958123, y1=82.81873103231192, x2=494.8836669065058, y2=96.48943784087896, score=1.0)
DEBUG:__main__:[Stage4] frame 3005: track box=Box(x1=477.1285730600357, y1=89.53975181281567, x2=493.65687692165375, y2=103.53802262246609, score=1.0)
DEBUG:__main__:[Stage4] frame 3006: track box=Box(x1=476.6628459468484, y1=94.50084235519171, x2=493.32561568170786, y2=108.47858860343695, score=1.0)
DEBUG:__main__:[Stage4] frame 3007: track box=Box(x1=477.77677476778626, y1=99.13267325423658, x2=494.30544340983033, y2=112.86614130996168, score=1.0)
DEBUG:__main__:[Stage4] frame 3008: detect box=Box(x1=477.0, y1=104.0, x2=494.0, y2=118.0, score=0.8368260860443115)
DEBUG:__main__:[Stage4] frame 3009: track box=Box(x1=476.0072496756911, y1=107.10349433869123, x2=493.3203743323684, y2=121.20919411629438, score=1.0)
DEBUG:__main__:[Stage4] frame 3010: track box=Box(x1=475.54073445126414, y1=113.2736303806305, x2=492.9948330335319, y2=127.38865929841995, score=1.0)
DEBUG:__main__:[Stage4] frame 3011: track box=Box(x1=475.2768582254648, y1=117.95736702904105, x2=492.4969281703234, y2=131.91879763826728, score=1.0)
DEBUG:__main__:[Stage4] frame 3012: track box=Box(x1=476.074471347034, y1=122.29820883227512, x2=493.0948379561305, y2=136.03810775233433, score=1.0)
DEBUG:__main__:[Stage4] frame 3013: track box=Box(x1=474.64381209015846, y1=127.03522876231, x2=491.8698599636555, y2=140.99501219717786, score=1.0)
DEBUG:__main__:[Stage4] frame 3014: track box=Box(x1=474.24497539922595, y1=128.85394926881418, x2=491.6917440406978, y2=142.93710496043786, score=1.0)
DEBUG:__main__:[Stage4] frame 3015: track box=Box(x1=474.0093445107341, y1=135.93957458576187, x2=491.6056672260165, y2=150.1936545833014, score=1.0)
DEBUG:__main__:[Stage4] frame 3016: detect box=Box(x1=473.0, y1=139.0, x2=490.0, y2=153.0, score=0.7012681365013123)
DEBUG:__main__:[Stage4] frame 3017: track box=Box(x1=473.1837955499068, y1=141.11481457203627, x2=490.2746439957991, y2=155.45738773792982, score=1.0)
DEBUG:__main__:[Stage4] frame 3018: track box=Box(x1=472.61393544543535, y1=145.2972286120057, x2=489.47261527646333, y2=159.5093003883958, score=1.0)
DEBUG:__main__:[Stage4] frame 3019: track box=Box(x1=471.42992625106126, y1=147.5410331338644, x2=488.3655900703743, y2=161.90455232560635, score=1.0)
DEBUG:__main__:[Stage4] frame 3020: track box=Box(x1=471.4868109712261, y1=150.44308222085238, x2=488.2378998884815, y2=164.5932775810361, score=1.0)
DEBUG:__main__:[Stage4] frame 3021: track box=Box(x1=471.0477269181865, y1=151.57838454470038, x2=487.7497287282604, y2=165.6726135276258, score=1.0)
DEBUG:__main__:[Stage4] frame 3022: track box=Box(x1=471.0911309441435, y1=152.74107225239277, x2=488.4087419232237, y2=167.2857553511858, score=1.0)
DEBUG:__main__:[Stage4] frame 3023: track box=Box(x1=470.1830774268019, y1=155.2133008390665, x2=486.97580585087417, y2=169.32251943647861, score=1.0)
DEBUG:__main__:[Stage4] frame 3024: detect box=Box(x1=471.0, y1=157.0, x2=487.0, y2=171.0, score=0.678531289100647)
DEBUG:__main__:[Stage4] frame 3025: track box=Box(x1=469.79981721937656, y1=158.0826167538762, x2=486.2811261564493, y2=172.03019661456347, score=1.0)
DEBUG:__main__:[Stage4] frame 3026: track box=Box(x1=469.6087434850633, y1=158.60137644782662, x2=485.8569970689714, y2=172.5292201973498, score=1.0)
DEBUG:__main__:[Stage4] frame 3027: track box=Box(x1=470.80105870589614, y1=159.46606307383627, x2=486.9811212979257, y2=173.33625625725836, score=1.0)
DEBUG:__main__:[Stage4] frame 3028: track box=Box(x1=468.72994761541486, y1=160.8509718393907, x2=485.0023911483586, y2=174.7992562269792, score=1.0)
DEBUG:__main__:[Stage4] frame 3029: track box=Box(x1=469.59148850198835, y1=161.50477429945022, x2=485.75444426294416, y2=175.24841692764312, score=1.0)
DEBUG:__main__:[Stage4] frame 3030: track box=Box(x1=467.766108921729, y1=162.48919331748039, x2=484.3666474139318, y2=176.35586344916373, score=1.0)
DEBUG:__main__:[Stage4] frame 3031: track box=Box(x1=467.0860792500898, y1=162.71602172241546, x2=483.5208827359602, y2=176.49079841957428, score=1.0)
DEBUG:__main__:[Stage4] frame 3032: detect box=Box(x1=468.0, y1=163.0, x2=484.0, y2=177.0, score=0.3528752624988556)
DEBUG:__main__:[Stage4] frame 3033: track box=Box(x1=467.6450233012438, y1=163.52374877780676, x2=483.8277272731066, y2=177.26518835872412, score=1.0)
DEBUG:__main__:[Stage4] frame 3034: track box=Box(x1=467.01839512586594, y1=164.15208647027612, x2=483.1127364039421, y2=177.98640558496118, score=1.0)
DEBUG:__main__:[Stage4] frame 3035: track box=Box(x1=466.71896336972713, y1=164.44098876789212, x2=482.8839433044195, y2=178.24293183162808, score=1.0)
DEBUG:__main__:[Stage4] frame 3036: track box=Box(x1=466.3132148832083, y1=164.95046123862267, x2=482.44545398652554, y2=178.6417256295681, score=1.0)
DEBUG:__main__:[Stage4] frame 3037: track box=Box(x1=466.6434113252908, y1=163.88216398656368, x2=483.02839319594204, y2=178.03723238408566, score=1.0)
DEBUG:__main__:[Stage4] frame 3038: track box=Box(x1=466.50961717404425, y1=165.04890684969723, x2=482.8804109338671, y2=179.01030980236828, score=1.0)
DEBUG:__main__:[Stage4] frame 3039: track box=Box(x1=466.2544861044735, y1=163.95631504617631, x2=482.5781806316227, y2=178.19598305784166, score=1.0)
DEBUG:__main__:[Stage4] frame 3040: detect box=Box(x1=465.0, y1=164.0, x2=483.0, y2=179.0, score=0.6795938014984131)
DEBUG:__main__:[Stage4] frame 3041: track box=Box(x1=465.2304570134729, y1=164.78851803019643, x2=483.1928631719202, y2=179.52332301810384, score=1.0)
DEBUG:__main__:[Stage4] frame 3042: track box=Box(x1=464.77305358462036, y1=164.8537181057036, x2=482.87156110815704, y2=179.62676459923387, score=1.0)
DEBUG:__main__:[Stage4] frame 3043: track box=Box(x1=464.77642330212984, y1=164.76395447179675, x2=482.75498208089266, y2=179.58986873552203, score=1.0)
DEBUG:__main__:[Stage4] frame 3044: track box=Box(x1=464.7566787370015, y1=164.66829833760858, x2=482.75115016778, y2=179.5039844252169, score=1.0)
DEBUG:__main__:[Stage4] frame 3045: track box=Box(x1=464.24676970322616, y1=164.52841476723552, x2=482.4409852393437, y2=179.6259652785957, score=1.0)
DEBUG:__main__:[Stage4] frame 3046: track box=Box(x1=464.6597686598543, y1=163.90680780261755, x2=482.6595938990358, y2=178.86827387660742, score=1.0)
DEBUG:__main__:[Stage4] frame 3047: track box=Box(x1=464.1700229907874, y1=164.98376805707812, x2=482.14574542292394, y2=180.0817906372249, score=1.0)
DEBUG:__main__:[Stage4] frame 3048: detect box=Box(x1=464.0, y1=164.0, x2=483.0, y2=181.0, score=0.6400494575500488)
DEBUG:__main__:[Stage4] frame 3049: track box=Box(x1=463.88915130496025, y1=164.34443069435656, x2=482.55852767825127, y2=180.83993030525744, score=1.0)
DEBUG:__main__:[Stage4] frame 3050: track box=Box(x1=464.01771475793794, y1=163.84287727810442, x2=482.87484683515504, y2=180.54121310450137, score=1.0)
DEBUG:__main__:[Stage4] frame 3051: track box=Box(x1=466.07760631339625, y1=163.19041897542775, x2=484.592451446224, y2=179.9660467673093, score=1.0)
DEBUG:__main__:[Stage4] frame 3052: track box=Box(x1=466.0105363097973, y1=163.80645067803562, x2=484.4859779444523, y2=180.40622062794864, score=1.0)
DEBUG:__main__:[Stage4] frame 3053: track box=Box(x1=467.5397007581778, y1=163.42628796212375, x2=486.1247620698996, y2=180.10541505925357, score=1.0)
DEBUG:__main__:[Stage4] frame 3054: track box=Box(x1=469.30230413982645, y1=164.10787047166377, x2=487.9833794743754, y2=180.76049722451717, score=1.0)
DEBUG:__main__:[Stage4] frame 3055: track box=Box(x1=470.23646018700674, y1=161.30678088124841, x2=489.02209381060675, y2=178.16263759788126, score=1.0)
DEBUG:__main__:[Stage4] frame 3056: detect box=Box(x1=474.0, y1=161.0, x2=491.0, y2=177.0, score=0.6782425045967102)
DEBUG:__main__:[Stage4] frame 3057: track box=Box(x1=475.44909270480275, y1=158.49598218500614, x2=492.23572500422597, y2=174.48179699480534, score=1.0)
DEBUG:__main__:[Stage4] frame 3058: track box=Box(x1=479.55801360320766, y1=156.98583659529686, x2=496.41985039424617, y2=172.82945641875267, score=1.0)
DEBUG:__main__:[Stage4] frame 3059: track box=Box(x1=481.6413296238752, y1=155.28037229925394, x2=498.31693921249826, y2=171.06931475549936, score=1.0)
DEBUG:__main__:[Stage4] frame 3060: track box=Box(x1=485.20864230778534, y1=151.96533174254, x2=501.859233502415, y2=167.59515673853457, score=1.0)
DEBUG:__main__:[Stage4] frame 3061: track box=Box(x1=488.690448135254, y1=149.4035025127232, x2=505.43640139710624, y2=165.31314121559262, score=1.0)
DEBUG:__main__:[Stage4] frame 3062: track box=Box(x1=491.89735106390435, y1=147.1052383594215, x2=508.66022650164086, y2=163.12191073223948, score=1.0)
DEBUG:__main__:[Stage4] frame 3063: track box=Box(x1=496.0190674198093, y1=144.16014663130045, x2=513.0497789514484, y2=160.24557188898325, score=1.0)
DEBUG:__main__:[Stage4] frame 3064: detect box=Box(x1=500.0, y1=144.0, x2=516.0, y2=159.0, score=0.5182297229766846)
DEBUG:__main__:[Stage4] frame 3065: track box=Box(x1=503.48339468985796, y1=139.52048144489527, x2=519.8054929450154, y2=154.6798054948449, score=1.0)
DEBUG:__main__:[Stage4] frame 3066: track box=Box(x1=508.2694565746933, y1=135.84362918674015, x2=524.651817927137, y2=150.60803378163837, score=1.0)
DEBUG:__main__:[Stage4] frame 3067: track box=Box(x1=512.2988994601183, y1=133.0221835502889, x2=528.8670214894228, y2=148.23886652081273, score=1.0)
DEBUG:__main__:[Stage4] frame 3068: track box=Box(x1=517.3334215763025, y1=129.72300712554716, x2=533.6312960269861, y2=144.60762779205106, score=1.0)
DEBUG:__main__:[Stage4] frame 3069: track box=Box(x1=520.4629694442265, y1=128.17830216675065, x2=536.4308737139218, y2=143.184065339854, score=1.0)
DEBUG:__main__:[Stage4] frame 3070: track box=Box(x1=525.147753554862, y1=123.84270719229244, x2=541.7729816022329, y2=138.95353904902004, score=1.0)
DEBUG:__main__:[Stage4] frame 3071: track box=Box(x1=530.1266511860304, y1=121.21821234165691, x2=546.8695215168409, y2=136.65785238682292, score=1.0)
DEBUG:__main__:[Stage4] frame 3072: detect box=Box(x1=535.0, y1=119.0, x2=551.0, y2=134.0, score=0.5585020184516907)
DEBUG:__main__:[Stage4] frame 3073: track box=Box(x1=538.4993328675628, y1=115.38815882382914, x2=554.990906201303, y2=130.215214158874, score=1.0)
DEBUG:__main__:[Stage4] frame 3074: track box=Box(x1=541.9868893586099, y1=113.69494852004573, x2=558.6359298788011, y2=128.69662239728495, score=1.0)
DEBUG:__main__:[Stage4] frame 3075: track box=Box(x1=546.4696000181139, y1=109.57279628096148, x2=563.0922158323228, y2=124.48197978315875, score=1.0)
DEBUG:__main__:[Stage4] frame 3076: track box=Box(x1=551.7698346879333, y1=106.07224420784041, x2=568.3316368963569, y2=120.63509420631453, score=1.0)
DEBUG:__main__:[Stage4] frame 3077: track box=Box(x1=554.9433740023524, y1=103.22824935754761, x2=571.5802142266184, y2=118.51610259851441, score=1.0)
DEBUG:__main__:[Stage4] frame 3078: track box=Box(x1=560.1553567890078, y1=100.50369684537873, x2=576.7377809528261, y2=115.50058023771271, score=1.0)
DEBUG:__main__:[Stage4] frame 3079: track box=Box(x1=562.6144718173891, y1=98.81550400098786, x2=578.5920223239809, y2=113.69096176465973, score=1.0)
DEBUG:__main__:[Stage4] frame 3080: detect box=Box(x1=565.0, y1=95.0, x2=581.0, y2=110.0, score=0.5074187517166138)
DEBUG:__main__:[Stage4] frame 3081: track box=Box(x1=568.2041213512421, y1=91.94031760469079, x2=584.7248262166977, y2=106.85921690240502, score=1.0)
DEBUG:__main__:[Stage4] frame 3082: track box=Box(x1=571.1109231933951, y1=89.6752755921334, x2=587.5761068686843, y2=104.64761093072593, score=1.0)
DEBUG:__main__:[Stage4] frame 3083: track box=Box(x1=574.2793865613639, y1=86.38393597118556, x2=590.9154982976615, y2=101.3727148603648, score=1.0)
DEBUG:__main__:[Stage4] frame 3084: track box=Box(x1=576.438479822129, y1=84.73484058491886, x2=592.6899828128517, y2=99.60148639790714, score=1.0)
DEBUG:__main__:[Stage4] frame 3085: track box=Box(x1=579.4947067797184, y1=80.924850119045, x2=596.0096003711224, y2=95.67628086893819, score=1.0)
DEBUG:__main__:[Stage4] frame 3086: track box=Box(x1=582.8917316049337, y1=78.10251863277517, x2=599.3925961703062, y2=93.1131070998963, score=1.0)
DEBUG:__main__:[Stage4] frame 3087: track box=Box(x1=585.1588964685798, y1=75.98644027276896, x2=601.4545377120376, y2=90.99668327136897, score=1.0)
DEBUG:__main__:[Stage4] frame 3088: detect box=Box(x1=588.0, y1=74.0, x2=605.0, y2=89.0, score=0.6646523475646973)
DEBUG:__main__:[Stage4] frame 3089: track box=Box(x1=589.1020921468735, y1=71.5955194234848, x2=606.3590425252914, y2=86.54994904994965, score=1.0)
DEBUG:__main__:[Stage4] frame 3090: track box=Box(x1=591.4178957901895, y1=68.33583104703575, x2=608.9686771593988, y2=83.04686534497887, score=1.0)
DEBUG:__main__:[Stage4] frame 3091: track box=Box(x1=593.8207753673196, y1=66.21597673092037, x2=611.24507240206, y2=81.00969250593334, score=1.0)
DEBUG:__main__:[Stage4] frame 3092: track box=Box(x1=596.5329068079591, y1=63.48222995456308, x2=613.9703997150064, y2=78.45689112599939, score=1.0)
DEBUG:__main__:[Stage4] frame 3093: track box=Box(x1=599.1891325563192, y1=60.75552290584892, x2=616.7886836379766, y2=75.93875324632972, score=1.0)
DEBUG:__main__:[Stage4] frame 3094: track box=Box(x1=601.0327604971826, y1=58.82092789467424, x2=618.5827949009836, y2=73.78905288036913, score=1.0)
DEBUG:__main__:[Stage4] frame 3095: track box=Box(x1=603.482511524111, y1=54.60491510014981, x2=620.7363160289824, y2=69.55428870301694, score=1.0)
DEBUG:__main__:[Stage4] frame 3096: detect box=Box(x1=607.0, y1=51.0, x2=624.0, y2=67.0, score=0.7906882762908936)
DEBUG:__main__:[Stage4] frame 3097: track box=Box(x1=610.1088854521513, y1=47.844183657318354, x2=627.3260956257582, y2=63.86429426446557, score=1.0)
DEBUG:__main__:[Stage4] frame 3098: track box=Box(x1=612.5979106016457, y1=45.13326266221702, x2=629.8425868339837, y2=61.37621453218162, score=1.0)
DEBUG:__main__:[Stage4] frame 3099: track box=Box(x1=613.2170879151672, y1=42.94434117525816, x2=630.6141605284065, y2=58.968500547111034, score=1.0)
DEBUG:__main__:[Stage4] frame 3100: track box=Box(x1=616.3521616850048, y1=39.83000084199011, x2=633.710884610191, y2=56.03972270525992, score=1.0)
DEBUG:__main__:[Stage4] frame 3101: track box=Box(x1=618.5066100452095, y1=36.29538961313665, x2=635.9547549579293, y2=52.53626938723028, score=1.0)
DEBUG:__main__:[Stage4] frame 3102: track box=Box(x1=621.6072006020695, y1=33.64968607388437, x2=638.9569804463536, y2=50.04618117772043, score=1.0)
DEBUG:__main__:[Stage4] frame 3103: track box=Box(x1=624.7238716427237, y1=29.960820330306888, x2=642.1494285408407, y2=45.99525464884937, score=1.0)
DEBUG:__main__:[Stage4] frame 3104: detect box=Box(x1=626.0, y1=29.0, x2=643.0, y2=45.0, score=0.7586101293563843)
DEBUG:__main__:[Stage4] frame 3105: track box=Box(x1=627.3058359324932, y1=25.853315176442266, x2=644.7669325768948, y2=41.8216791767627, score=1.0)
DEBUG:__main__:[Stage4] frame 3106: track box=Box(x1=630.4096420370042, y1=24.87055823020637, x2=647.5420646630228, y2=40.952699391171336, score=1.0)
DEBUG:__main__:[Stage4] frame 3107: track box=Box(x1=634.0968212261796, y1=23.55375282280147, x2=651.1426285877824, y2=39.67567734234035, score=1.0)
DEBUG:__main__:[Stage4] frame 3108: track box=Box(x1=636.8704605177045, y1=22.31071730144322, x2=654.0217924192548, y2=38.359101312235, score=1.0)
DEBUG:__main__:[Stage4] frame 3109: track box=Box(x1=638.0040453784168, y1=21.389219084754586, x2=655.5512780062854, y2=37.34961805678904, score=1.0)
DEBUG:__main__:[Stage4] frame 3110: track box=Box(x1=640.493459738791, y1=20.297406600788236, x2=657.8525141254067, y2=36.52999530918896, score=1.0)
DEBUG:__main__:[Stage4] frame 3111: track box=Box(x1=643.8544632419944, y1=20.456344263628125, x2=661.3342589363456, y2=36.50446595437825, score=1.0)
DEBUG:__main__:[Stage4] frame 3112: detect box=Box(x1=647.0, y1=20.0, x2=664.0, y2=35.0, score=0.8927814960479736)
DEBUG:__main__:[Stage4] frame 3113: track box=Box(x1=649.4643814563751, y1=19.355835437774658, x2=666.8043701648712, y2=34.303261280059814, score=1.0)
DEBUG:__main__:[Stage4] frame 3114: track box=Box(x1=651.6423255391419, y1=19.717298445291817, x2=669.2100104875863, y2=34.79234665352851, score=1.0)
DEBUG:__main__:[Stage4] frame 3115: track box=Box(x1=655.1395987533033, y1=18.88346374500543, x2=672.5501722358167, y2=34.27820122707635, score=1.0)
DEBUG:__main__:[Stage4] frame 3116: track box=Box(x1=657.7389154620469, y1=18.300649342127144, x2=675.0977777428925, y2=33.51735788304359, score=1.0)
DEBUG:__main__:[Stage4] frame 3117: track box=Box(x1=660.9051976017654, y1=18.688672612421215, x2=678.3644964508712, y2=33.91202552150935, score=1.0)
DEBUG:__main__:[Stage4] frame 3118: track box=Box(x1=664.1303029544652, y1=19.07534741330892, x2=681.5868756063282, y2=34.33287810254842, score=1.0)
DEBUG:__main__:[Stage4] frame 3119: track box=Box(x1=665.7921165004373, y1=18.08002406079322, x2=683.1043659225106, y2=33.36921482998878, score=1.0)
DEBUG:__main__:[Stage4] frame 3120: detect box=Box(x1=668.0, y1=18.0, x2=686.0, y2=34.0, score=0.9181681871414185)
DEBUG:__main__:[Stage4] frame 3121: track box=Box(x1=671.5090420693159, y1=18.038164108991623, x2=689.7159707993269, y2=34.11781498789787, score=1.0)
DEBUG:__main__:[Stage4] frame 3122: track box=Box(x1=675.8253972046077, y1=17.464537296444178, x2=693.8180434815586, y2=33.54433671012521, score=1.0)
DEBUG:__main__:[Stage4] frame 3123: track box=Box(x1=679.958057962358, y1=17.792109250091016, x2=698.0972404703498, y2=33.79307603742927, score=1.0)
DEBUG:__main__:[Stage4] frame 3124: track box=Box(x1=682.1899550296366, y1=18.2666429085657, x2=700.430569563061, y2=33.9579053921625, score=1.0)
DEBUG:__main__:[Stage4] frame 3125: track box=Box(x1=686.1440914310515, y1=18.11018195282668, x2=704.4311988987029, y2=34.059581900946796, score=1.0)
DEBUG:__main__:[Stage4] frame 3126: track box=Box(x1=690.8822461026721, y1=17.923571626655757, x2=709.2600363153033, y2=33.8509700698778, score=1.0)
DEBUG:__main__:[Stage4] frame 3127: track box=Box(x1=695.14444367541, y1=18.643761871382594, x2=713.4128026212566, y2=34.77893084101379, score=1.0)
DEBUG:__main__:[Stage4] frame 3128: detect box=Box(x1=701.0, y1=18.0, x2=720.0, y2=35.0, score=0.8562846779823303)
DEBUG:__main__:[Stage4] frame 3129: track box=Box(x1=703.3044998347759, y1=18.28465381078422, x2=722.3426692187786, y2=34.91210093908012, score=1.0)
DEBUG:__main__:[Stage4] frame 3130: track box=Box(x1=706.9094850420952, y1=16.063489435240626, x2=725.8833500742912, y2=32.844320295378566, score=1.0)
DEBUG:__main__:[Stage4] frame 3131: track box=Box(x1=712.0139123946428, y1=15.818497536703944, x2=731.2022082358599, y2=32.694754956290126, score=1.0)
DEBUG:__main__:[Stage4] frame 3132: track box=Box(x1=714.7011883705854, y1=14.391063986346126, x2=733.6025565117598, y2=31.264707861468196, score=1.0)
DEBUG:__main__:[Stage4] frame 3133: track box=Box(x1=720.1008168309927, y1=12.21648502163589, x2=739.3764325231314, y2=29.396952150389552, score=1.0)
DEBUG:__main__:[Stage4] frame 3134: track box=Box(x1=722.5938710346818, y1=12.124250369146466, x2=741.654192365706, y2=29.059871332719922, score=1.0)
DEBUG:__main__:[Stage4] frame 3135: track box=Box(x1=725.8029107525945, y1=9.011566700413823, x2=745.0713638737798, y2=26.15162474103272, score=1.0)
DEBUG:__main__:[Stage4] frame 3136: detect box=Box(x1=731.0, y1=9.0, x2=749.0, y2=24.0, score=0.810481607913971)
DEBUG:__main__:[Stage4] frame 3137: track box=Box(x1=734.5222286209464, y1=6.671578511595726, x2=752.8331080898643, y2=21.558484062552452, score=1.0)
DEBUG:__main__:[Stage4] frame 3138: track box=Box(x1=739.4398137982935, y1=4.671347223222256, x2=758.0110226329416, y2=19.724376522004604, score=1.0)
DEBUG:__main__:[Stage4] frame 3139: track box=Box(x1=742.0426511149853, y1=3.575938832014799, x2=760.5513335447758, y2=18.50351596996188, score=1.0)
DEBUG:__main__:[Stage4] frame 3140: track box=Box(x1=744.8280161041766, y1=0.0, x2=763.253749312833, y2=15.52196007128805, score=1.0)
DEBUG:__main__:[Stage4] frame 3141: track box=Box(x1=748.721806274727, y1=0.0, x2=767.6183442939073, y2=13.78935883520171, score=1.0)
DEBUG:__main__:[Stage4] frame 3142: track box=Box(x1=752.5671710055321, y1=0.09954735054634511, x2=771.3352347891778, y2=12.328138196608052, score=1.0)
DEBUG:__main__:[Stage4] frame 3143: track box=Box(x1=757.7953541632742, y1=0.0, x2=776.0115950461477, y2=10.0, score=1.0)
DEBUG:__main__:[Stage4] frame 3144: track box=Box(x1=759.6743993517011, y1=0.0, x2=777.9923559185117, y2=10.0, score=1.0)
DEBUG:__main__:[Stage4] frame 3145: track box=Box(x1=762.9408675190061, y1=0.0, x2=780.2896052356809, y2=10.0, score=1.0)
DEBUG:__main__:[Stage4] frame 3146: tracker.update rejected (conf=0.354 threshold=0.400, track_age=10 max=30, box_is_none=False) -- try re-detect
DEBUG:__main__:[Stage4] frame 3146: none box=None
DEBUG:__main__:[Stage4] frame 3147: none box=None
DEBUG:__main__:[Stage4] frame 3148: none box=None
DEBUG:__main__:[Stage4] frame 3149: none box=None
DEBUG:__main__:[Stage4] frame 3150: none box=None
DEBUG:__main__:[Stage4] frame 3151: none box=None
DEBUG:__main__:[Stage4] frame 3152: none box=None
DEBUG:__main__:[Stage4] frame 3153: none box=None
DEBUG:__main__:[Stage4] frame 3154: none box=None
DEBUG:__main__:[Stage4] frame 3155: none box=None
DEBUG:__main__:[Stage4] frame 3156: none box=None
DEBUG:__main__:[Stage4] frame 3157: none box=None
DEBUG:__main__:[Stage4] frame 3158: none box=None
DEBUG:__main__:[Stage4] frame 3159: none box=None
DEBUG:__main__:[Stage4] frame 3160: none box=None
DEBUG:__main__:[Stage4] frame 3161: none box=None
DEBUG:__main__:[Stage4] frame 3162: none box=None
DEBUG:__main__:[Stage4] frame 3163: none box=None
DEBUG:__main__:[Stage4] frame 3164: none box=None
DEBUG:__main__:[Stage4] frame 3165: none box=None
DEBUG:__main__:[Stage4] frame 3166: none box=None
DEBUG:__main__:[Stage4] frame 3167: none box=None
DEBUG:__main__:[Stage4] frame 3168: none box=None
DEBUG:__main__:[Stage4] frame 3169: none box=None
DEBUG:__main__:[Stage4] frame 3170: none box=None
DEBUG:__main__:[Stage4] frame 3171: none box=None
DEBUG:__main__:[Stage4] frame 3172: none box=None
DEBUG:__main__:[Stage4] frame 3173: none box=None
DEBUG:__main__:[Stage4] frame 3174: none box=None
DEBUG:__main__:[Stage4] frame 3175: none box=None
DEBUG:__main__:[Stage4] frame 3176: none box=None
DEBUG:__main__:[Stage4] frame 3177: none box=None
DEBUG:__main__:[Stage4] frame 3178: none box=None
DEBUG:__main__:[Stage4] frame 3179: none box=None
DEBUG:__main__:[Stage4] frame 3180: none box=None
DEBUG:__main__:[Stage4] frame 3181: none box=None
DEBUG:__main__:[Stage4] frame 3182: none box=None
DEBUG:__main__:[Stage4] frame 3183: none box=None
DEBUG:__main__:[Stage4] frame 3184: none box=None
DEBUG:__main__:[Stage4] frame 3185: none box=None
DEBUG:__main__:[Stage4] frame 3186: none box=None
DEBUG:__main__:[Stage4] frame 3187: none box=None
DEBUG:__main__:[Stage4] frame 3188: none box=None
DEBUG:__main__:[Stage4] frame 3189: none box=None
DEBUG:__main__:[Stage4] frame 3190: none box=None
DEBUG:__main__:[Stage4] frame 3191: none box=None
INFO:__main__:[Stage4] Helmet_0: backward_tracking recovered 11 frame(s) [3181, 3192) before the lock at frame 3192
DEBUG:__main__:[Stage4] frame 3192: detect box=Box(x1=890.0, y1=24.0, x2=908.0, y2=38.0, score=0.6899476647377014)
DEBUG:__main__:[Stage4] frame 3193: track box=Box(x1=892.1348414421082, y1=28.731480538845062, x2=910.4690470695496, y2=42.49559110403061, score=1.0)
DEBUG:__main__:[Stage4] frame 3194: track box=Box(x1=894.4778368473053, y1=30.1425022482872, x2=912.8664286136627, y2=44.23363536596298, score=1.0)
DEBUG:__main__:[Stage4] frame 3195: track box=Box(x1=896.4515859689564, y1=34.074874233454466, x2=914.6755737867206, y2=48.13243390247226, score=1.0)
DEBUG:__main__:[Stage4] frame 3196: track box=Box(x1=898.8058600071818, y1=37.28713858127594, x2=917.2562155369669, y2=51.45527857542038, score=1.0)
DEBUG:__main__:[Stage4] frame 3197: track box=Box(x1=901.7916704397649, y1=40.97364121302962, x2=920.1999471765012, y2=55.078219410032034, score=1.0)
DEBUG:__main__:[Stage4] frame 3198: track box=Box(x1=906.3424099967815, y1=45.17548532411456, x2=924.7618524716236, y2=59.111736726015806, score=1.0)
DEBUG:__main__:[Stage4] frame 3199: track box=Box(x1=907.7943536718376, y1=47.02175387367606, x2=926.049165435601, y2=61.0589540861547, score=1.0)
DEBUG:__main__:[Stage4] frame 3200: detect box=Box(x1=911.0, y1=51.0, x2=930.0, y2=66.0, score=0.7383533120155334)
DEBUG:__main__:[Stage4] frame 3201: track box=Box(x1=914.0451634973288, y1=55.44614186882973, x2=933.1346257776022, y2=70.15054216980934, score=1.0)
DEBUG:__main__:[Stage4] frame 3202: track box=Box(x1=916.0680760219693, y1=57.987585589289665, x2=935.2942458465695, y2=72.67538027465343, score=1.0)
DEBUG:__main__:[Stage4] frame 3203: track box=Box(x1=919.5238223746419, y1=62.7311267927289, x2=938.7933362200856, y2=77.57233191281557, score=1.0)
DEBUG:__main__:[Stage4] frame 3204: track box=Box(x1=922.0570671483874, y1=64.56224828213453, x2=941.5275912210345, y2=79.56795721501112, score=1.0)
DEBUG:__main__:[Stage4] frame 3205: track box=Box(x1=924.0419419948012, y1=67.72283487766981, x2=943.3776341620833, y2=82.36166452616453, score=1.0)
DEBUG:__main__:[Stage4] frame 3206: track box=Box(x1=925.6451379377395, y1=72.01532401889563, x2=944.933502824977, y2=86.93260207027197, score=1.0)
DEBUG:__main__:[Stage4] frame 3207: track box=Box(x1=929.0532875377685, y1=75.42332441359758, x2=948.5952234584838, y2=90.60393340140581, score=1.0)
DEBUG:__main__:[Stage4] frame 3208: detect box=Box(x1=931.0, y1=78.0, x2=949.0, y2=94.0, score=0.3652513325214386)
DEBUG:__main__:[Stage4] frame 3209: track box=Box(x1=932.8465338721871, y1=80.68805553019047, x2=950.9012802615762, y2=96.31719852983952, score=1.0)
DEBUG:__main__:[Stage4] frame 3210: track box=Box(x1=933.8410065025091, y1=83.14932760596275, x2=952.0400397628546, y2=98.90643963217735, score=1.0)
DEBUG:__main__:[Stage4] frame 3211: track box=Box(x1=935.3262752369046, y1=87.96954647824168, x2=953.4770602062345, y2=103.64450184628367, score=1.0)
DEBUG:__main__:[Stage4] frame 3212: track box=Box(x1=938.2417551800609, y1=90.99688051268458, x2=956.8134521767497, y2=107.107302647084, score=1.0)
DEBUG:__main__:[Stage4] frame 3213: track box=Box(x1=939.9785377122462, y1=96.11741055175662, x2=958.1242384053767, y2=111.86087418720126, score=1.0)
DEBUG:__main__:[Stage4] frame 3214: track box=Box(x1=941.7873208858073, y1=98.73688585683703, x2=960.0540492869914, y2=114.62824113294482, score=1.0)
DEBUG:__main__:[Stage4] frame 3215: track box=Box(x1=942.7218135669827, y1=102.31787127256393, x2=961.0164363458753, y2=118.35392779111862, score=1.0)
DEBUG:__main__:[Stage4] frame 3216: detect box=Box(x1=945.0, y1=107.0, x2=963.0, y2=123.0, score=0.6318501234054565)
DEBUG:__main__:[Stage4] frame 3217: track box=Box(x1=946.4158471226692, y1=110.35001623630524, x2=964.494117796421, y2=126.21630704402924, score=1.0)
DEBUG:__main__:[Stage4] frame 3218: track box=Box(x1=949.3168100714684, y1=115.67071575298905, x2=967.8072380423546, y2=131.44247979298234, score=1.0)
DEBUG:__main__:[Stage4] frame 3219: track box=Box(x1=950.4254214391112, y1=117.95715735852718, x2=968.5676926001906, y2=133.64080308377743, score=1.0)
DEBUG:__main__:[Stage4] frame 3220: track box=Box(x1=952.0382563024759, y1=121.51892256736755, x2=970.26494397223, y2=137.26173520088196, score=1.0)
DEBUG:__main__:[Stage4] frame 3221: track box=Box(x1=952.9968158565462, y1=126.72357833757997, x2=970.9862503372133, y2=142.20068896189332, score=1.0)
DEBUG:__main__:[Stage4] frame 3222: track box=Box(x1=955.4618223048747, y1=129.80663656815886, x2=973.6124585010111, y2=145.61676370725036, score=1.0)
DEBUG:__main__:[Stage4] frame 3223: track box=Box(x1=956.6570325531065, y1=134.69503320753574, x2=974.5791488327086, y2=150.05720557272434, score=1.0)
DEBUG:__main__:[Stage4] frame 3224: detect box=Box(x1=958.0, y1=137.0, x2=978.0, y2=153.0, score=0.6489583849906921)
DEBUG:__main__:[Stage4] frame 3225: track box=Box(x1=959.0022641867399, y1=140.74779641628265, x2=978.9068900793791, y2=156.85916936397552, score=1.0)
DEBUG:__main__:[Stage4] frame 3226: track box=Box(x1=958.844493702054, y1=145.80416401475668, x2=978.6879308968782, y2=161.5982595309615, score=1.0)
DEBUG:__main__:[Stage4] frame 3227: track box=Box(x1=959.8316870331764, y1=148.02742305025458, x2=979.7793916463852, y2=163.92894151434302, score=1.0)
DEBUG:__main__:[Stage4] frame 3228: track box=Box(x1=959.6172939911485, y1=153.30241392180324, x2=980.1941458359361, y2=169.47115610167384, score=1.0)
DEBUG:__main__:[Stage4] frame 3229: track box=Box(x1=960.6508232513443, y1=157.85412919521332, x2=980.6122828880325, y2=173.91170769929886, score=1.0)
DEBUG:__main__:[Stage4] frame 3230: track box=Box(x1=959.9113711575046, y1=162.30345419049263, x2=980.1792797306553, y2=177.96989372372627, score=1.0)
DEBUG:__main__:[Stage4] frame 3231: track box=Box(x1=960.7870163777843, y1=167.51391523331404, x2=980.9175872663036, y2=183.43409603089094, score=1.0)
DEBUG:__main__:[Stage4] frame 3232: detect box=Box(x1=961.0, y1=173.0, x2=980.0, y2=189.0, score=0.5231913328170776)
DEBUG:__main__:[Stage4] frame 3233: track box=Box(x1=959.927081681788, y1=178.8981733508408, x2=978.7588002458215, y2=194.48102750256658, score=1.0)
DEBUG:__main__:[Stage4] frame 3234: track box=Box(x1=959.8552020275965, y1=182.4959706440568, x2=979.296743282117, y2=198.00415126234293, score=1.0)
DEBUG:__main__:[Stage4] frame 3235: track box=Box(x1=960.2122688712552, y1=186.93955747783184, x2=979.4698399724439, y2=202.19397453963757, score=1.0)
DEBUG:__main__:[Stage4] frame 3236: track box=Box(x1=961.3089591069147, y1=192.11998996324837, x2=980.1201436920092, y2=207.635417195037, score=1.0)
DEBUG:__main__:[Stage4] frame 3237: track box=Box(x1=961.0614342531189, y1=194.9638498146087, x2=980.0931881507859, y2=210.2455593664199, score=1.0)
DEBUG:__main__:[Stage4] frame 3238: track box=Box(x1=960.4099821550772, y1=203.23427650146186, x2=979.444532702677, y2=218.75670769624412, score=1.0)
DEBUG:__main__:[Stage4] frame 3239: track box=Box(x1=960.7839309121482, y1=207.14283923245966, x2=979.8748421813361, y2=222.55886201001704, score=1.0)
DEBUG:__main__:[Stage4] frame 3240: detect box=Box(x1=961.0, y1=210.0, x2=980.0, y2=227.0, score=0.7165875434875488)
DEBUG:__main__:[Stage4] frame 3241: track box=Box(x1=960.5528709590435, y1=213.15348035097122, x2=979.4840695559978, y2=229.5530770421028, score=1.0)
DEBUG:__main__:[Stage4] frame 3242: track box=Box(x1=959.78392605111, y1=217.9984055198729, x2=978.6599706225097, y2=234.17111027613282, score=1.0)
DEBUG:__main__:[Stage4] frame 3243: track box=Box(x1=961.0644623152912, y1=226.80618577077985, x2=979.9237057082355, y2=243.05211834982038, score=1.0)
DEBUG:__main__:[Stage4] frame 3244: track box=Box(x1=960.6506817340851, y1=228.60185353271663, x2=979.7697871923447, y2=245.07353989593685, score=1.0)
DEBUG:__main__:[Stage4] frame 3245: track box=Box(x1=960.4706927351654, y1=234.85608937963843, x2=979.4588411264122, y2=251.0003597997129, score=1.0)
DEBUG:__main__:[Stage4] frame 3246: track box=Box(x1=961.7988472636789, y1=240.34792033024132, x2=980.6647225078195, y2=256.67830679006875, score=1.0)
DEBUG:__main__:[Stage4] frame 3247: track box=Box(x1=961.1441399548203, y1=242.43029480613768, x2=980.5019854996353, y2=258.6229827348143, score=1.0)
DEBUG:__main__:[Stage4] frame 3248: detect box=Box(x1=963.0, y1=252.0, x2=981.0, y2=267.0, score=0.5453824996948242)
DEBUG:__main__:[Stage4] frame 3249: track box=Box(x1=962.9503302276134, y1=256.10031082481146, x2=980.9460762441158, y2=270.79387667030096, score=1.0)
DEBUG:__main__:[Stage4] frame 3250: track box=Box(x1=963.6478042379022, y1=260.921180723235, x2=981.357390023768, y2=275.1014307718724, score=1.0)
DEBUG:__main__:[Stage4] frame 3251: track box=Box(x1=962.7821042910218, y1=265.6495273690671, x2=980.6842916384339, y2=280.18222313933074, score=1.0)
DEBUG:__main__:[Stage4] frame 3252: track box=Box(x1=965.0857959352434, y1=270.43487715907395, x2=983.114584799856, y2=284.80923462100327, score=1.0)
DEBUG:__main__:[Stage4] frame 3253: track box=Box(x1=965.489833987318, y1=275.90289725363255, x2=983.4904682999477, y2=290.5885703712702, score=1.0)
DEBUG:__main__:[Stage4] frame 3254: track box=Box(x1=966.8424694864079, y1=279.40614856779575, x2=984.7880267230794, y2=294.03255869448185, score=1.0)
DEBUG:__main__:[Stage4] frame 3255: track box=Box(x1=966.9869326096959, y1=282.16823805496097, x2=985.1873298031278, y2=297.09588069841266, score=1.0)
DEBUG:__main__:[Stage4] frame 3256: detect box=Box(x1=967.0, y1=286.0, x2=986.0, y2=302.0, score=0.7029156684875488)
DEBUG:__main__:[Stage4] frame 3257: track box=Box(x1=966.4519727006555, y1=289.9679038450122, x2=985.6992047801614, y2=305.40171002596617, score=1.0)
DEBUG:__main__:[Stage4] frame 3258: track box=Box(x1=967.8358255978674, y1=296.0939679648727, x2=986.3228373285383, y2=311.48755585215986, score=1.0)
DEBUG:__main__:[Stage4] frame 3259: track box=Box(x1=968.7814185526222, y1=298.7027614619583, x2=987.5609512235969, y2=314.305340340361, score=1.0)
DEBUG:__main__:[Stage4] frame 3260: track box=Box(x1=968.5371003840119, y1=304.49885354191065, x2=987.716862866655, y2=320.1117851510644, score=1.0)
DEBUG:__main__:[Stage4] frame 3261: track box=Box(x1=969.6394071858376, y1=309.7406060155481, x2=988.4899971764535, y2=325.5239487346262, score=1.0)
DEBUG:__main__:[Stage4] frame 3262: track box=Box(x1=968.8359285760671, y1=311.5329479947686, x2=988.1088441777974, y2=327.18208799511194, score=1.0)
DEBUG:__main__:[Stage4] frame 3263: track box=Box(x1=970.045544302091, y1=317.7344140224159, x2=988.8853363152593, y2=333.14817218109965, score=1.0)
DEBUG:__main__:[Stage4] frame 3264: detect box=Box(x1=970.0, y1=320.0, x2=991.0, y2=336.0, score=0.7707338333129883)
DEBUG:__main__:[Stage4] frame 3265: track box=Box(x1=969.58315872401, y1=324.7954102680087, x2=990.3994696065784, y2=340.42645966261625, score=1.0)
DEBUG:__main__:[Stage4] frame 3266: track box=Box(x1=970.8385271113366, y1=328.5575943812728, x2=991.3654825370759, y2=344.3867728933692, score=1.0)
DEBUG:__main__:[Stage4] frame 3267: track box=Box(x1=970.1643608082086, y1=333.05877133086324, x2=991.1004016268998, y2=348.76172329857945, score=1.0)
DEBUG:__main__:[Stage4] frame 3268: track box=Box(x1=970.7411343078129, y1=338.8608201574534, x2=991.5043696383946, y2=354.6986748408526, score=1.0)
DEBUG:__main__:[Stage4] frame 3269: track box=Box(x1=970.4047637912445, y1=342.1127973180264, x2=991.4887476894073, y2=357.75897127203643, score=1.0)
DEBUG:__main__:[Stage4] frame 3270: track box=Box(x1=972.400543443393, y1=346.6056554336101, x2=992.8471811930649, y2=361.96623802371323, score=1.0)
DEBUG:__main__:[Stage4] frame 3271: track box=Box(x1=972.2522292595822, y1=349.38256072066724, x2=993.1973827939946, y2=365.2692462708801, score=1.0)
DEBUG:__main__:[Stage4] frame 3272: detect box=Box(x1=973.0, y1=355.0, x2=994.0, y2=369.0, score=0.7623807191848755)
DEBUG:__main__:[Stage4] frame 3273: track box=Box(x1=973.9021751675755, y1=359.73107553180307, x2=994.870971063152, y2=374.06489349063486, score=1.0)
DEBUG:__main__:[Stage4] frame 3274: track box=Box(x1=974.0887237740681, y1=363.22974040266126, x2=995.0513948155567, y2=377.62351526971906, score=1.0)
DEBUG:__main__:[Stage4] frame 3275: track box=Box(x1=973.3090742332861, y1=367.86744800256565, x2=994.5658524734899, y2=382.16670718835667, score=1.0)
DEBUG:__main__:[Stage4] frame 3276: track box=Box(x1=973.5635738754645, y1=371.01110932277516, x2=994.6556537533179, y2=385.4802947943099, score=1.0)
DEBUG:__main__:[Stage4] frame 3277: track box=Box(x1=974.3789412574843, y1=375.77892855135724, x2=995.5106290178373, y2=390.13686731783673, score=1.0)
DEBUG:__main__:[Stage4] frame 3278: track box=Box(x1=974.0955483289436, y1=380.95692570647225, x2=994.5155292125419, y2=395.29806669196114, score=1.0)
DEBUG:__main__:[Stage4] frame 3279: track box=Box(x1=974.2672541369684, y1=383.9525317414664, x2=995.1736559499986, y2=398.3313017352484, score=1.0)
DEBUG:__main__:[Stage4] frame 3280: detect box=Box(x1=974.0, y1=388.0, x2=994.0, y2=403.0, score=0.7253749370574951)
DEBUG:__main__:[Stage4] frame 3281: track box=Box(x1=972.8108897581697, y1=392.35300655663013, x2=992.3867174759507, y2=407.51061733067036, score=1.0)
DEBUG:__main__:[Stage4] frame 3282: track box=Box(x1=972.8961427761242, y1=396.65595887228847, x2=992.5184709979221, y2=411.5727343969047, score=1.0)
DEBUG:__main__:[Stage4] frame 3283: track box=Box(x1=973.1747084199451, y1=401.37886847089976, x2=992.9866618453525, y2=416.3827802045271, score=1.0)
DEBUG:__main__:[Stage4] frame 3284: track box=Box(x1=973.3490296604577, y1=405.17418024595827, x2=993.0624094011728, y2=420.3524918919429, score=1.0)
DEBUG:__main__:[Stage4] frame 3285: track box=Box(x1=974.2508440243546, y1=408.76637923624367, x2=993.8594787346665, y2=424.0237085809931, score=1.0)
DEBUG:__main__:[Stage4] frame 3286: track box=Box(x1=973.1121567788068, y1=413.01856006588787, x2=992.758025318617, y2=428.11595167126507, score=1.0)
DEBUG:__main__:[Stage4] frame 3287: track box=Box(x1=973.2282767295837, y1=417.1637359848246, x2=993.0334894061089, y2=432.39085739757866, score=1.0)
DEBUG:__main__:[Stage4] frame 3288: detect box=Box(x1=973.0, y1=423.0, x2=993.0, y2=438.0, score=0.6496256589889526)
DEBUG:__main__:[Stage4] frame 3289: track box=Box(x1=973.232685985975, y1=425.4885939434171, x2=993.4927416471764, y2=440.54661548882723, score=1.0)
DEBUG:__main__:[Stage4] frame 3290: track box=Box(x1=973.3541817469522, y1=430.1943240519613, x2=993.179789881222, y2=445.15020707808435, score=1.0)
DEBUG:__main__:[Stage4] frame 3291: track box=Box(x1=972.135218671523, y1=433.7115910667926, x2=992.5314251696691, y2=449.0079172272235, score=1.0)
DEBUG:__main__:[Stage4] frame 3292: track box=Box(x1=972.4191925576888, y1=438.06153011135757, x2=992.8774837306701, y2=453.10904514603317, score=1.0)
DEBUG:__main__:[Stage4] frame 3293: track box=Box(x1=972.3213511346839, y1=443.56474587880075, x2=992.179910147097, y2=458.9747087713331, score=1.0)
DEBUG:__main__:[Stage4] frame 3294: track box=Box(x1=972.4383729924448, y1=447.0786940064281, x2=992.6976818074472, y2=462.4099945034832, score=1.0)
DEBUG:__main__:[Stage4] frame 3295: track box=Box(x1=972.1686281044967, y1=451.30625414662063, x2=992.1894477684982, y2=466.35857242159545, score=1.0)
DEBUG:__main__:[Stage4] frame 3296: detect box=Box(x1=972.0, y1=455.0, x2=991.0, y2=469.0, score=0.6753773093223572)
DEBUG:__main__:[Stage4] frame 3297: track box=Box(x1=972.8654376454651, y1=459.8524617869407, x2=991.6174181886017, y2=474.0802098233253, score=1.0)
DEBUG:__main__:[Stage4] frame 3298: track box=Box(x1=972.6001226939261, y1=465.13522081263363, x2=991.3334879912436, y2=479.1976936329156, score=1.0)
DEBUG:__main__:[Stage4] frame 3299: track box=Box(x1=972.8031397177838, y1=467.9507111478597, x2=991.831440360751, y2=482.1488188672811, score=1.0)
DEBUG:__main__:[Stage4] frame 3300: track box=Box(x1=972.1167797534727, y1=472.2541205454618, x2=990.9991299598478, y2=486.500381546095, score=1.0)
DEBUG:__main__:[Stage4] frame 3301: track box=Box(x1=971.5742819919251, y1=475.25156310386956, x2=990.838524044957, y2=489.6177807170898, score=1.0)
DEBUG:__main__:[Stage4] frame 3302: track box=Box(x1=971.2985324314795, y1=477.7840548995882, x2=990.5684619597159, y2=491.8759139422327, score=1.0)
DEBUG:__main__:[Stage4] frame 3303: track box=Box(x1=971.7162211523391, y1=482.13831685855985, x2=991.0040784464218, y2=496.3580711968243, score=1.0)
DEBUG:__main__:[Stage4] frame 3304: detect box=Box(x1=972.0, y1=484.0, x2=992.0, y2=499.0, score=0.5940720438957214)
DEBUG:__main__:[Stage4] frame 3305: track box=Box(x1=971.4893687590957, y1=487.2608250901103, x2=991.6230363473296, y2=502.49168937653303, score=1.0)
DEBUG:__main__:[Stage4] frame 3306: track box=Box(x1=971.5605740584433, y1=489.4080809187144, x2=991.2352134026587, y2=504.2906353306025, score=1.0)
DEBUG:__main__:[Stage4] frame 3307: track box=Box(x1=970.5555646903813, y1=491.6854134257883, x2=990.6905023939908, y2=506.527970796451, score=1.0)
DEBUG:__main__:[Stage4] frame 3308: track box=Box(x1=970.6973541034386, y1=494.68203153274953, x2=990.9222579253837, y2=509.69265963695943, score=1.0)
DEBUG:__main__:[Stage4] frame 3309: track box=Box(x1=971.1139516411349, y1=496.888533083722, x2=991.3559578238055, y2=511.75199076347053, score=1.0)
DEBUG:__main__:[Stage4] frame 3310: track box=Box(x1=972.4564923038706, y1=499.83560956828296, x2=992.2741104355082, y2=514.4742331635207, score=1.0)
DEBUG:__main__:[Stage4] frame 3311: track box=Box(x1=973.5780098848045, y1=501.6471577323973, x2=993.2666721753776, y2=516.4152460731566, score=1.0)
DEBUG:__main__:[Stage4] frame 3312: track box=Box(x1=972.8875594288111, y1=503.65903736278415, x2=992.6392656117678, y2=518.4657811634243, score=1.0)
DEBUG:__main__:[Stage4] frame 3313: track box=Box(x1=973.1981462324038, y1=506.906030703336, x2=993.3641473138705, y2=522.0415453799069, score=1.0)
DEBUG:__main__:[Stage4] frame 3314: track box=Box(x1=972.8786056125537, y1=509.58034143969417, x2=993.173738011159, y2=524.6125029139221, score=1.0)
DEBUG:__main__:[Stage4] frame 3315: track box=Box(x1=973.2807479668409, y1=511.5929559543729, x2=993.5914765167981, y2=526.6081318929791, score=1.0)
DEBUG:__main__:[Stage4] frame 3316: track box=Box(x1=973.6957436250523, y1=513.622983276844, x2=993.8402050184086, y2=528.6365695595741, score=1.0)
DEBUG:__main__:[Stage4] frame 3317: track box=Box(x1=973.3638054328039, y1=515.8434743732214, x2=993.4762567477301, y2=531.0909445136786, score=1.0)
DEBUG:__main__:[Stage4] frame 3318: track box=Box(x1=974.5796741964296, y1=519.497561711818, x2=994.5270995022729, y2=534.6114672608674, score=1.0)
DEBUG:__main__:[Stage4] frame 3319: track box=Box(x1=974.2149683283642, y1=520.8686567954719, x2=994.0220930622891, y2=536.224941175431, score=1.0)
DEBUG:__main__:[Stage4] frame 3320: detect box=Box(x1=976.0, y1=523.0, x2=995.0, y2=539.0, score=0.49120989441871643)
DEBUG:__main__:[Stage4] frame 3321: track box=Box(x1=976.2952550728805, y1=525.3157275021076, x2=995.2200748999603, y2=540.9977119266987, score=1.0)
DEBUG:__main__:[Stage4] frame 3322: track box=Box(x1=975.2178118866868, y1=527.2753006443381, x2=994.2335590762086, y2=543.1335313543677, score=1.0)
DEBUG:__main__:[Stage4] frame 3323: track box=Box(x1=972.4267909941263, y1=530.8576193526387, x2=991.3494537291117, y2=546.799376912415, score=1.0)
DEBUG:__main__:[Stage4] frame 3324: track box=Box(x1=972.5503892810084, y1=532.1363105326891, x2=991.7083961875178, y2=548.1962033063173, score=1.0)
DEBUG:__main__:[Stage4] frame 3325: track box=Box(x1=971.1575826168992, y1=534.5820393711329, x2=989.8423016429879, y2=550.2362946420908, score=1.0)
DEBUG:__main__:[Stage4] frame 3326: track box=Box(x1=970.9398888156866, y1=536.7104511745274, x2=990.1731742427801, y2=552.5062096603215, score=1.0)
DEBUG:__main__:[Stage4] frame 3327: track box=Box(x1=968.9661857293104, y1=539.1704180724919, x2=987.6837745116209, y2=554.8700597770512, score=1.0)
DEBUG:__main__:[Stage4] frame 3328: track box=Box(x1=965.5276505670627, y1=541.7719274200499, x2=984.3582389674266, y2=557.4052252210677, score=1.0)
DEBUG:__main__:[Stage4] frame 3329: track box=Box(x1=964.2718203126569, y1=543.5582046676427, x2=983.5712053834577, y2=559.6364042330533, score=1.0)
DEBUG:__main__:[Stage4] frame 3330: track box=Box(x1=962.3317820004304, y1=546.2674785163254, x2=980.7872277668794, y2=561.9188941624016, score=1.0)
DEBUG:__main__:[Stage4] frame 3331: track box=Box(x1=959.8361755929072, y1=548.1823152210563, x2=978.4617709240993, y2=564.0177050735801, score=1.0)
DEBUG:__main__:[Stage4] frame 3332: track box=Box(x1=957.5684932734002, y1=550.1134227737784, x2=975.8346478010644, y2=565.8908837661147, score=1.0)
DEBUG:__main__:[Stage4] frame 3333: track box=Box(x1=953.0923817467992, y1=553.2962724789977, x2=972.0211541962926, y2=569.3496307954192, score=1.0)
DEBUG:__main__:[Stage4] frame 3334: track box=Box(x1=950.8037438665633, y1=555.6502363495529, x2=968.9216985975509, y2=571.3703558258712, score=1.0)
DEBUG:__main__:[Stage4] frame 3335: track box=Box(x1=948.1237185423379, y1=556.6714381314814, x2=966.5585296576028, y2=572.6141747571528, score=1.0)
DEBUG:__main__:[Stage4] frame 3336: track box=Box(x1=946.6164607641404, y1=559.4990680553019, x2=965.1035753128235, y2=575.7042396403849, score=1.0)
DEBUG:__main__:[Stage4] frame 3337: track box=Box(x1=943.0997595724766, y1=562.473544858396, x2=961.6392526564305, y2=576.0, score=1.0)
DEBUG:__main__:[Stage4] frame 3338: track box=Box(x1=937.273601048917, y1=566.0, x2=955.6352000174229, y2=576.0, score=1.0)
DEBUG:__main__:[Stage4] frame 3339: track box=Box(x1=935.4019499209826, y1=566.0, x2=951.8985346344416, y2=576.0, score=1.0)
DEBUG:__main__:[Stage4] frame 3340: track box=Box(x1=930.9655304488842, y1=566.0, x2=946.7891960677807, y2=576.0, score=1.0)
DEBUG:__main__:[Stage4] frame 3341: tracker.update rejected (conf=0.231 threshold=0.400, track_age=21 max=30, box_is_none=False) -- try re-detect
DEBUG:__main__:[Stage4] frame 3341: none box=None
DEBUG:__main__:[Stage4] frame 3342: none box=None
DEBUG:__main__:[Stage4] frame 3343: none box=None
DEBUG:__main__:[Stage4] frame 3344: none box=None
DEBUG:__main__:[Stage4] frame 3345: none box=None
DEBUG:__main__:[Stage4] frame 3346: none box=None
DEBUG:__main__:[Stage4] frame 3347: none box=None
DEBUG:__main__:[Stage4] frame 3348: none box=None
DEBUG:__main__:[Stage4] frame 3349: none box=None
DEBUG:__main__:[Stage4] frame 3350: none box=None
DEBUG:__main__:[Stage4] frame 3351: none box=None
DEBUG:__main__:[Stage4] frame 3352: none box=None
DEBUG:__main__:[Stage4] frame 3353: none box=None
DEBUG:__main__:[Stage4] frame 3354: none box=None
DEBUG:__main__:[Stage4] frame 3355: none box=None
DEBUG:__main__:[Stage4] frame 3356: none box=None
DEBUG:__main__:[Stage4] frame 3357: none box=None
DEBUG:__main__:[Stage4] frame 3358: none box=None
DEBUG:__main__:[Stage4] frame 3359: none box=None
DEBUG:__main__:[Stage4] frame 3360: none box=None
DEBUG:__main__:[Stage4] frame 3361: none box=None
DEBUG:__main__:[Stage4] frame 3362: none box=None
DEBUG:__main__:[Stage4] frame 3363: none box=None
DEBUG:__main__:[Stage4] frame 3364: none box=None
DEBUG:__main__:[Stage4] frame 3365: none box=None
DEBUG:__main__:[Stage4] frame 3366: none box=None
DEBUG:__main__:[Stage4] frame 3367: none box=None
DEBUG:__main__:[Stage4] frame 3368: none box=None
DEBUG:__main__:[Stage4] frame 3369: none box=None
DEBUG:__main__:[Stage4] frame 3370: none box=None
DEBUG:__main__:[Stage4] frame 3371: none box=None
DEBUG:__main__:[Stage4] frame 3372: none box=None
DEBUG:__main__:[Stage4] frame 3373: none box=None
DEBUG:__main__:[Stage4] frame 3374: none box=None
DEBUG:__main__:[Stage4] frame 3375: none box=None
DEBUG:__main__:[Stage4] frame 3376: none box=None
DEBUG:__main__:[Stage4] frame 3377: none box=None
DEBUG:__main__:[Stage4] frame 3378: none box=None
DEBUG:__main__:[Stage4] frame 3379: none box=None
DEBUG:__main__:[Stage4] frame 3380: none box=None
DEBUG:__main__:[Stage4] frame 3381: none box=None
DEBUG:__main__:[Stage4] frame 3382: none box=None
DEBUG:__main__:[Stage4] frame 3383: none box=None
DEBUG:__main__:[Stage4] frame 3384: none box=None
DEBUG:__main__:[Stage4] frame 3385: none box=None
DEBUG:__main__:[Stage4] frame 3386: none box=None
DEBUG:__main__:[Stage4] frame 3387: none box=None
DEBUG:__main__:[Stage4] frame 3388: none box=None
DEBUG:__main__:[Stage4] frame 3389: none box=None
DEBUG:__main__:[Stage4] frame 3390: none box=None
DEBUG:__main__:[Stage4] frame 3391: none box=None
DEBUG:__main__:[Stage4] frame 3392: none box=None
DEBUG:__main__:[Stage4] frame 3393: none box=None
DEBUG:__main__:[Stage4] frame 3394: none box=None
DEBUG:__main__:[Stage4] frame 3395: none box=None
DEBUG:__main__:[Stage4] frame 3396: none box=None
DEBUG:__main__:[Stage4] frame 3397: none box=None
DEBUG:__main__:[Stage4] frame 3398: none box=None
DEBUG:__main__:[Stage4] frame 3399: none box=None
DEBUG:__main__:[Stage4] frame 3400: none box=None
DEBUG:__main__:[Stage4] frame 3401: none box=None
DEBUG:__main__:[Stage4] frame 3402: none box=None
DEBUG:__main__:[Stage4] frame 3403: none box=None
DEBUG:__main__:[Stage4] frame 3404: none box=None
DEBUG:__main__:[Stage4] frame 3405: none box=None
DEBUG:__main__:[Stage4] frame 3406: none box=None
DEBUG:__main__:[Stage4] frame 3407: none box=None
INFO:__main__:[Stage4] Helmet_0: backward_tracking recovered 7 frame(s) [3401, 3408) before the lock at frame 3408
DEBUG:__main__:[Stage4] frame 3408: detect box=Box(x1=793.0, y1=523.0, x2=811.0, y2=538.0, score=0.6033741235733032)
DEBUG:__main__:[Stage4] frame 3409: track box=Box(x1=791.8142295703292, y1=517.8320904150605, x2=809.5199168547988, y2=532.6250660791993, score=1.0)
DEBUG:__main__:[Stage4] frame 3410: track box=Box(x1=789.0578276645392, y1=512.064096018672, x2=807.1606273185462, y2=526.9410976618528, score=1.0)
DEBUG:__main__:[Stage4] frame 3411: track box=Box(x1=787.908991349861, y1=507.892250418663, x2=805.7564802300185, y2=522.9712800979614, score=1.0)
DEBUG:__main__:[Stage4] frame 3412: track box=Box(x1=785.2615495640785, y1=503.2170409709215, x2=802.9176971632987, y2=517.8411536961794, score=1.0)
DEBUG:__main__:[Stage4] frame 3413: track box=Box(x1=779.6392448339611, y1=495.16081134066917, x2=797.1175457630306, y2=509.7178847549949, score=1.0)
DEBUG:__main__:[Stage4] frame 3414: track box=Box(x1=777.9945964608341, y1=491.44738698587753, x2=795.6437892708927, y2=506.0197975693736, score=1.0)
DEBUG:__main__:[Stage4] frame 3415: track box=Box(x1=774.3009794582613, y1=484.9669035731349, x2=791.5968550075777, y2=499.74890345917083, score=1.0)
DEBUG:__main__:[Stage4] frame 3416: detect box=Box(x1=775.0, y1=482.0, x2=790.0, y2=496.0, score=0.6759107708930969)
DEBUG:__main__:[Stage4] frame 3417: track box=Box(x1=770.9390377029777, y1=476.0481258034706, x2=786.0462857708335, y2=489.8220893740654, score=1.0)
DEBUG:__main__:[Stage4] frame 3418: track box=Box(x1=766.3748731613159, y1=468.60861379653215, x2=781.2100982666016, y2=482.56151182204485, score=1.0)
DEBUG:__main__:[Stage4] frame 3419: track box=Box(x1=762.57809075166, y1=464.21604716032743, x2=777.6953090076568, y2=478.04695212095976, score=1.0)
DEBUG:__main__:[Stage4] frame 3420: track box=Box(x1=759.5982126892777, y1=459.1796994432807, x2=774.610436290619, y2=472.97003223747015, score=1.0)
DEBUG:__main__:[Stage4] frame 3421: track box=Box(x1=757.7139611059101, y1=456.34083869867027, x2=772.5959672742756, y2=470.0093789380044, score=1.0)
DEBUG:__main__:[Stage4] frame 3422: track box=Box(x1=754.1773135635303, y1=450.28505145199597, x2=769.2134531709598, y2=463.97407482750714, score=1.0)
DEBUG:__main__:[Stage4] frame 3423: track box=Box(x1=747.4150537672685, y1=443.29569474142045, x2=762.3058270636247, y2=457.0821729032323, score=1.0)
DEBUG:__main__:[Stage4] frame 3424: detect box=Box(x1=744.0, y1=438.0, x2=761.0, y2=454.0, score=0.6360280513763428)
DEBUG:__main__:[Stage4] frame 3425: track box=Box(x1=739.6897769197822, y1=433.49197003245354, x2=756.5822588428855, y2=449.1334932744503, score=1.0)
DEBUG:__main__:[Stage4] frame 3426: track box=Box(x1=737.9953846037388, y1=430.65316213294864, x2=755.2004075348377, y2=446.0804015509784, score=1.0)
DEBUG:__main__:[Stage4] frame 3427: track box=Box(x1=734.1167372651398, y1=424.50079806521535, x2=751.3833612389863, y2=440.1557949371636, score=1.0)
DEBUG:__main__:[Stage4] frame 3428: track box=Box(x1=728.1910957880318, y1=416.84122119657695, x2=745.3821533508599, y2=432.4322016071528, score=1.0)
DEBUG:__main__:[Stage4] frame 3429: track box=Box(x1=724.468094537966, y1=411.66866269521415, x2=741.6718350155279, y2=427.3811457436532, score=1.0)
DEBUG:__main__:[Stage4] frame 3430: track box=Box(x1=720.6719965711236, y1=405.62225446663797, x2=737.9711382165551, y2=421.35241649113595, score=1.0)
DEBUG:__main__:[Stage4] frame 3431: track box=Box(x1=718.9632880315185, y1=403.78533130697906, x2=735.7582562789321, y2=419.28074532561004, score=1.0)
DEBUG:__main__:[Stage4] frame 3432: detect box=Box(x1=714.0, y1=398.0, x2=735.0, y2=413.0, score=0.6319094896316528)
DEBUG:__main__:[Stage4] frame 3433: track box=Box(x1=707.316922141239, y1=390.12971131689847, x2=727.9648249279708, y2=404.9890705216676, score=1.0)
DEBUG:__main__:[Stage4] frame 3434: track box=Box(x1=704.298519782722, y1=385.6762418653816, x2=725.0274301692843, y2=400.53529637120664, score=1.0)
DEBUG:__main__:[Stage4] frame 3435: track box=Box(x1=700.2793441237882, y1=379.45794475637376, x2=721.1550093712285, y2=394.47170168720186, score=1.0)
DEBUG:__main__:[Stage4] frame 3436: track box=Box(x1=697.6646080901846, y1=376.90338173881173, x2=718.4020712068304, y2=391.6397441364825, score=1.0)
DEBUG:__main__:[Stage4] frame 3437: track box=Box(x1=695.5104064261541, y1=370.6513932161033, x2=716.2605684315786, y2=385.5455049686134, score=1.0)
DEBUG:__main__:[Stage4] frame 3438: track box=Box(x1=689.8281374080107, y1=362.39594856556505, x2=710.4917025668547, y2=377.0246125822887, score=1.0)
DEBUG:__main__:[Stage4] frame 3439: track box=Box(x1=686.1201536087319, y1=357.5776524608955, x2=706.7513417629525, y2=372.46257675345987, score=1.0)
DEBUG:__main__:[Stage4] frame 3440: detect box=Box(x1=683.0, y1=352.0, x2=701.0, y2=367.0, score=0.5991987586021423)
DEBUG:__main__:[Stage4] frame 3441: track box=Box(x1=681.320170737803, y1=348.83162264712155, x2=699.3511842265725, y2=363.6266990173608, score=1.0)
DEBUG:__main__:[Stage4] frame 3442: track box=Box(x1=679.1892280168831, y1=342.69313100911677, x2=697.1687348671257, y2=357.4008353147656, score=1.0)
DEBUG:__main__:[Stage4] frame 3443: track box=Box(x1=673.5171486996114, y1=334.66601897822693, x2=691.2562702558935, y2=349.1516857300885, score=1.0)
DEBUG:__main__:[Stage4] frame 3444: track box=Box(x1=670.0220774235204, y1=330.18561600567773, x2=688.1232421221212, y2=344.86339329602197, score=1.0)
DEBUG:__main__:[Stage4] frame 3445: track box=Box(x1=666.5928544169292, y1=322.9717954029329, x2=684.9003585940227, y2=337.92698963778093, score=1.0)
DEBUG:__main__:[Stage4] frame 3446: track box=Box(x1=664.7662031082436, y1=320.27910644048825, x2=683.3587971953675, y2=335.37836063141003, score=1.0)
DEBUG:__main__:[Stage4] frame 3447: track box=Box(x1=662.5947084156796, y1=314.44206427270547, x2=680.8158068386838, y2=329.19429944688454, score=1.0)
DEBUG:__main__:[Stage4] frame 3448: detect box=Box(x1=657.0, y1=306.0, x2=676.0, y2=322.0, score=0.7071189284324646)
DEBUG:__main__:[Stage4] frame 3449: track box=Box(x1=654.2277725376189, y1=300.6543437168002, x2=673.0772485174239, y2=316.614263407886, score=1.0)
DEBUG:__main__:[Stage4] frame 3450: track box=Box(x1=650.8408151809126, y1=294.2365582063794, x2=669.706646675244, y2=310.2283794954419, score=1.0)
DEBUG:__main__:[Stage4] frame 3451: track box=Box(x1=649.9354467038065, y1=291.5620053522289, x2=668.9612660054117, y2=307.7304995767772, score=1.0)
DEBUG:__main__:[Stage4] frame 3452: track box=Box(x1=648.2936073187739, y1=286.18289474770427, x2=667.1629061941057, y2=302.00391344353557, score=1.0)
DEBUG:__main__:[Stage4] frame 3453: track box=Box(x1=645.1295409407467, y1=277.9239636659622, x2=663.9431557860225, y2=293.51350605487823, score=1.0)
DEBUG:__main__:[Stage4] frame 3454: track box=Box(x1=644.1915297228843, y1=273.63654654473066, x2=663.1505460459739, y2=289.41912787407637, score=1.0)
DEBUG:__main__:[Stage4] frame 3455: track box=Box(x1=642.0155637841672, y1=266.51640176028013, x2=660.9016978126019, y2=282.53063260763884, score=1.0)
DEBUG:__main__:[Stage4] frame 3456: detect box=Box(x1=642.0, y1=264.0, x2=662.0, y2=281.0, score=0.6214638948440552)
DEBUG:__main__:[Stage4] frame 3457: track box=Box(x1=640.9100058823824, y1=257.69950357079506, x2=660.5448858290911, y2=274.33098462224007, score=1.0)
DEBUG:__main__:[Stage4] frame 3458: track box=Box(x1=639.2927029654384, y1=249.6000949665904, x2=658.5413981601596, y2=266.2642614170909, score=1.0)
DEBUG:__main__:[Stage4] frame 3459: track box=Box(x1=637.1493061706424, y1=245.59476747363806, x2=656.6795343086123, y2=262.3173922523856, score=1.0)
DEBUG:__main__:[Stage4] frame 3460: track box=Box(x1=636.7081445045769, y1=240.4100530706346, x2=655.9969310946763, y2=256.9741433225572, score=1.0)
DEBUG:__main__:[Stage4] frame 3461: track box=Box(x1=635.9323083944619, y1=236.05835461243987, x2=655.1252777166665, y2=252.55796122178435, score=1.0)
DEBUG:__main__:[Stage4] frame 3462: track box=Box(x1=634.2911279983819, y1=231.2471065185964, x2=653.6151221580803, y2=247.95106312260032, score=1.0)
DEBUG:__main__:[Stage4] frame 3463: track box=Box(x1=633.7127683646977, y1=222.53146219812334, x2=652.8362062461674, y2=238.72587633691728, score=1.0)
DEBUG:__main__:[Stage4] frame 3464: detect box=Box(x1=634.0, y1=220.0, x2=652.0, y2=233.0, score=0.5818027853965759)
DEBUG:__main__:[Stage4] frame 3465: track box=Box(x1=634.294532825239, y1=213.181229904294, x2=652.6516180532053, y2=226.52433617413044, score=1.0)
DEBUG:__main__:[Stage4] frame 3466: track box=Box(x1=634.5265148747712, y1=210.42070900648832, x2=652.7648683059961, y2=224.1013112589717, score=1.0)
DEBUG:__main__:[Stage4] frame 3467: track box=Box(x1=634.1556577254087, y1=205.28431602567434, x2=652.3556127119809, y2=218.81054206937551, score=1.0)
DEBUG:__main__:[Stage4] frame 3468: track box=Box(x1=634.0901802722365, y1=196.40552173554897, x2=652.1264684144408, y2=210.12904845178127, score=1.0)
DEBUG:__main__:[Stage4] frame 3469: track box=Box(x1=633.9191529359668, y1=192.32342813909054, x2=651.9944039192051, y2=205.7685072273016, score=1.0)
DEBUG:__main__:[Stage4] frame 3470: track box=Box(x1=635.8920056093484, y1=185.57827308028936, x2=654.3082903493196, y2=199.1501578912139, score=1.0)
DEBUG:__main__:[Stage4] frame 3471: track box=Box(x1=635.9274549651891, y1=182.856778614223, x2=654.252318399027, y2=196.5457091256976, score=1.0)
DEBUG:__main__:[Stage4] frame 3472: detect box=Box(x1=636.0, y1=177.0, x2=653.0, y2=192.0, score=0.723069429397583)
DEBUG:__main__:[Stage4] frame 3473: track box=Box(x1=636.5671037733555, y1=169.2742820084095, x2=653.2853845655918, y2=183.918202906847, score=1.0)
DEBUG:__main__:[Stage4] frame 3474: track box=Box(x1=636.5344457044266, y1=163.70873454213142, x2=653.5034989728592, y2=178.80878433585167, score=1.0)
DEBUG:__main__:[Stage4] frame 3475: track box=Box(x1=636.305883334484, y1=157.57577272690833, x2=653.1180949076079, y2=172.635687911883, score=1.0)
DEBUG:__main__:[Stage4] frame 3476: track box=Box(x1=637.3519008918665, y1=154.82552685774863, x2=654.2587383552454, y2=169.66120495833457, score=1.0)
DEBUG:__main__:[Stage4] frame 3477: track box=Box(x1=638.9472384019755, y1=149.65887751616538, x2=655.5342096849345, y2=164.4671470168978, score=1.0)
DEBUG:__main__:[Stage4] frame 3478: track box=Box(x1=643.2416460104287, y1=141.0879334229976, x2=660.0628237314522, y2=155.89086902327836, score=1.0)
DEBUG:__main__:[Stage4] frame 3479: track box=Box(x1=645.5498982258141, y1=137.34236800856888, x2=662.3966694660485, y2=152.15354049392045, score=1.0)
DEBUG:__main__:[Stage4] frame 3480: detect box=Box(x1=650.0, y1=131.0, x2=668.0, y2=147.0, score=0.8256447911262512)
DEBUG:__main__:[Stage4] frame 3481: track box=Box(x1=651.865475602448, y1=127.54649391397834, x2=669.6181392148137, y2=143.04021015390754, score=1.0)
DEBUG:__main__:[Stage4] frame 3482: track box=Box(x1=653.9282271079719, y1=121.7683918736875, x2=671.779769282788, y2=137.60812690481544, score=1.0)
DEBUG:__main__:[Stage4] frame 3483: track box=Box(x1=660.4892105422914, y1=113.75703297927976, x2=678.3859745822847, y2=129.39947425201535, score=1.0)
DEBUG:__main__:[Stage4] frame 3484: track box=Box(x1=664.628153860569, y1=109.74369035358541, x2=682.3096243739128, y2=125.2837562977802, score=1.0)
DEBUG:__main__:[Stage4] frame 3485: track box=Box(x1=669.7214610725641, y1=103.2970794129651, x2=687.5867489129305, y2=118.98875900986604, score=1.0)
DEBUG:__main__:[Stage4] frame 3486: track box=Box(x1=672.8616824783385, y1=99.67406159709208, x2=690.908403519541, y2=115.81411266396753, score=1.0)
DEBUG:__main__:[Stage4] frame 3487: track box=Box(x1=675.5835663378239, y1=95.27986126835458, x2=693.6345227658749, y2=111.47944777901284, score=1.0)
DEBUG:__main__:[Stage4] frame 3488: detect box=Box(x1=683.0, y1=89.0, x2=701.0, y2=103.0, score=0.5811863541603088)
DEBUG:__main__:[Stage4] frame 3489: track box=Box(x1=687.8420473337173, y1=84.85893249511719, x2=705.4439798593521, y2=98.68130874633789, score=1.0)
DEBUG:__main__:[Stage4] frame 3490: track box=Box(x1=693.667322602123, y1=79.51704381778836, x2=711.4740882180631, y2=93.6722860224545, score=1.0)
DEBUG:__main__:[Stage4] frame 3491: track box=Box(x1=696.3380916081369, y1=76.18106572702527, x2=714.3107440434396, y2=90.15417974069715, score=1.0)
DEBUG:__main__:[Stage4] frame 3492: track box=Box(x1=700.1412863694131, y1=72.73192178085446, x2=718.2582068406045, y2=86.8871914036572, score=1.0)
DEBUG:__main__:[Stage4] frame 3493: track box=Box(x1=707.5332352519035, y1=66.29764525033534, x2=725.3492358326912, y2=80.5385097656399, score=1.0)
DEBUG:__main__:[Stage4] frame 3494: track box=Box(x1=713.5424697399139, y1=63.22195605374873, x2=731.7875373363495, y2=77.38668231107295, score=1.0)
DEBUG:__main__:[Stage4] frame 3495: track box=Box(x1=719.4454321358353, y1=58.10134473629296, x2=737.2989088390023, y2=72.28369954414666, score=1.0)
DEBUG:__main__:[Stage4] frame 3496: detect box=Box(x1=724.0, y1=55.0, x2=742.0, y2=71.0, score=0.6807730197906494)
DEBUG:__main__:[Stage4] frame 3497: track box=Box(x1=726.8756786286831, y1=51.73317422345281, x2=744.6407447755337, y2=67.27679647877812, score=1.0)
DEBUG:__main__:[Stage4] frame 3498: track box=Box(x1=735.6384813692421, y1=45.28822300583124, x2=753.8672665860504, y2=61.05141440778971, score=1.0)
DEBUG:__main__:[Stage4] frame 3499: track box=Box(x1=740.8416271302849, y1=42.32311035692692, x2=759.1867508981377, y2=58.3336393982172, score=1.0)
DEBUG:__main__:[Stage4] frame 3500: track box=Box(x1=747.3476466648281, y1=38.58184213191271, x2=765.5316907279193, y2=53.497840352356434, score=1.0)
DEBUG:__main__:[Stage4] frame 3501: track box=Box(x1=752.2532039880753, y1=35.31494453176856, x2=770.2829428911209, y2=50.98747482523322, score=1.0)
DEBUG:__main__:[Stage4] frame 3502: track box=Box(x1=754.4930924624205, y1=32.88522036746144, x2=773.0016135424376, y2=48.56794150546193, score=1.0)
DEBUG:__main__:[Stage4] frame 3503: track box=Box(x1=764.4641391355544, y1=27.91064241528511, x2=782.9484529215842, y2=43.34946200251579, score=1.0)
DEBUG:__main__:[Stage4] frame 3504: detect box=Box(x1=770.0, y1=23.0, x2=792.0, y2=40.0, score=0.7345553636550903)
DEBUG:__main__:[Stage4] frame 3505: track box=Box(x1=777.1138499416411, y1=19.465357773005962, x2=799.3966618217528, y2=37.030213706195354, score=1.0)
DEBUG:__main__:[Stage4] frame 3506: track box=Box(x1=780.5670038498938, y1=17.290825121104717, x2=802.9109636582434, y2=34.27867817133665, score=1.0)
DEBUG:__main__:[Stage4] frame 3507: track box=Box(x1=783.0703094564378, y1=15.226787388324738, x2=805.3310192190111, y2=32.48071664571762, score=1.0)
DEBUG:__main__:[Stage4] frame 3508: track box=Box(x1=792.4932304248214, y1=13.730558797717094, x2=814.0898440107703, y2=31.124856874346733, score=1.0)
DEBUG:__main__:[Stage4] frame 3509: track box=Box(x1=798.0962849762291, y1=12.721491903066635, x2=820.6711711790413, y2=29.920026391744614, score=1.0)
DEBUG:__main__:[Stage4] frame 3510: track box=Box(x1=803.8424050514586, y1=10.729075990617275, x2=825.6830222313292, y2=27.93565907329321, score=1.0)
DEBUG:__main__:[Stage4] frame 3511: track box=Box(x1=806.9168989364989, y1=10.281167715787888, x2=829.381562799681, y2=27.468572109937668, score=1.0)
DEBUG:__main__:[Stage4] frame 3512: detect box=Box(x1=811.0, y1=12.0, x2=828.0, y2=26.0, score=0.8426253795623779)
DEBUG:__main__:[Stage4] frame 3513: track box=Box(x1=814.5045520663261, y1=11.13127875328064, x2=832.0757289528847, y2=25.267791509628296, score=1.0)
DEBUG:__main__:[Stage4] frame 3514: track box=Box(x1=816.0889794826508, y1=11.067563533782959, x2=833.3019616603851, y2=24.95082998275757, score=1.0)
DEBUG:__main__:[Stage4] frame 3515: track box=Box(x1=817.6283846236765, y1=9.932799018919468, x2=835.0417604781687, y2=24.00362817198038, score=1.0)
DEBUG:__main__:[Stage4] frame 3516: track box=Box(x1=819.2639624271542, y1=10.15558797121048, x2=836.4454600606114, y2=23.89511513710022, score=1.0)
DEBUG:__main__:[Stage4] frame 3517: track box=Box(x1=820.3723813276738, y1=9.957331918179989, x2=837.8046300392598, y2=23.992311142385006, score=1.0)
DEBUG:__main__:[Stage4] frame 3518: track box=Box(x1=821.0354789718986, y1=11.751896882429719, x2=838.6512493118644, y2=25.81916102208197, score=1.0)
DEBUG:__main__:[Stage4] frame 3519: track box=Box(x1=821.2420597451273, y1=12.748685983940959, x2=838.9365518467966, y2=27.049911169335246, score=1.0)
DEBUG:__main__:[Stage4] frame 3520: detect box=Box(x1=820.0, y1=13.0, x2=837.0, y2=28.0, score=0.8484369516372681)
DEBUG:__main__:[Stage4] frame 3521: track box=Box(x1=819.7829115390778, y1=13.739466845989227, x2=837.0625479221344, y2=28.770812213420868, score=1.0)
DEBUG:__main__:[Stage4] frame 3522: track box=Box(x1=819.5005206800997, y1=14.385510024614632, x2=836.7036221958697, y2=29.302258131094277, score=1.0)
DEBUG:__main__:[Stage4] frame 3523: track box=Box(x1=817.5953501500189, y1=18.29850458819419, x2=834.9682739414275, y2=33.31686401087791, score=1.0)
DEBUG:__main__:[Stage4] frame 3524: track box=Box(x1=817.2233883515, y1=19.738258014433086, x2=834.6725467815995, y2=34.66130573581904, score=1.0)
DEBUG:__main__:[Stage4] frame 3525: track box=Box(x1=816.6312119588256, y1=21.222618700005114, x2=834.3853631839156, y2=36.12343180272728, score=1.0)
DEBUG:__main__:[Stage4] frame 3526: track box=Box(x1=815.2911048978567, y1=22.340721962042153, x2=832.5765998214483, y2=37.113646504469216, score=1.0)
DEBUG:__main__:[Stage4] frame 3527: track box=Box(x1=814.9898223131895, y1=24.26633244473487, x2=832.6437072008848, y2=39.00137120205909, score=1.0)
DEBUG:__main__:[Stage4] frame 3528: detect box=Box(x1=812.0, y1=29.0, x2=832.0, y2=44.0, score=0.8565784096717834)
DEBUG:__main__:[Stage4] frame 3529: track box=Box(x1=808.3986916001886, y1=30.297209057956934, x2=828.4910281356424, y2=45.37242892757058, score=1.0)
DEBUG:__main__:[Stage4] frame 3530: track box=Box(x1=805.1845630984753, y1=33.85965134575963, x2=825.3272137027234, y2=48.83766855672002, score=1.0)
DEBUG:__main__:[Stage4] frame 3531: track box=Box(x1=803.1678788717836, y1=35.46612860262394, x2=823.2345722969621, y2=50.79045297205448, score=1.0)
DEBUG:__main__:[Stage4] frame 3532: track box=Box(x1=800.1255692373961, y1=37.031998759135604, x2=819.8909326922148, y2=52.0389676745981, score=1.0)
DEBUG:__main__:[Stage4] frame 3533: track box=Box(x1=793.4258107896894, y1=41.75896170921624, x2=813.6663960572332, y2=56.68323883600533, score=1.0)
DEBUG:__main__:[Stage4] frame 3534: track box=Box(x1=787.7609835546464, y1=43.60036707110703, x2=807.6972834747285, y2=58.889539601281285, score=1.0)
DEBUG:__main__:[Stage4] frame 3535: track box=Box(x1=782.2840143349022, y1=46.37715662457049, x2=802.2645158674568, y2=61.82942951656878, score=1.0)
DEBUG:__main__:[Stage4] frame 3536: detect box=Box(x1=780.0, y1=48.0, x2=798.0, y2=63.0, score=0.7229863405227661)
DEBUG:__main__:[Stage4] frame 3537: track box=Box(x1=777.2693634442985, y1=49.7584868632257, x2=795.2479772977531, y2=64.83278405293822, score=1.0)
DEBUG:__main__:[Stage4] frame 3538: track box=Box(x1=769.384225409478, y1=53.8332545645535, x2=787.8501086644828, y2=68.715651858598, score=1.0)
DEBUG:__main__:[Stage4] frame 3539: track box=Box(x1=763.3586376421154, y1=54.78610452543944, x2=781.6604042761028, y2=69.84895386826247, score=1.0)
DEBUG:__main__:[Stage4] frame 3540: track box=Box(x1=756.0844747126102, y1=57.79028647299856, x2=774.4649574458599, y2=72.66150318738073, score=1.0)
DEBUG:__main__:[Stage4] frame 3541: track box=Box(x1=752.1791209587827, y1=58.76161172892898, x2=770.6065753707662, y2=73.95719340350479, score=1.0)
DEBUG:__main__:[Stage4] frame 3542: track box=Box(x1=749.9510878967121, y1=60.67467231955379, x2=767.8492902563885, y2=75.52382887806743, score=1.0)
DEBUG:__main__:[Stage4] frame 3543: track box=Box(x1=740.7517113508657, y1=63.95777146425098, x2=759.6671181740239, y2=79.31846491899341, score=1.0)
DEBUG:__main__:[Stage4] frame 3544: track box=Box(x1=735.098661490716, y1=66.21366863604635, x2=753.1369425142184, y2=81.20053725596517, score=1.0)
DEBUG:__main__:[Stage4] frame 3545: track box=Box(x1=728.2262641238049, y1=68.20170115958899, x2=746.2238590763882, y2=83.29512893687934, score=1.0)
DEBUG:__main__:[Stage4] frame 3546: track box=Box(x1=725.1177950436249, y1=69.79473969247192, x2=742.8280102545395, y2=84.57164141442627, score=1.0)
DEBUG:__main__:[Stage4] frame 3547: track box=Box(x1=722.1958934115246, y1=71.13954762648791, x2=740.0597571181133, y2=86.06951872538775, score=1.0)
DEBUG:__main__:[Stage4] frame 3548: track box=Box(x1=713.5751617820933, y1=74.38911110442132, x2=731.3551605613902, y2=89.43442720454186, score=1.0)
DEBUG:__main__:[Stage4] frame 3549: track box=Box(x1=708.0153645174578, y1=76.64554507564753, x2=725.6074720518664, y2=91.52184874843806, score=1.0)
DEBUG:__main__:[Stage4] frame 3550: track box=Box(x1=701.6497981948778, y1=79.09289843495935, x2=719.1541344327852, y2=93.83827841933817, score=1.0)
DEBUG:__main__:[Stage4] frame 3551: track box=Box(x1=697.4482695518527, y1=80.21093721594661, x2=715.4110364376102, y2=95.25434400048107, score=1.0)
DEBUG:__main__:[Stage4] frame 3552: detect box=Box(x1=696.0, y1=81.0, x2=713.0, y2=98.0, score=0.8760650157928467)
DEBUG:__main__:[Stage4] frame 3553: track box=Box(x1=688.6990596055984, y1=83.10292825102806, x2=706.130817770958, y2=99.87621316313744, score=1.0)
DEBUG:__main__:[Stage4] frame 3554: track box=Box(x1=682.5080262385309, y1=85.45405391231179, x2=699.5725055299699, y2=102.0390393473208, score=1.0)
DEBUG:__main__:[Stage4] frame 3555: track box=Box(x1=676.1001554913819, y1=87.60987870767713, x2=693.1921612210572, y2=104.36525290086865, score=1.0)
DEBUG:__main__:[Stage4] frame 3556: track box=Box(x1=671.9213062617928, y1=89.15749829635024, x2=689.040852913633, y2=105.87696593627334, score=1.0)
DEBUG:__main__:[Stage4] frame 3557: track box=Box(x1=669.9913774076849, y1=90.22412842139602, x2=687.1116414610296, y2=107.29848688468337, score=1.0)
DEBUG:__main__:[Stage4] frame 3558: track box=Box(x1=662.1920114187524, y1=94.0443848259747, x2=679.3861401109025, y2=110.75137411430478, score=1.0)
DEBUG:__main__:[Stage4] frame 3559: track box=Box(x1=657.0673896251246, y1=95.79102667793632, x2=674.0450691161677, y2=112.68111022934318, score=1.0)
DEBUG:__main__:[Stage4] frame 3560: detect box=Box(x1=651.0, y1=98.0, x2=670.0, y2=115.0, score=0.8426831960678101)
DEBUG:__main__:[Stage4] frame 3561: track box=Box(x1=647.6247308701277, y1=99.36369471251965, x2=666.576717659831, y2=116.37426428496838, score=1.0)
DEBUG:__main__:[Stage4] frame 3562: track box=Box(x1=644.73479616642, y1=100.33240286260843, x2=663.5827304124832, y2=117.35473123937845, score=1.0)
DEBUG:__main__:[Stage4] frame 3563: track box=Box(x1=637.0308508276939, y1=102.86592469364405, x2=656.0423697829247, y2=119.78150115162134, score=1.0)
DEBUG:__main__:[Stage4] frame 3564: track box=Box(x1=631.6949814260006, y1=104.9964798912406, x2=650.6665590703487, y2=121.68625297397375, score=1.0)
DEBUG:__main__:[Stage4] frame 3565: track box=Box(x1=626.0847909748554, y1=106.69525415450335, x2=645.1585071384907, y2=123.72374088317156, score=1.0)
DEBUG:__main__:[Stage4] frame 3566: track box=Box(x1=623.0263506378978, y1=107.75008520390838, x2=641.7612546291202, y2=124.34787502791733, score=1.0)
DEBUG:__main__:[Stage4] frame 3567: track box=Box(x1=620.5276922546327, y1=108.57655828725547, x2=639.5034918747842, y2=125.7847527815029, score=1.0)
DEBUG:__main__:[Stage4] frame 3568: detect box=Box(x1=615.0, y1=114.0, x2=631.0, y2=129.0, score=0.5563176870346069)
DEBUG:__main__:[Stage4] frame 3569: track box=Box(x1=609.9518899843097, y1=115.67643120512366, x2=626.27107989043, y2=130.70310201868415, score=1.0)
DEBUG:__main__:[Stage4] frame 3570: track box=Box(x1=604.8627683259547, y1=116.59987682942301, x2=621.523712489754, y2=131.43367553595454, score=1.0)
DEBUG:__main__:[Stage4] frame 3571: track box=Box(x1=602.1360312886536, y1=117.31360528897494, x2=618.5894352383912, y2=132.30920718144625, score=1.0)
DEBUG:__main__:[Stage4] frame 3572: track box=Box(x1=599.1095993118361, y1=118.9016441674903, x2=615.4758963780478, y2=134.02455496508628, score=1.0)
DEBUG:__main__:[Stage4] frame 3573: track box=Box(x1=592.8584927534685, y1=121.70479898247868, x2=609.0627838587388, y2=136.3974512675777, score=1.0)
DEBUG:__main__:[Stage4] frame 3574: track box=Box(x1=587.9301176583394, y1=123.13595003355294, x2=604.2283393656835, y2=137.99495655763894, score=1.0)
DEBUG:__main__:[Stage4] frame 3575: track box=Box(x1=582.6630589431152, y1=124.7997803511098, x2=598.6393220489845, y2=139.61452947277576, score=1.0)
DEBUG:__main__:[Stage4] frame 3576: detect box=Box(x1=580.0, y1=125.0, x2=597.0, y2=141.0, score=0.6591683626174927)
DEBUG:__main__:[Stage4] frame 3577: track box=Box(x1=577.2304276190698, y1=125.79525046609342, x2=594.0827089510858, y2=141.4635675456375, score=1.0)
DEBUG:__main__:[Stage4] frame 3578: track box=Box(x1=570.0220409762114, y1=128.56460579298437, x2=587.0907158385962, y2=144.23127927444875, score=1.0)
DEBUG:__main__:[Stage4] frame 3579: track box=Box(x1=564.524925423786, y1=130.26698113046587, x2=581.4299761783332, y2=145.98610854707658, score=1.0)
DEBUG:__main__:[Stage4] frame 3580: track box=Box(x1=559.9404222723097, y1=131.37489559315145, x2=576.9484508987516, y2=147.0652071442455, score=1.0)
DEBUG:__main__:[Stage4] frame 3581: track box=Box(x1=557.5249019805342, y1=132.44522329978645, x2=574.6544057074934, y2=148.19097932986915, score=1.0)
DEBUG:__main__:[Stage4] frame 3582: track box=Box(x1=556.2131285462528, y1=133.5535033699125, x2=573.1847095284611, y2=149.26033339463174, score=1.0)
DEBUG:__main__:[Stage4] frame 3583: track box=Box(x1=548.7331874966621, y1=135.92489690892398, x2=565.8386904597282, y2=151.69199831597507, score=1.0)
DEBUG:__main__:[Stage4] frame 3584: detect box=Box(x1=544.0, y1=139.0, x2=561.0, y2=153.0, score=0.5022463202476501)
DEBUG:__main__:[Stage4] frame 3585: track box=Box(x1=537.7592445872724, y1=140.07252909615636, x2=554.847424890846, y2=154.1510633416474, score=1.0)
DEBUG:__main__:[Stage4] frame 3586: track box=Box(x1=535.7652629502118, y1=140.72988494019955, x2=553.1093298085034, y2=154.65212364774197, score=1.0)
DEBUG:__main__:[Stage4] frame 3587: track box=Box(x1=533.990742534399, y1=142.03181415889412, x2=551.5502503216267, y2=156.14694070909172, score=1.0)
DEBUG:__main__:[Stage4] frame 3588: track box=Box(x1=527.8230943176895, y1=143.9933089679107, x2=545.0197700355202, y2=157.92894960101694, score=1.0)
DEBUG:__main__:[Stage4] frame 3589: track box=Box(x1=523.2252730596811, y1=145.53918877895921, x2=540.5867310035974, y2=159.63027659710497, score=1.0)
DEBUG:__main__:[Stage4] frame 3590: track box=Box(x1=517.968465546146, y1=147.45487237814814, x2=535.1104258093983, y2=161.49817902687937, score=1.0)
DEBUG:__main__:[Stage4] frame 3591: track box=Box(x1=514.6312790019438, y1=148.25886463932693, x2=531.7091285688803, y2=162.40749412588775, score=1.0)
DEBUG:__main__:[Stage4] frame 3592: detect box=Box(x1=513.0, y1=148.0, x2=531.0, y2=164.0, score=0.6541495323181152)
DEBUG:__main__:[Stage4] frame 3593: track box=Box(x1=507.1898376941681, y1=149.23698572069407, x2=525.2582187652588, y2=165.2808678522706, score=1.0)
DEBUG:__main__:[Stage4] frame 3594: track box=Box(x1=502.37194710224867, y1=149.89137822389603, x2=520.105660609901, y2=165.68967014551163, score=1.0)
DEBUG:__main__:[Stage4] frame 3595: track box=Box(x1=497.07753908634186, y1=150.91435969807208, x2=515.0687463283539, y2=166.88245416618884, score=1.0)
DEBUG:__main__:[Stage4] frame 3596: track box=Box(x1=494.40731028467417, y1=150.9894411507994, x2=512.0344651117921, y2=166.74459957517684, score=1.0)
DEBUG:__main__:[Stage4] frame 3597: track box=Box(x1=491.5889772679657, y1=151.70916582643986, x2=509.4083157684654, y2=167.6386709958315, score=1.0)
DEBUG:__main__:[Stage4] frame 3598: track box=Box(x1=486.0924554821104, y1=151.88782297912985, x2=504.0495947357267, y2=167.65406262222677, score=1.0)
DEBUG:__main__:[Stage4] frame 3599: track box=Box(x1=481.42722516320646, y1=152.2655070060864, x2=499.2295961882919, y2=168.18990733567625, score=1.0)
DEBUG:__main__:[Stage4] frame 3600: detect box=Box(x1=477.0, y1=153.0, x2=495.0, y2=168.0, score=0.6876301169395447)
DEBUG:__main__:[Stage4] frame 3601: track box=Box(x1=475.1022210046649, y1=152.69323374330997, x2=493.16319512575865, y2=167.5250331312418, score=1.0)
DEBUG:__main__:[Stage4] frame 3602: track box=Box(x1=473.3217626810074, y1=153.34344911947846, x2=491.41306722164154, y2=168.0352840460837, score=1.0)
DEBUG:__main__:[Stage4] frame 3603: track box=Box(x1=467.22550669312477, y1=153.65955758141354, x2=485.46186223626137, y2=168.19966173218563, score=1.0)
DEBUG:__main__:[Stage4] frame 3604: track box=Box(x1=462.5434928163886, y1=154.0055816047825, x2=480.61691381782293, y2=168.5573576563038, score=1.0)
DEBUG:__main__:[Stage4] frame 3605: track box=Box(x1=457.62442107498646, y1=153.80493527138606, x2=475.9837615042925, y2=168.7136325784959, score=1.0)
DEBUG:__main__:[Stage4] frame 3606: track box=Box(x1=455.63025668635964, y1=153.69422440463677, x2=473.6753284074366, y2=168.48152147466317, score=1.0)
DEBUG:__main__:[Stage4] frame 3607: track box=Box(x1=453.4783805049956, y1=153.69802406663075, x2=471.5647204555571, y2=168.61069277161732, score=1.0)
DEBUG:__main__:[Stage4] frame 3608: detect box=Box(x1=449.0, y1=154.0, x2=466.0, y2=169.0, score=0.7209710478782654)
DEBUG:__main__:[Stage4] frame 3609: track box=Box(x1=445.0410355180502, y1=154.2155146598816, x2=462.1511658281088, y2=168.83894300460815, score=1.0)
DEBUG:__main__:[Stage4] frame 3610: track box=Box(x1=441.24926440417767, y1=154.18852376937866, x2=458.4400564879179, y2=169.00009679794312, score=1.0)
DEBUG:__main__:[Stage4] frame 3611: track box=Box(x1=440.36156933009624, y1=154.08947134017944, x2=457.62305538356304, y2=168.99867010116577, score=1.0)
DEBUG:__main__:[Stage4] frame 3612: track box=Box(x1=438.97218353301287, y1=154.5580510115251, x2=456.2102971151471, y2=169.38429155107588, score=1.0)
DEBUG:__main__:[Stage4] frame 3613: track box=Box(x1=433.61336199194193, y1=154.68360604997724, x2=450.62866274267435, y2=169.33805932756513, score=1.0)
DEBUG:__main__:[Stage4] frame 3614: track box=Box(x1=430.55701700598, y1=154.43148364778608, x2=447.7849909439683, y2=169.16946735139936, score=1.0)
DEBUG:__main__:[Stage4] frame 3615: track box=Box(x1=427.2529129162431, y1=154.1534050917253, x2=444.6765503063798, y2=168.92888726945966, score=1.0)
DEBUG:__main__:[Stage4] frame 3616: detect box=Box(x1=425.0, y1=155.0, x2=442.0, y2=169.0, score=0.5680580139160156)
DEBUG:__main__:[Stage4] frame 3617: track box=Box(x1=424.36278772354126, y1=154.53527850657701, x2=441.243355512619, y2=168.71876830607653, score=1.0)
DEBUG:__main__:[Stage4] frame 3618: track box=Box(x1=419.44525291770697, y1=154.1769272685051, x2=436.2074763998389, y2=168.3385619521141, score=1.0)
DEBUG:__main__:[Stage4] frame 3619: track box=Box(x1=415.51900159881916, y1=154.8544177301228, x2=432.4947503762087, y2=168.7197297103703, score=1.0)
DEBUG:__main__:[Stage4] frame 3620: track box=Box(x1=412.81317442597356, y1=154.2900947742164, x2=429.63230842293706, y2=168.22781245037913, score=1.0)
DEBUG:__main__:[Stage4] frame 3621: track box=Box(x1=411.479992031469, y1=154.6980472560972, x2=428.4282500738045, y2=168.7195120807737, score=1.0)
DEBUG:__main__:[Stage4] frame 3622: track box=Box(x1=410.0797058114549, y1=154.0888423677534, x2=426.9721619853517, y2=168.16128275357187, score=1.0)
DEBUG:__main__:[Stage4] frame 3623: track box=Box(x1=405.6432875090977, y1=154.6480492670089, x2=422.5658803874394, y2=168.53309515304863, score=1.0)
DEBUG:__main__:[Stage4] frame 3624: detect box=Box(x1=403.0, y1=154.0, x2=420.0, y2=169.0, score=0.5150826573371887)
DEBUG:__main__:[Stage4] frame 3625: track box=Box(x1=398.24589562416077, y1=154.0133192539215, x2=415.4044306278229, y2=168.76550126075745, score=1.0)
DEBUG:__main__:[Stage4] frame 3626: track box=Box(x1=396.03275215625763, y1=154.57263666391373, x2=413.1996718645096, y2=169.44456201791763, score=1.0)
DEBUG:__main__:[Stage4] frame 3627: track box=Box(x1=393.8919939994812, y1=153.97491413354874, x2=410.8578906059265, y2=168.83706241846085, score=1.0)
DEBUG:__main__:[Stage4] frame 3628: track box=Box(x1=390.25518134236336, y1=153.98738914728165, x2=407.3421449959278, y2=168.9801908135414, score=1.0)
DEBUG:__main__:[Stage4] frame 3629: track box=Box(x1=386.0437159612775, y1=153.80236824974418, x2=403.0921708419919, y2=168.74773969873786, score=1.0)
DEBUG:__main__:[Stage4] frame 3630: track box=Box(x1=379.7435045912862, y1=153.85324096307158, x2=397.0658808425069, y2=168.61899947747588, score=1.0)
DEBUG:__main__:[Stage4] frame 3631: track box=Box(x1=378.1955514624715, y1=153.77253579720855, x2=395.3164544776082, y2=168.6156372986734, score=1.0)
DEBUG:__main__:[Stage4] frame 3632: detect box=Box(x1=375.0, y1=150.0, x2=394.0, y2=168.0, score=0.7376631498336792)
DEBUG:__main__:[Stage4] frame 3633: track box=Box(x1=368.39393170177937, y1=149.82547333836555, x2=387.31102927029133, y2=167.69454291462898, score=1.0)
DEBUG:__main__:[Stage4] frame 3634: track box=Box(x1=364.3089827140793, y1=150.02690175222233, x2=382.9623133977875, y2=167.57123914407566, score=1.0)
DEBUG:__main__:[Stage4] frame 3635: track box=Box(x1=359.1774756638333, y1=150.3540018745698, x2=377.95360234659165, y2=168.05440079653636, score=1.0)
DEBUG:__main__:[Stage4] frame 3636: track box=Box(x1=356.498440858908, y1=149.37144451076165, x2=375.2255519600585, y2=167.26269744569436, score=1.0)
DEBUG:__main__:[Stage4] frame 3637: track box=Box(x1=353.26235054899007, y1=150.31217396305874, x2=372.40271555352956, y2=167.971574426163, score=1.0)
DEBUG:__main__:[Stage4] frame 3638: track box=Box(x1=347.4745971830562, y1=151.85176597209647, x2=366.6379245193675, y2=169.3070548591204, score=1.0)
DEBUG:__main__:[Stage4] frame 3639: track box=Box(x1=342.6010498451069, y1=152.03716257307678, x2=361.67311889398843, y2=169.69486489985138, score=1.0)
DEBUG:__main__:[Stage4] frame 3640: detect box=Box(x1=338.0, y1=156.0, x2=358.0, y2=172.0, score=0.7480145692825317)
DEBUG:__main__:[Stage4] frame 3641: track box=Box(x1=334.81399923563004, y1=156.51111263781786, x2=354.6983304619789, y2=172.24085230380297, score=1.0)
DEBUG:__main__:[Stage4] frame 3642: track box=Box(x1=332.1972944419831, y1=156.90831680223346, x2=352.06796946935356, y2=172.70921267196536, score=1.0)
DEBUG:__main__:[Stage4] frame 3643: track box=Box(x1=325.5997653771192, y1=159.34150582551956, x2=345.6616093683988, y2=175.49367302656174, score=1.0)
DEBUG:__main__:[Stage4] frame 3644: track box=Box(x1=320.6658411528915, y1=160.4368771938607, x2=340.61998217366636, y2=176.651479604654, score=1.0)
DEBUG:__main__:[Stage4] frame 3645: track box=Box(x1=315.73154803179204, y1=161.52110799681395, x2=335.76713438890874, y2=177.77855190169066, score=1.0)
DEBUG:__main__:[Stage4] frame 3646: track box=Box(x1=311.697858909145, y1=163.63318403158337, x2=331.75075338222086, y2=179.8510410944, score=1.0)
DEBUG:__main__:[Stage4] frame 3647: track box=Box(x1=309.3790667373687, y1=164.54338820744306, x2=329.07538101263344, y2=180.76165427733213, score=1.0)
DEBUG:__main__:[Stage4] frame 3648: detect box=Box(x1=306.0, y1=167.0, x2=324.0, y2=182.0, score=0.5776258111000061)
DEBUG:__main__:[Stage4] frame 3649: track box=Box(x1=297.92963082168717, y1=168.3846785798669, x2=315.6613802370848, y2=183.33620641380548, score=1.0)
DEBUG:__main__:[Stage4] frame 3650: track box=Box(x1=292.43923037324566, y1=171.25803220272064, x2=309.9586629179539, y2=186.17222726345062, score=1.0)
DEBUG:__main__:[Stage4] frame 3651: track box=Box(x1=288.880015493487, y1=172.3249502349645, x2=306.7355571995722, y2=187.58835925348103, score=1.0)
DEBUG:__main__:[Stage4] frame 3652: track box=Box(x1=287.49868045106996, y1=174.01135637797415, x2=305.10000918165315, y2=188.86530115641654, score=1.0)
DEBUG:__main__:[Stage4] frame 3653: track box=Box(x1=281.48860705376137, y1=176.20236277021468, x2=299.05547065020073, y2=191.10604673065245, score=1.0)
DEBUG:__main__:[Stage4] frame 3654: track box=Box(x1=276.4497836987721, y1=178.35539031215012, x2=294.1802125732647, y2=193.32744020409882, score=1.0)
DEBUG:__main__:[Stage4] frame 3655: track box=Box(x1=271.799315461074, y1=179.8974884916097, x2=289.3961004103767, y2=194.80535783059895, score=1.0)
DEBUG:__main__:[Stage4] frame 3656: detect box=Box(x1=270.0, y1=182.0, x2=287.0, y2=197.0, score=0.6900772452354431)
DEBUG:__main__:[Stage4] frame 3657: track box=Box(x1=267.8774629831314, y1=182.6822891831398, x2=284.82226049900055, y2=197.5928993821144, score=1.0)
DEBUG:__main__:[Stage4] frame 3658: track box=Box(x1=262.51204788684845, y1=186.5787404179573, x2=279.6456767320633, y2=201.38771945238113, score=1.0)
DEBUG:__main__:[Stage4] frame 3659: track box=Box(x1=257.8419007062912, y1=188.07761126756668, x2=275.12218940258026, y2=202.90789538621902, score=1.0)
DEBUG:__main__:[Stage4] frame 3660: track box=Box(x1=253.89574250089936, y1=189.66099076531827, x2=271.2115164648276, y2=204.55848359130323, score=1.0)
DEBUG:__main__:[Stage4] frame 3661: track box=Box(x1=250.8390761713963, y1=190.48295848164707, x2=268.09802187490277, y2=205.3552179792896, score=1.0)
DEBUG:__main__:[Stage4] frame 3662: track box=Box(x1=247.16634059906937, y1=193.1754229972139, x2=264.3958842253778, y2=208.19756761286408, score=1.0)
DEBUG:__main__:[Stage4] frame 3663: track box=Box(x1=242.54869284690358, y1=196.49907231424004, x2=259.7852334624622, y2=211.4023765930906, score=1.0)
DEBUG:__main__:[Stage4] frame 3664: detect box=Box(x1=239.0, y1=198.0, x2=256.0, y2=213.0, score=0.7121023535728455)
DEBUG:__main__:[Stage4] frame 3665: track box=Box(x1=233.8917055130005, y1=199.99577140808105, x2=251.05411624908447, y2=215.15690422058105, score=1.0)
DEBUG:__main__:[Stage4] frame 3666: track box=Box(x1=232.543368563056, y1=201.45143285766244, x2=249.783481284976, y2=216.77144155278802, score=1.0)
DEBUG:__main__:[Stage4] frame 3667: track box=Box(x1=229.43282893672585, y1=203.5817597731948, x2=246.90351644530892, y2=218.36761900037527, score=1.0)
DEBUG:__main__:[Stage4] frame 3668: track box=Box(x1=223.679707352072, y1=207.94062791392207, x2=241.0992932356894, y2=222.86201743409038, score=1.0)
DEBUG:__main__:[Stage4] frame 3669: track box=Box(x1=221.42565666139126, y1=208.49121422041208, x2=238.94462226331234, y2=223.49272430408746, score=1.0)
DEBUG:__main__:[Stage4] frame 3670: track box=Box(x1=215.32211242616177, y1=212.90922863874584, x2=232.8947719782591, y2=227.87521137390286, score=1.0)
DEBUG:__main__:[Stage4] frame 3671: track box=Box(x1=214.30545080825686, y1=213.26689874287695, x2=231.8501069061458, y2=228.42151736374944, score=1.0)
DEBUG:__main__:[Stage4] frame 3672: detect box=Box(x1=211.0, y1=215.0, x2=229.0, y2=230.0, score=0.5962672829627991)
DEBUG:__main__:[Stage4] frame 3673: track box=Box(x1=206.06862830370665, y1=217.72939110547304, x2=224.1884654685855, y2=232.58998668938875, score=1.0)
DEBUG:__main__:[Stage4] frame 3674: track box=Box(x1=204.090016156435, y1=219.51775277033448, x2=222.1454395353794, y2=234.53163695707917, score=1.0)
DEBUG:__main__:[Stage4] frame 3675: track box=Box(x1=197.24979635700583, y1=223.36504158750176, x2=215.18501135334373, y2=238.319181535393, score=1.0)
DEBUG:__main__:[Stage4] frame 3676: track box=Box(x1=196.15286929532886, y1=224.30160196498036, x2=214.13960273191333, y2=239.25412507727742, score=1.0)
DEBUG:__main__:[Stage4] frame 3677: track box=Box(x1=194.26231813803315, y1=225.52300139516592, x2=212.52095926180482, y2=240.6491435393691, score=1.0)
DEBUG:__main__:[Stage4] frame 3678: track box=Box(x1=190.72628837730736, y1=229.30350701510906, x2=208.77654766943306, y2=244.20775406062603, score=1.0)
DEBUG:__main__:[Stage4] frame 3679: track box=Box(x1=187.1985881133005, y1=232.56660129129887, x2=205.3159272475168, y2=247.65653969347477, score=1.0)
DEBUG:__main__:[Stage4] frame 3680: detect box=Box(x1=184.0, y1=237.0, x2=201.0, y2=253.0, score=0.6226736307144165)
DEBUG:__main__:[Stage4] frame 3681: track box=Box(x1=181.52645187452435, y1=238.49863781407475, x2=198.70438592508435, y2=254.25287928059697, score=1.0)
DEBUG:__main__:[Stage4] frame 3682: track box=Box(x1=181.04364524409175, y1=240.91098110750318, x2=198.13212225958705, y2=256.54270892217755, score=1.0)
DEBUG:__main__:[Stage4] frame 3683: track box=Box(x1=178.82930222898722, y1=245.19293266907334, x2=195.70413271337748, y2=260.66908234730363, score=1.0)
DEBUG:__main__:[Stage4] frame 3684: track box=Box(x1=175.56336767226458, y1=250.02269304171205, x2=192.91595912724733, y2=265.650166336447, score=1.0)
DEBUG:__main__:[Stage4] frame 3685: track box=Box(x1=172.78245498612523, y1=254.42786251660436, x2=189.8105268664658, y2=270.0029499446973, score=1.0)
DEBUG:__main__:[Stage4] frame 3686: track box=Box(x1=170.96606632694602, y1=257.6614383077249, x2=188.15603813156486, y2=273.38626595493406, score=1.0)
DEBUG:__main__:[Stage4] frame 3687: track box=Box(x1=169.33009424433112, y1=259.06698255147785, x2=186.4705027602613, y2=274.9065897902474, score=1.0)
DEBUG:__main__:[Stage4] frame 3688: detect box=Box(x1=167.0, y1=266.0, x2=184.0, y2=281.0, score=0.31990012526512146)
DEBUG:__main__:[Stage4] frame 3689: track box=Box(x1=163.4707273542881, y1=270.4335123002529, x2=180.36923351883888, y2=284.9538904130459, score=1.0)
DEBUG:__main__:[Stage4] frame 3690: track box=Box(x1=161.02233259566128, y1=276.0341930910945, x2=178.03414885886014, y2=290.9420272037387, score=1.0)
DEBUG:__main__:[Stage4] frame 3691: track box=Box(x1=158.9059411752969, y1=279.9077282771468, x2=175.90486924536526, y2=294.5697384700179, score=1.0)
DEBUG:__main__:[Stage4] frame 3692: track box=Box(x1=158.25654928572476, y1=282.19338472932577, x2=175.35164587385952, y2=296.79245241731405, score=1.0)
DEBUG:__main__:[Stage4] frame 3693: track box=Box(x1=155.79383187182248, y1=287.89264365285635, x2=172.75445275194943, y2=302.8714186772704, score=1.0)
DEBUG:__main__:[Stage4] frame 3694: track box=Box(x1=152.85922210104764, y1=292.7893166169524, x2=169.63943450339139, y2=307.1546539887786, score=1.0)
DEBUG:__main__:[Stage4] frame 3695: track box=Box(x1=149.4753493918106, y1=298.01860783062875, x2=166.14238056074828, y2=312.898214912042, score=1.0)
DEBUG:__main__:[Stage4] frame 3696: detect box=Box(x1=148.0, y1=300.0, x2=166.0, y2=316.0, score=0.3712824881076813)
DEBUG:__main__:[Stage4] frame 3697: track box=Box(x1=146.41787765920162, y1=302.6704181432724, x2=164.25559590756893, y2=318.4618195295334, score=1.0)
DEBUG:__main__:[Stage4] frame 3698: track box=Box(x1=144.62370893359184, y1=308.16255996376276, x2=162.5874385535717, y2=324.09319803863764, score=1.0)
DEBUG:__main__:[Stage4] frame 3699: track box=Box(x1=140.66444958839566, y1=313.4031977131963, x2=158.55257643852383, y2=329.2679929211736, score=1.0)
DEBUG:__main__:[Stage4] frame 3700: track box=Box(x1=136.51808920130134, y1=319.78843639045954, x2=154.43250861391425, y2=335.68549440056086, score=1.0)
DEBUG:__main__:[Stage4] frame 3701: track box=Box(x1=135.39691553637385, y1=322.3124306872487, x2=153.57214484736323, y2=338.2594190314412, score=1.0)
DEBUG:__main__:[Stage4] frame 3702: track box=Box(x1=133.62338108569384, y1=325.7416039146483, x2=151.53827226907015, y2=341.7537449635565, score=1.0)
DEBUG:__main__:[Stage4] frame 3703: track box=Box(x1=130.52565460652113, y1=331.5040759630501, x2=148.5139623209834, y2=347.5961334295571, score=1.0)
DEBUG:__main__:[Stage4] frame 3704: detect box=Box(x1=128.0, y1=338.0, x2=145.0, y2=353.0, score=0.1281840056180954)
DEBUG:__main__:[Stage4] frame 3705: track box=Box(x1=123.8082206249237, y1=343.70531845092773, x2=140.79770731925964, y2=358.4371795654297, score=1.0)
DEBUG:__main__:[Stage4] frame 3706: track box=Box(x1=121.77538692951202, y1=348.4094521999359, x2=138.51637279987335, y2=362.88176131248474, score=1.0)
DEBUG:__main__:[Stage4] frame 3707: track box=Box(x1=120.02879596874118, y1=351.37250028178096, x2=136.80430425330997, y2=365.9772270731628, score=1.0)
DEBUG:__main__:[Stage4] frame 3708: track box=Box(x1=117.60554058849812, y1=357.60095788165927, x2=134.48573334515095, y2=372.27042246982455, score=1.0)
DEBUG:__main__:[Stage4] frame 3709: track box=Box(x1=114.15781508944929, y1=362.49871310032904, x2=131.234444251284, y2=377.4198327306658, score=1.0)
DEBUG:__main__:[Stage4] frame 3710: track box=Box(x1=109.32577477954328, y1=368.68814664520323, x2=126.2710186149925, y2=383.4794865194708, score=1.0)
DEBUG:__main__:[Stage4] frame 3711: track box=Box(x1=107.7429584171623, y1=372.06262069381773, x2=124.59107243083417, y2=387.0381684843451, score=1.0)
DEBUG:__main__:[Stage4] frame 3712: detect box=Box(x1=107.0, y1=375.0, x2=124.0, y2=390.0, score=0.22620120644569397)
DEBUG:__main__:[Stage4] frame 3713: track box=Box(x1=104.06358289718628, y1=381.24174451828003, x2=121.13948774337769, y2=396.06364011764526, score=1.0)
DEBUG:__main__:[Stage4] frame 3714: track box=Box(x1=100.87627601623535, y1=385.93012315034866, x2=118.09806632995605, y2=400.43693619966507, score=1.0)
DEBUG:__main__:[Stage4] frame 3715: track box=Box(x1=96.92614078521729, y1=392.63197833299637, x2=114.28137302398682, y2=407.4644139409065, score=1.0)
DEBUG:__main__:[Stage4] frame 3716: track box=Box(x1=94.36754100956023, y1=395.58942890539765, x2=111.62120216526091, y2=410.4060844220221, score=1.0)
DEBUG:__main__:[Stage4] frame 3717: track box=Box(x1=91.62221842445433, y1=399.49262565746903, x2=109.08177500404418, y2=414.361937943846, score=1.0)
DEBUG:__main__:[Stage4] frame 3718: track box=Box(x1=89.30749604851007, y1=405.96996020153165, x2=106.69379780441523, y2=420.91709445789456, score=1.0)
DEBUG:__main__:[Stage4] frame 3719: track box=Box(x1=85.36592862941325, y1=410.8021759344265, x2=102.87213228084147, y2=425.61078840028495, score=1.0)
DEBUG:__main__:[Stage4] frame 3720: detect box=Box(x1=81.0, y1=417.0, x2=99.0, y2=433.0, score=0.3455382287502289)
DEBUG:__main__:[Stage4] frame 3721: track box=Box(x1=78.52475952357054, y1=420.37858816981316, x2=96.15665649622679, y2=436.0459115207195, score=1.0)
DEBUG:__main__:[Stage4] frame 3722: track box=Box(x1=75.79653714224696, y1=423.42982974275947, x2=93.55638430640101, y2=439.253259267658, score=1.0)
DEBUG:__main__:[Stage4] frame 3723: track box=Box(x1=72.99007482454181, y1=429.6559022627771, x2=90.81882352754474, y2=445.55300891026855, score=1.0)
DEBUG:__main__:[Stage4] frame 3724: track box=Box(x1=69.83055956289172, y1=433.88094950839877, x2=87.65588338300586, y2=449.50662304088473, score=1.0)
DEBUG:__main__:[Stage4] frame 3725: track box=Box(x1=65.81817339779809, y1=439.8204289227724, x2=83.93930952670053, y2=455.8525833040476, score=1.0)
DEBUG:__main__:[Stage4] frame 3726: track box=Box(x1=63.55849078157917, y1=444.04633343964815, x2=81.68102088430896, y2=459.5804077461362, score=1.0)
DEBUG:__main__:[Stage4] frame 3727: track box=Box(x1=61.18218425521627, y1=445.8097157999873, x2=79.2808988452889, y2=461.7473941370845, score=1.0)
DEBUG:__main__:[Stage4] frame 3728: detect box=Box(x1=59.0, y1=452.0, x2=78.0, y2=467.0, score=0.3605814576148987)
DEBUG:__main__:[Stage4] frame 3729: track box=Box(x1=56.877545922994614, y1=455.25026573240757, x2=76.07148942351341, y2=470.114630356431, score=1.0)
DEBUG:__main__:[Stage4] frame 3730: track box=Box(x1=52.7474595757667, y1=460.9730183184147, x2=71.76015178882517, y2=475.710159689188, score=1.0)
DEBUG:__main__:[Stage4] frame 3731: track box=Box(x1=49.93586730980314, y1=464.1681668795645, x2=69.00574988150038, y2=479.0563719905913, score=1.0)
DEBUG:__main__:[Stage4] frame 3732: track box=Box(x1=49.07131813489832, y1=466.96159664168954, x2=68.15561269246973, y2=481.6795302964747, score=1.0)
DEBUG:__main__:[Stage4] frame 3733: track box=Box(x1=45.796192683512345, y1=472.16003208234906, x2=64.74201253824867, y2=487.0280931480229, score=1.0)
DEBUG:__main__:[Stage4] frame 3734: track box=Box(x1=43.60410551005043, y1=475.5616792179644, x2=62.702269830042496, y2=490.39629397168756, score=1.0)
DEBUG:__main__:[Stage4] frame 3735: track box=Box(x1=39.628835233161226, y1=480.8853274397552, x2=58.50477937073447, y2=495.87207589671016, score=1.0)
DEBUG:__main__:[Stage4] frame 3736: detect box=Box(x1=39.0, y1=484.0, x2=55.0, y2=499.0, score=0.34571370482444763)
DEBUG:__main__:[Stage4] frame 3737: track box=Box(x1=37.420508950948715, y1=487.00821451097727, x2=53.74143943190575, y2=501.7884738817811, score=1.0)
DEBUG:__main__:[Stage4] frame 3738: track box=Box(x1=35.46422215178609, y1=491.5991556979716, x2=52.0164601393044, y2=506.35594872012734, score=1.0)
DEBUG:__main__:[Stage4] frame 3739: track box=Box(x1=32.637961665168405, y1=496.3642265377566, x2=49.27535388804972, y2=511.1126119075343, score=1.0)
DEBUG:__main__:[Stage4] frame 3740: track box=Box(x1=29.153769082855433, y1=501.5015714513138, x2=45.381334252189845, y2=516.0901100384071, score=1.0)
DEBUG:__main__:[Stage4] frame 3741: track box=Box(x1=27.233137271832675, y1=503.34481859672815, x2=43.759976647328585, y2=518.1975317047909, score=1.0)
DEBUG:__main__:[Stage4] frame 3742: track box=Box(x1=25.444428890477866, y1=506.39968618843704, x2=42.142244308721274, y2=521.3764037201181, score=1.0)
DEBUG:__main__:[Stage4] frame 3743: track box=Box(x1=23.59739491296932, y1=511.13229245040566, x2=40.46536061121151, y2=526.0917078861967, score=1.0)
DEBUG:__main__:[Stage4] frame 3744: detect box=Box(x1=22.0, y1=515.0, x2=40.0, y2=531.0, score=0.5113033056259155)
DEBUG:__main__:[Stage4] frame 3745: track box=Box(x1=21.858332738280296, y1=520.1078746803105, x2=39.66503654420376, y2=535.6357870586216, score=1.0)
DEBUG:__main__:[Stage4] frame 3746: track box=Box(x1=21.478847727179527, y1=523.0432984419167, x2=39.95584963262081, y2=538.8147883601487, score=1.0)
DEBUG:__main__:[Stage4] frame 3747: track box=Box(x1=20.586295884102583, y1=525.7118919230998, x2=38.76475076004863, y2=541.3014098145068, score=1.0)
DEBUG:__main__:[Stage4] frame 3748: track box=Box(x1=20.40489300712943, y1=529.9119502790272, x2=38.780107107013464, y2=545.5562276132405, score=1.0)
DEBUG:__main__:[Stage4] frame 3749: track box=Box(x1=21.73330945149064, y1=533.6946630068123, x2=40.24658888950944, y2=549.2795865125954, score=1.0)
DEBUG:__main__:[Stage4] frame 3750: track box=Box(x1=24.849570114165545, y1=539.554688166827, x2=42.53665431216359, y2=555.0150918476284, score=1.0)
DEBUG:__main__:[Stage4] frame 3751: track box=Box(x1=26.519383469596505, y1=541.0025873426348, x2=44.62637458182871, y2=556.785307014361, score=1.0)
DEBUG:__main__:[Stage4] frame 3752: detect box=Box(x1=26.0, y1=543.0, x2=46.0, y2=560.0, score=0.4320046305656433)
DEBUG:__main__:[Stage4] frame 3753: track box=Box(x1=27.734000395983458, y1=547.7599385380745, x2=47.770725559443235, y2=564.6374067664146, score=1.0)
DEBUG:__main__:[Stage4] frame 3754: track box=Box(x1=29.32824854925275, y1=552.0762824118137, x2=49.24874620512128, y2=568.6116048395634, score=1.0)
DEBUG:__main__:[Stage4] frame 3755: track box=Box(x1=31.738886289298534, y1=556.7428489467129, x2=52.00218879431486, y2=573.6915711900219, score=1.0)
DEBUG:__main__:[Stage4] frame 3756: track box=Box(x1=34.445933766663074, y1=559.153230576776, x2=54.75968397408724, y2=576.0, score=1.0)
DEBUG:__main__:[Stage4] frame 3757: track box=Box(x1=35.32092911750078, y1=561.4902465785854, x2=55.64972049742937, y2=576.0, score=1.0)
DEBUG:__main__:[Stage4] frame 3758: track box=Box(x1=38.56231274828315, y1=566.0, x2=57.09660842642188, y2=576.0, score=1.0)
DEBUG:__main__:[Stage4] frame 3759: track box=Box(x1=44.1210913490504, y1=566.0, x2=60.21598814241588, y2=576.0, score=1.0)
DEBUG:__main__:[Stage4] frame 3760: tracker.update rejected (conf=0.335 threshold=0.400, track_age=8 max=30, box_is_none=False) -- try re-detect
DEBUG:__main__:[Stage4] frame 3760: none box=None
DEBUG:__main__:[Stage4] frame 3761: none box=None
DEBUG:__main__:[Stage4] frame 3762: none box=None
DEBUG:__main__:[Stage4] frame 3763: none box=None
DEBUG:__main__:[Stage4] frame 3764: none box=None
DEBUG:__main__:[Stage4] frame 3765: none box=None
DEBUG:__main__:[Stage4] frame 3766: none box=None
DEBUG:__main__:[Stage4] frame 3767: none box=None
DEBUG:__main__:[Stage4] frame 3768: none box=None
DEBUG:__main__:[Stage4] frame 3769: none box=None
DEBUG:__main__:[Stage4] frame 3770: none box=None
DEBUG:__main__:[Stage4] frame 3771: none box=None
DEBUG:__main__:[Stage4] frame 3772: none box=None
DEBUG:__main__:[Stage4] frame 3773: none box=None
DEBUG:__main__:[Stage4] frame 3774: none box=None
DEBUG:__main__:[Stage4] frame 3775: none box=None
DEBUG:__main__:[Stage4] frame 3776: none box=None
DEBUG:__main__:[Stage4] frame 3777: none box=None
DEBUG:__main__:[Stage4] frame 3778: none box=None
DEBUG:__main__:[Stage4] frame 3779: none box=None
DEBUG:__main__:[Stage4] frame 3780: none box=None
DEBUG:__main__:[Stage4] frame 3781: none box=None
DEBUG:__main__:[Stage4] frame 3782: none box=None
DEBUG:__main__:[Stage4] frame 3783: none box=None
DEBUG:__main__:[Stage4] frame 3784: none box=None
DEBUG:__main__:[Stage4] frame 3785: none box=None
DEBUG:__main__:[Stage4] frame 3786: none box=None
DEBUG:__main__:[Stage4] frame 3787: none box=None
DEBUG:__main__:[Stage4] frame 3788: none box=None
DEBUG:__main__:[Stage4] frame 3789: none box=None
DEBUG:__main__:[Stage4] frame 3790: none box=None
DEBUG:__main__:[Stage4] frame 3791: none box=None
DEBUG:__main__:[Stage4] frame 3792: none box=None
DEBUG:__main__:[Stage4] frame 3793: none box=None
DEBUG:__main__:[Stage4] frame 3794: none box=None
DEBUG:__main__:[Stage4] frame 3795: none box=None
DEBUG:__main__:[Stage4] frame 3796: none box=None
DEBUG:__main__:[Stage4] frame 3797: none box=None
DEBUG:__main__:[Stage4] frame 3798: none box=None
DEBUG:__main__:[Stage4] frame 3799: none box=None
DEBUG:__main__:[Stage4] frame 3800: none box=None
DEBUG:__main__:[Stage4] frame 3801: none box=None
DEBUG:__main__:[Stage4] frame 3802: none box=None
DEBUG:__main__:[Stage4] frame 3803: none box=None
DEBUG:__main__:[Stage4] frame 3804: none box=None
DEBUG:__main__:[Stage4] frame 3805: none box=None
DEBUG:__main__:[Stage4] frame 3806: none box=None
DEBUG:__main__:[Stage4] frame 3807: none box=None
DEBUG:__main__:[Stage4] frame 3808: none box=None
DEBUG:__main__:[Stage4] frame 3809: none box=None
DEBUG:__main__:[Stage4] frame 3810: none box=None
DEBUG:__main__:[Stage4] frame 3811: none box=None
DEBUG:__main__:[Stage4] frame 3812: none box=None
DEBUG:__main__:[Stage4] frame 3813: none box=None
DEBUG:__main__:[Stage4] frame 3814: none box=None
DEBUG:__main__:[Stage4] frame 3815: none box=None
DEBUG:__main__:[Stage4] frame 3816: none box=None
DEBUG:__main__:[Stage4] frame 3817: none box=None
DEBUG:__main__:[Stage4] frame 3818: none box=None
DEBUG:__main__:[Stage4] frame 3819: none box=None
DEBUG:__main__:[Stage4] frame 3820: none box=None
DEBUG:__main__:[Stage4] frame 3821: none box=None
DEBUG:__main__:[Stage4] frame 3822: none box=None
DEBUG:__main__:[Stage4] frame 3823: none box=None
DEBUG:__main__:[Stage4] frame 3824: none box=None
DEBUG:__main__:[Stage4] frame 3825: none box=None
DEBUG:__main__:[Stage4] frame 3826: none box=None
DEBUG:__main__:[Stage4] frame 3827: none box=None
DEBUG:__main__:[Stage4] frame 3828: none box=None
DEBUG:__main__:[Stage4] frame 3829: none box=None
DEBUG:__main__:[Stage4] frame 3830: none box=None
DEBUG:__main__:[Stage4] frame 3831: none box=None
DEBUG:__main__:[Stage4] frame 3832: none box=None
DEBUG:__main__:[Stage4] frame 3833: none box=None
DEBUG:__main__:[Stage4] frame 3834: none box=None
DEBUG:__main__:[Stage4] frame 3835: none box=None
DEBUG:__main__:[Stage4] frame 3836: none box=None
DEBUG:__main__:[Stage4] frame 3837: none box=None
DEBUG:__main__:[Stage4] frame 3838: none box=None
DEBUG:__main__:[Stage4] frame 3839: none box=None
DEBUG:__main__:[Stage4] frame 3840: none box=None
DEBUG:__main__:[Stage4] frame 3841: none box=None
DEBUG:__main__:[Stage4] frame 3842: none box=None
DEBUG:__main__:[Stage4] frame 3843: none box=None
DEBUG:__main__:[Stage4] frame 3844: none box=None
DEBUG:__main__:[Stage4] frame 3845: none box=None
DEBUG:__main__:[Stage4] frame 3846: none box=None
DEBUG:__main__:[Stage4] frame 3847: none box=None
DEBUG:__main__:[Stage4] frame 3848: none box=None
DEBUG:__main__:[Stage4] frame 3849: none box=None
DEBUG:__main__:[Stage4] frame 3850: none box=None
DEBUG:__main__:[Stage4] frame 3851: none box=None
DEBUG:__main__:[Stage4] frame 3852: none box=None
DEBUG:__main__:[Stage4] frame 3853: none box=None
DEBUG:__main__:[Stage4] frame 3854: none box=None
DEBUG:__main__:[Stage4] frame 3855: none box=None
DEBUG:__main__:[Stage4] frame 3856: none box=None
DEBUG:__main__:[Stage4] frame 3857: none box=None
DEBUG:__main__:[Stage4] frame 3858: none box=None
DEBUG:__main__:[Stage4] frame 3859: none box=None
DEBUG:__main__:[Stage4] frame 3860: none box=None
DEBUG:__main__:[Stage4] frame 3861: none box=None
DEBUG:__main__:[Stage4] frame 3862: none box=None
DEBUG:__main__:[Stage4] frame 3863: none box=None
DEBUG:__main__:[Stage4] frame 3864: none box=None
DEBUG:__main__:[Stage4] frame 3865: none box=None
DEBUG:__main__:[Stage4] frame 3866: none box=None
DEBUG:__main__:[Stage4] frame 3867: none box=None
DEBUG:__main__:[Stage4] frame 3868: none box=None
DEBUG:__main__:[Stage4] frame 3869: none box=None
DEBUG:__main__:[Stage4] frame 3870: none box=None
DEBUG:__main__:[Stage4] frame 3871: none box=None
DEBUG:__main__:[Stage4] frame 3872: none box=None
DEBUG:__main__:[Stage4] frame 3873: none box=None
DEBUG:__main__:[Stage4] frame 3874: none box=None
DEBUG:__main__:[Stage4] frame 3875: none box=None
DEBUG:__main__:[Stage4] frame 3876: none box=None
DEBUG:__main__:[Stage4] frame 3877: none box=None
DEBUG:__main__:[Stage4] frame 3878: none box=None
DEBUG:__main__:[Stage4] frame 3879: none box=None
DEBUG:__main__:[Stage4] frame 3880: none box=None
DEBUG:__main__:[Stage4] frame 3881: none box=None
DEBUG:__main__:[Stage4] frame 3882: none box=None
DEBUG:__main__:[Stage4] frame 3883: none box=None
DEBUG:__main__:[Stage4] frame 3884: none box=None
DEBUG:__main__:[Stage4] frame 3885: none box=None
DEBUG:__main__:[Stage4] frame 3886: none box=None
DEBUG:__main__:[Stage4] frame 3887: none box=None
DEBUG:__main__:[Stage4] frame 3888: none box=None
DEBUG:__main__:[Stage4] frame 3889: none box=None
DEBUG:__main__:[Stage4] frame 3890: none box=None
DEBUG:__main__:[Stage4] frame 3891: none box=None
DEBUG:__main__:[Stage4] frame 3892: none box=None
DEBUG:__main__:[Stage4] frame 3893: none box=None
DEBUG:__main__:[Stage4] frame 3894: none box=None
DEBUG:__main__:[Stage4] frame 3895: none box=None
INFO:__main__:[Stage4] Helmet_0: backward_tracking recovered 6 frame(s) [3890, 3896) before the lock at frame 3896
DEBUG:__main__:[Stage4] frame 3896: detect box=Box(x1=672.0, y1=539.0, x2=691.0, y2=553.0, score=0.32451897859573364)
DEBUG:__main__:[Stage4] frame 3897: track box=Box(x1=674.5119123980403, y1=535.6159201730043, x2=693.6399429365993, y2=549.555989490822, score=1.0)
DEBUG:__main__:[Stage4] frame 3898: track box=Box(x1=677.2013738378882, y1=531.6751234573312, x2=696.0836847051978, y2=545.2832025331445, score=1.0)
DEBUG:__main__:[Stage4] frame 3899: track box=Box(x1=679.6126438081264, y1=526.7979453881271, x2=698.5309646427631, y2=540.8604564149864, score=1.0)
DEBUG:__main__:[Stage4] frame 3900: track box=Box(x1=685.2024490199983, y1=519.7631628555246, x2=703.7611685357988, y2=533.9637630027719, score=1.0)
DEBUG:__main__:[Stage4] frame 3901: track box=Box(x1=687.9732229858637, y1=516.753915943671, x2=706.9493910223246, y2=530.9256551642902, score=1.0)
DEBUG:__main__:[Stage4] frame 3902: track box=Box(x1=691.1663437411189, y1=513.1552475285716, x2=709.8587177321315, y2=527.0028503728099, score=1.0)
DEBUG:__main__:[Stage4] frame 3903: track box=Box(x1=693.6363826580346, y1=509.19413218810223, x2=712.44812919572, y2=522.8820795805659, score=1.0)
DEBUG:__main__:[Stage4] frame 3904: detect box=Box(x1=697.0, y1=503.0, x2=714.0, y2=518.0, score=0.6300151944160461)
DEBUG:__main__:[Stage4] frame 3905: track box=Box(x1=701.7044215798378, y1=496.66308414936066, x2=719.0388904213905, y2=511.79792988300323, score=1.0)
DEBUG:__main__:[Stage4] frame 3906: track box=Box(x1=705.086010556668, y1=492.8879832581151, x2=722.3067478947341, y2=507.5010635808576, score=1.0)
DEBUG:__main__:[Stage4] frame 3907: track box=Box(x1=707.0772769860923, y1=489.8747728720773, x2=724.3601100854576, y2=504.84108528052457, score=1.0)
DEBUG:__main__:[Stage4] frame 3908: track box=Box(x1=710.2067491486669, y1=485.6507030383218, x2=727.5682824924588, y2=500.6523719683755, score=1.0)
DEBUG:__main__:[Stage4] frame 3909: track box=Box(x1=713.2661320902407, y1=480.9562056020368, x2=730.2488633133471, y2=495.8168421939481, score=1.0)
DEBUG:__main__:[Stage4] frame 3910: track box=Box(x1=716.3752049542964, y1=474.71159463678487, x2=733.5224751569331, y2=489.84739404474385, score=1.0)
DEBUG:__main__:[Stage4] frame 3911: track box=Box(x1=720.637621041853, y1=471.2255272420589, x2=737.8371969428845, y2=486.01592274033464, score=1.0)
DEBUG:__main__:[Stage4] frame 3912: detect box=Box(x1=722.0, y1=468.0, x2=740.0, y2=483.0, score=0.5649152398109436)
DEBUG:__main__:[Stage4] frame 3913: track box=Box(x1=723.9856607019901, y1=464.743148105219, x2=742.1719690859318, y2=479.4352426696569, score=1.0)
DEBUG:__main__:[Stage4] frame 3914: track box=Box(x1=725.9412158541381, y1=460.05948690511286, x2=743.935675483197, y2=474.6761252079159, score=1.0)
DEBUG:__main__:[Stage4] frame 3915: track box=Box(x1=731.5577510092407, y1=453.3503474704921, x2=749.5529264304787, y2=468.17042012140155, score=1.0)
DEBUG:__main__:[Stage4] frame 3916: track box=Box(x1=734.0193012375385, y1=449.99929864890873, x2=752.0754720587283, y2=464.5653233099729, score=1.0)
DEBUG:__main__:[Stage4] frame 3917: track box=Box(x1=735.7499757949263, y1=446.83063752856106, x2=753.7543798033148, y2=461.49323142971843, score=1.0)
DEBUG:__main__:[Stage4] frame 3918: track box=Box(x1=739.7666917163879, y1=443.11923621129245, x2=757.7681318838149, y2=457.6830354137346, score=1.0)
DEBUG:__main__:[Stage4] frame 3919: track box=Box(x1=741.2070549819618, y1=438.8359801834449, x2=759.4287375900894, y2=453.49680740293115, score=1.0)
DEBUG:__main__:[Stage4] frame 3920: detect box=Box(x1=747.0, y1=432.0, x2=768.0, y2=448.0, score=0.6357073187828064)
DEBUG:__main__:[Stage4] frame 3921: track box=Box(x1=749.7355095371604, y1=428.41069908067584, x2=770.7016754373908, y2=444.3370213024318, score=1.0)
DEBUG:__main__:[Stage4] frame 3922: track box=Box(x1=751.8546357788146, y1=425.7697165235877, x2=772.5537796653807, y2=441.55456855148077, score=1.0)
DEBUG:__main__:[Stage4] frame 3923: track box=Box(x1=754.1186597645283, y1=421.8012571092695, x2=775.124436289072, y2=437.442070459947, score=1.0)
DEBUG:__main__:[Stage4] frame 3924: track box=Box(x1=756.0377928782254, y1=417.3797680933494, x2=777.0903833080083, y2=433.14764775824733, score=1.0)
DEBUG:__main__:[Stage4] frame 3925: track box=Box(x1=762.0788210835308, y1=410.1543795496691, x2=782.8544441070408, y2=426.4192376167048, score=1.0)
DEBUG:__main__:[Stage4] frame 3926: track box=Box(x1=764.9355098959059, y1=407.2293355681468, x2=785.8407060857862, y2=423.35988404531963, score=1.0)
DEBUG:__main__:[Stage4] frame 3927: track box=Box(x1=768.0186065193266, y1=404.42973026190884, x2=789.0081802364439, y2=420.5031551972497, score=1.0)
DEBUG:__main__:[Stage4] frame 3928: detect box=Box(x1=771.0, y1=401.0, x2=788.0, y2=416.0, score=0.48316654562950134)
DEBUG:__main__:[Stage4] frame 3929: track box=Box(x1=772.4619439840317, y1=396.956383228302, x2=789.6491769552231, y2=411.8870282173157, score=1.0)
DEBUG:__main__:[Stage4] frame 3930: track box=Box(x1=777.4067885745317, y1=389.7602802263573, x2=794.3765602577478, y2=404.8383465157822, score=1.0)
DEBUG:__main__:[Stage4] frame 3931: track box=Box(x1=780.3382874894887, y1=386.91342264879495, x2=797.5675240922719, y2=401.73117167223245, score=1.0)
DEBUG:__main__:[Stage4] frame 3932: track box=Box(x1=783.3696264196187, y1=383.88503659237176, x2=800.5286115575582, y2=398.7060891436413, score=1.0)
DEBUG:__main__:[Stage4] frame 3933: track box=Box(x1=786.1795178819448, y1=379.789940004237, x2=803.3976193834096, y2=394.81719983089715, score=1.0)
DEBUG:__main__:[Stage4] frame 3934: track box=Box(x1=788.569551313296, y1=375.2636200422421, x2=805.630690658465, y2=390.1650646561757, score=1.0)
DEBUG:__main__:[Stage4] frame 3935: track box=Box(x1=793.9364335183054, y1=368.53078555408865, x2=811.4021699074656, y2=383.6945428783074, score=1.0)
DEBUG:__main__:[Stage4] frame 3936: track box=Box(x1=796.9176805261523, y1=365.55122882220894, x2=814.3368456605822, y2=380.69729226920754, score=1.0)
DEBUG:__main__:[Stage4] frame 3937: track box=Box(x1=800.242194103077, y1=362.3670353712514, x2=817.4885444510728, y2=377.26799569744617, score=1.0)
DEBUG:__main__:[Stage4] frame 3938: track box=Box(x1=804.5318325287662, y1=358.9956958796829, x2=821.649718774017, y2=373.94086199067533, score=1.0)
DEBUG:__main__:[Stage4] frame 3939: track box=Box(x1=805.7583146519028, y1=355.34436630271375, x2=823.0063615269028, y2=370.2130339052528, score=1.0)
DEBUG:__main__:[Stage4] frame 3940: track box=Box(x1=812.0478861904703, y1=348.6854173131287, x2=829.190850791987, y2=363.85148837044835, score=1.0)
DEBUG:__main__:[Stage4] frame 3941: track box=Box(x1=815.9545707269572, y1=344.7770586090628, x2=833.2265534563921, y2=359.92101127677597, score=1.0)
DEBUG:__main__:[Stage4] frame 3942: track box=Box(x1=818.4994780956767, y1=341.5138892636169, x2=835.7741379677318, y2=356.4862490997184, score=1.0)
DEBUG:__main__:[Stage4] frame 3943: track box=Box(x1=822.2278159237467, y1=337.18162525375374, x2=839.8480247831903, y2=352.4110024042893, score=1.0)
DEBUG:__main__:[Stage4] frame 3944: detect box=Box(x1=824.0, y1=333.0, x2=843.0, y2=349.0, score=0.7666002511978149)
DEBUG:__main__:[Stage4] frame 3945: track box=Box(x1=831.2874037250876, y1=327.45174890756607, x2=849.9793452247977, y2=343.158867418766, score=1.0)
DEBUG:__main__:[Stage4] frame 3946: track box=Box(x1=834.5152092203498, y1=323.90174205508083, x2=853.1872810348868, y2=339.4864151617512, score=1.0)
DEBUG:__main__:[Stage4] frame 3947: track box=Box(x1=838.3451403342187, y1=321.11146529670805, x2=857.161120351404, y2=336.8042741632089, score=1.0)
DEBUG:__main__:[Stage4] frame 3948: track box=Box(x1=841.5804424956441, y1=317.4545872434974, x2=860.3335842564702, y2=333.1752145513892, score=1.0)
DEBUG:__main__:[Stage4] frame 3949: track box=Box(x1=844.3593478389084, y1=313.312717333436, x2=863.063149292022, y2=328.9124676734209, score=1.0)
DEBUG:__main__:[Stage4] frame 3950: track box=Box(x1=850.1005679946393, y1=306.5099436137825, x2=868.7397915106267, y2=322.11919433809817, score=1.0)
DEBUG:__main__:[Stage4] frame 3951: track box=Box(x1=853.7321662474424, y1=303.25646824017167, x2=872.9428317118436, y2=319.26397014036775, score=1.0)
DEBUG:__main__:[Stage4] frame 3952: detect box=Box(x1=857.0, y1=301.0, x2=877.0, y2=317.0, score=0.6845007538795471)
DEBUG:__main__:[Stage4] frame 3953: track box=Box(x1=860.8166829049587, y1=296.9522916767746, x2=880.6137414872646, y2=312.50748176313937, score=1.0)
DEBUG:__main__:[Stage4] frame 3954: track box=Box(x1=862.9899330921471, y1=293.1350655220449, x2=882.9340617246926, y2=308.7752919457853, score=1.0)
DEBUG:__main__:[Stage4] frame 3955: track box=Box(x1=870.1360519751906, y1=287.20517786592245, x2=890.4081890210509, y2=303.0178385004401, score=1.0)
DEBUG:__main__:[Stage4] frame 3956: track box=Box(x1=874.3477073833346, y1=283.3669099807739, x2=894.250633828342, y2=299.18404245376587, score=1.0)
DEBUG:__main__:[Stage4] frame 3957: track box=Box(x1=876.5064985491335, y1=280.0040258327499, x2=896.6375176645815, y2=295.83430399093777, score=1.0)
DEBUG:__main__:[Stage4] frame 3958: track box=Box(x1=880.8410139121115, y1=276.48166374955326, x2=900.8619833029807, y2=292.358809039928, score=1.0)
DEBUG:__main__:[Stage4] frame 3959: track box=Box(x1=883.0766871608794, y1=273.15382436010987, x2=903.3607319034636, y2=288.9841919252649, score=1.0)
DEBUG:__main__:[Stage4] frame 3960: detect box=Box(x1=890.0, y1=267.0, x2=910.0, y2=282.0, score=0.6853034496307373)
DEBUG:__main__:[Stage4] frame 3961: track box=Box(x1=892.7289210632443, y1=263.2322955392301, x2=912.9198538139462, y2=278.1594229005277, score=1.0)
DEBUG:__main__:[Stage4] frame 3962: track box=Box(x1=895.6380035728216, y1=260.04752599447966, x2=915.6810566037893, y2=274.8752560541034, score=1.0)
DEBUG:__main__:[Stage4] frame 3963: track box=Box(x1=899.9586507081985, y1=256.7213045367971, x2=919.8704198598862, y2=271.59744638297707, score=1.0)
DEBUG:__main__:[Stage4] frame 3964: track box=Box(x1=901.8828341569752, y1=252.72263993974775, x2=921.9113840069622, y2=267.51332767959684, score=1.0)
DEBUG:__main__:[Stage4] frame 3965: track box=Box(x1=909.5734893511981, y1=245.9717386784032, x2=929.7774919699878, y2=261.29922692198306, score=1.0)
DEBUG:__main__:[Stage4] frame 3966: track box=Box(x1=912.9755758736283, y1=243.0650700321421, x2=933.1279493067414, y2=258.1969485869631, score=1.0)
DEBUG:__main__:[Stage4] frame 3967: track box=Box(x1=915.9279865492135, y1=239.86463305260986, x2=936.3537419307977, y2=254.96420678403229, score=1.0)
DEBUG:__main__:[Stage4] frame 3968: detect box=Box(x1=921.0, y1=237.0, x2=940.0, y2=251.0, score=0.6725718975067139)
DEBUG:__main__:[Stage4] frame 3969: track box=Box(x1=922.6931325681508, y1=233.80641338974237, x2=941.5874615199864, y2=247.68667946010828, score=1.0)
DEBUG:__main__:[Stage4] frame 3970: track box=Box(x1=928.2560077887028, y1=227.91062533855438, x2=947.1988452058285, y2=241.66765540838242, score=1.0)
DEBUG:__main__:[Stage4] frame 3971: track box=Box(x1=932.7855015518144, y1=224.50067086145282, x2=951.9281909586862, y2=238.4805236570537, score=1.0)
DEBUG:__main__:[Stage4] frame 3972: track box=Box(x1=935.8421239079908, y1=221.5230677947402, x2=955.1788875283673, y2=235.3537312373519, score=1.0)
DEBUG:__main__:[Stage4] frame 3973: track box=Box(x1=937.9408436315134, y1=217.8475729227066, x2=957.3229927318171, y2=231.42435777187347, score=1.0)
DEBUG:__main__:[Stage4] frame 3974: track box=Box(x1=940.8950091237202, y1=213.972716889577, x2=960.3598932260647, y2=227.57627036352642, score=1.0)
DEBUG:__main__:[Stage4] frame 3975: track box=Box(x1=946.2197268428281, y1=206.8432819910813, x2=965.5594802321866, y2=220.90040469844826, score=1.0)
DEBUG:__main__:[Stage4] frame 3976: detect box=Box(x1=950.0, y1=203.0, x2=970.0, y2=217.0, score=0.6610248684883118)
DEBUG:__main__:[Stage4] frame 3977: track box=Box(x1=953.2485477514565, y1=200.24083766154945, x2=973.4809853620827, y2=214.4258613269776, score=1.0)
DEBUG:__main__:[Stage4] frame 3978: track box=Box(x1=956.6738753207028, y1=196.25780470948666, x2=976.7999949343503, y2=210.28942425828427, score=1.0)
DEBUG:__main__:[Stage4] frame 3979: track box=Box(x1=958.2678678743541, y1=192.75821681600064, x2=977.9471152536571, y2=206.7740373192355, score=1.0)
DEBUG:__main__:[Stage4] frame 3980: track box=Box(x1=963.6948468871415, y1=186.72483777161688, x2=983.5496620722115, y2=200.8954368745908, score=1.0)
DEBUG:__main__:[Stage4] frame 3981: track box=Box(x1=966.6932930983603, y1=182.91805738117546, x2=987.1435039080679, y2=197.18292158748955, score=1.0)
DEBUG:__main__:[Stage4] frame 3982: track box=Box(x1=969.9990269728005, y1=179.27787773963064, x2=990.3566767163575, y2=193.52374105807394, score=1.0)
DEBUG:__main__:[Stage4] frame 3983: track box=Box(x1=973.253755826503, y1=175.6321709919721, x2=993.6181051917374, y2=189.8789678979665, score=1.0)
DEBUG:__main__:[Stage4] frame 3984: detect box=Box(x1=976.0, y1=171.0, x2=997.0, y2=187.0, score=0.7835635542869568)
DEBUG:__main__:[Stage4] frame 3985: track box=Box(x1=981.4951005075127, y1=164.54318513721228, x2=1002.4214373920113, y2=180.62151040881872, score=1.0)
DEBUG:__main__:[Stage4] frame 3986: track box=Box(x1=985.2501940596849, y1=160.32542235031724, x2=1006.2920042145997, y2=176.17029577866197, score=1.0)
DEBUG:__main__:[Stage4] frame 3987: track box=Box(x1=988.1008646134287, y1=157.38533816486597, x2=1009.4855659846216, y2=173.5007180944085, score=1.0)
DEBUG:__main__:[Stage4] frame 3988: track box=Box(x1=991.9665181022137, y1=153.36905474960804, x2=1013.1770336013287, y2=169.346348002553, score=1.0)
DEBUG:__main__:[Stage4] frame 3989: track box=Box(x1=993.237503355369, y1=149.86387830972672, x2=1014.5760330613703, y2=165.94202715158463, score=1.0)
DEBUG:__main__:[Stage4] frame 3990: track box=Box(x1=999.6259616427124, y1=143.83154584094882, x2=1020.7729847840965, y2=159.94655711576343, score=1.0)
DEBUG:__main__:[Stage4] frame 3991: track box=Box(x1=1002.5401348806918, y1=139.7058310303837, x2=1023.8723880983889, y2=155.86953947879374, score=1.0)
DEBUG:__main__:[Stage4] frame 3992: detect box=Box(x1=1007.0, y1=137.0, x2=1024.0, y2=153.0, score=0.9636845588684082)
DEBUG:__main__:[Stage4] frame 3993: track box=Box(x1=1010.3634605929255, y1=132.36474946141243, x2=1024.0, y2=147.93041124939919, score=1.0)
DEBUG:__main__:[Stage4] frame 3994: track box=Box(x1=1011.5259809689596, y1=128.53702253103256, x2=1024.0, y2=143.4963349699974, score=1.0)
DEBUG:__main__:[Stage4] frame 3995: track box=Box(x1=1014.0, y1=122.66737566422671, x2=1024.0, y2=136.64499149750918, score=1.0)
DEBUG:__main__:[Stage4] frame 3996: tracker.update rejected (conf=0.340 threshold=0.400, track_age=4 max=30, box_is_none=False) -- try re-detect
DEBUG:__main__:[Stage4] frame 3996: none box=None
DEBUG:__main__:[Stage4] frame 3997: none box=None
DEBUG:__main__:[Stage4] frame 3998: none box=None
DEBUG:__main__:[Stage4] frame 3999: none box=None
DEBUG:__main__:[Stage4] frame 4000: none box=None
DEBUG:__main__:[Stage4] frame 4001: none box=None
DEBUG:__main__:[Stage4] frame 4002: none box=None
DEBUG:__main__:[Stage4] frame 4003: none box=None
DEBUG:__main__:[Stage4] frame 4004: none box=None
DEBUG:__main__:[Stage4] frame 4005: none box=None
DEBUG:__main__:[Stage4] frame 4006: none box=None
DEBUG:__main__:[Stage4] frame 4007: none box=None
DEBUG:__main__:[Stage4] frame 4008: none box=None
DEBUG:__main__:[Stage4] frame 4009: none box=None
DEBUG:__main__:[Stage4] frame 4010: none box=None
DEBUG:__main__:[Stage4] frame 4011: none box=None
DEBUG:__main__:[Stage4] frame 4012: none box=None
DEBUG:__main__:[Stage4] frame 4013: none box=None
DEBUG:__main__:[Stage4] frame 4014: none box=None
DEBUG:__main__:[Stage4] frame 4015: none box=None
DEBUG:__main__:[Stage4] frame 4016: none box=None
DEBUG:__main__:[Stage4] frame 4017: none box=None
DEBUG:__main__:[Stage4] frame 4018: none box=None
DEBUG:__main__:[Stage4] frame 4019: none box=None
DEBUG:__main__:[Stage4] frame 4020: none box=None
DEBUG:__main__:[Stage4] frame 4021: none box=None
DEBUG:__main__:[Stage4] frame 4022: none box=None
DEBUG:__main__:[Stage4] frame 4023: none box=None
DEBUG:__main__:[Stage4] frame 4024: none box=None
DEBUG:__main__:[Stage4] frame 4025: none box=None
DEBUG:__main__:[Stage4] frame 4026: none box=None
DEBUG:__main__:[Stage4] frame 4027: none box=None
DEBUG:__main__:[Stage4] frame 4028: none box=None
DEBUG:__main__:[Stage4] frame 4029: none box=None
DEBUG:__main__:[Stage4] frame 4030: none box=None
DEBUG:__main__:[Stage4] frame 4031: none box=None
DEBUG:__main__:[Stage4] frame 4032: none box=None
DEBUG:__main__:[Stage4] frame 4033: none box=None
DEBUG:__main__:[Stage4] frame 4034: none box=None
DEBUG:__main__:[Stage4] frame 4035: none box=None
DEBUG:__main__:[Stage4] frame 4036: none box=None
DEBUG:__main__:[Stage4] frame 4037: none box=None
DEBUG:__main__:[Stage4] frame 4038: none box=None
DEBUG:__main__:[Stage4] frame 4039: none box=None
DEBUG:__main__:[Stage4] frame 4040: none box=None
DEBUG:__main__:[Stage4] frame 4041: none box=None
DEBUG:__main__:[Stage4] frame 4042: none box=None
DEBUG:__main__:[Stage4] frame 4043: none box=None
DEBUG:__main__:[Stage4] frame 4044: none box=None
DEBUG:__main__:[Stage4] frame 4045: none box=None
DEBUG:__main__:[Stage4] frame 4046: none box=None
DEBUG:__main__:[Stage4] frame 4047: none box=None
DEBUG:__main__:[Stage4] frame 4048: none box=None
DEBUG:__main__:[Stage4] frame 4049: none box=None
DEBUG:__main__:[Stage4] frame 4050: none box=None
DEBUG:__main__:[Stage4] frame 4051: none box=None
DEBUG:__main__:[Stage4] frame 4052: none box=None
DEBUG:__main__:[Stage4] frame 4053: none box=None
DEBUG:__main__:[Stage4] frame 4054: none box=None
DEBUG:__main__:[Stage4] frame 4055: none box=None
INFO:__main__:[Stage4] Helmet_0: backward_tracking recovered 16 frame(s) [4040, 4056) before the lock at frame 4056
DEBUG:__main__:[Stage4] frame 4056: detect box=Box(x1=927.0, y1=4.0, x2=947.0, y2=19.0, score=0.8549461364746094)
DEBUG:__main__:[Stage4] frame 4057: track box=Box(x1=922.1647829636931, y1=4.350544210523367, x2=942.0528716668487, y2=19.199198480695486, score=1.0)
DEBUG:__main__:[Stage4] frame 4058: track box=Box(x1=916.2554473020136, y1=3.354365061968565, x2=936.2806699611247, y2=18.13874800130725, score=1.0)
DEBUG:__main__:[Stage4] frame 4059: track box=Box(x1=913.1813550442457, y1=2.993955284357071, x2=933.1085345596075, y2=17.891861647367477, score=1.0)
DEBUG:__main__:[Stage4] frame 4060: track box=Box(x1=906.0177449807525, y1=2.4070001542568207, x2=925.9569953307509, y2=16.990020185709, score=1.0)
DEBUG:__main__:[Stage4] frame 4061: track box=Box(x1=901.4198162667453, y1=2.0507614463567734, x2=921.5240730755031, y2=16.91779361665249, score=1.0)
DEBUG:__main__:[Stage4] frame 4062: track box=Box(x1=896.0508758164942, y1=1.9558644443750381, x2=916.0799515582621, y2=16.648160830140114, score=1.0)
DEBUG:__main__:[Stage4] frame 4063: track box=Box(x1=889.9769127853215, y1=1.1837028861045837, x2=909.8651037104428, y2=15.614696204662323, score=1.0)
DEBUG:__main__:[Stage4] frame 4064: track box=Box(x1=887.0714183785021, y1=1.5554972290992737, x2=906.6289952732623, y2=15.910235226154327, score=1.0)
DEBUG:__main__:[Stage4] frame 4065: track box=Box(x1=880.5475825183094, y1=0.7654350101947784, x2=900.1188873164356, y2=14.988256245851517, score=1.0)
DEBUG:__main__:[Stage4] frame 4066: track box=Box(x1=874.4058755114675, y1=1.1098906937986612, x2=894.0779715850949, y2=15.175875777378678, score=1.0)
DEBUG:__main__:[Stage4] frame 4067: track box=Box(x1=870.2866529936437, y1=0.02070094831287861, x2=890.0276291484479, y2=14.175753312185407, score=1.0)
DEBUG:__main__:[Stage4] frame 4068: track box=Box(x1=865.7458984742407, y1=0.0, x2=884.9909284601454, y2=13.751185664907098, score=1.0)
DEBUG:__main__:[Stage4] frame 4069: track box=Box(x1=863.8261405939702, y1=0.2692392445169389, x2=883.3337577099446, y2=13.912054715212435, score=1.0)
DEBUG:__main__:[Stage4] frame 4070: track box=Box(x1=857.5533317404334, y1=0.3305088556371629, x2=876.8198003845755, y2=13.717368630226701, score=1.0)
DEBUG:__main__:[Stage4] frame 4071: track box=Box(x1=852.6821746791247, y1=0.0, x2=872.1828805769328, y2=13.083508198615164, score=1.0)
DEBUG:__main__:[Stage4] frame 4072: track box=Box(x1=849.2575668657664, y1=0.0, x2=868.4774612749461, y2=12.643767448840663, score=1.0)
DEBUG:__main__:[Stage4] frame 4073: track box=Box(x1=844.6492524931673, y1=0.0, x2=863.9837061951403, y2=12.645250351517461, score=1.0)
DEBUG:__main__:[Stage4] frame 4074: track box=Box(x1=841.6662996190134, y1=0.0, x2=860.731637098128, y2=12.713222746446263, score=1.0)
DEBUG:__main__:[Stage4] frame 4075: track box=Box(x1=836.023629427189, y1=0.0, x2=855.5842748882715, y2=12.766860751755303, score=1.0)
DEBUG:__main__:[Stage4] frame 4076: track box=Box(x1=831.5743240716401, y1=0.4389827392733423, x2=850.651670873398, y2=12.956431164566311, score=1.0)
DEBUG:__main__:[Stage4] frame 4077: track box=Box(x1=828.0819570312742, y1=0.0, x2=847.398915697122, y2=12.276726483527455, score=1.0)
DEBUG:__main__:[Stage4] frame 4078: track box=Box(x1=824.1737459118012, y1=0.22182268191681942, x2=843.0703760797624, y2=12.267332258714305, score=1.0)
DEBUG:__main__:[Stage4] frame 4079: track box=Box(x1=822.9159896003548, y1=0.0, x2=842.217716180021, y2=11.826088099820481, score=1.0)
DEBUG:__main__:[Stage4] frame 4080: track box=Box(x1=816.980438467348, y1=0.610868962987297, x2=835.6925302112941, y2=12.100860210641258, score=1.0)
DEBUG:__main__:[Stage4] frame 4081: track box=Box(x1=812.4970411437098, y1=0.0, x2=831.3972088473383, y2=11.364933549000853, score=1.0)
DEBUG:__main__:[Stage4] frame 4082: track box=Box(x1=809.688875267515, y1=0.3511502712699439, x2=828.6645916795824, y2=11.583565410945084, score=1.0)
DEBUG:__main__:[Stage4] frame 4083: track box=Box(x1=805.1215097962413, y1=0.5800983894350793, x2=823.9319179116283, y2=12.045837818432119, score=1.0)
DEBUG:__main__:[Stage4] frame 4084: track box=Box(x1=803.6375709383283, y1=0.0, x2=822.478953918675, y2=11.352591248947647, score=1.0)
DEBUG:__main__:[Stage4] frame 4085: track box=Box(x1=797.5894337038044, y1=0.38092895353747735, x2=816.2899070719723, y2=11.508220156082643, score=1.0)
DEBUG:__main__:[Stage4] frame 4086: track box=Box(x1=793.3980808670167, y1=0.0, x2=812.0559984857682, y2=10.706285764822496, score=1.0)
DEBUG:__main__:[Stage4] frame 4087: tracker.update rejected (conf=0.543 threshold=0.400, track_age=31 max=30, box_is_none=False) -- try re-detect
DEBUG:__main__:[Stage4] frame 4087: none box=None
DEBUG:__main__:[Stage4] frame 4088: none box=None
DEBUG:__main__:[Stage4] frame 4089: none box=None
DEBUG:__main__:[Stage4] frame 4090: none box=None
DEBUG:__main__:[Stage4] frame 4091: none box=None
DEBUG:__main__:[Stage4] frame 4092: none box=None
DEBUG:__main__:[Stage4] frame 4093: none box=None
DEBUG:__main__:[Stage4] frame 4094: none box=None
DEBUG:__main__:[Stage4] frame 4095: none box=None
DEBUG:__main__:[Stage4] frame 4096: none box=None
DEBUG:__main__:[Stage4] frame 4097: none box=None
DEBUG:__main__:[Stage4] frame 4098: none box=None
DEBUG:__main__:[Stage4] frame 4099: none box=None
DEBUG:__main__:[Stage4] frame 4100: none box=None
DEBUG:__main__:[Stage4] frame 4101: none box=None
DEBUG:__main__:[Stage4] frame 4102: none box=None
DEBUG:__main__:[Stage4] frame 4103: none box=None
DEBUG:__main__:[Stage4] frame 4104: none box=None
DEBUG:__main__:[Stage4] frame 4105: none box=None
DEBUG:__main__:[Stage4] frame 4106: none box=None
DEBUG:__main__:[Stage4] frame 4107: none box=None
DEBUG:__main__:[Stage4] frame 4108: none box=None
DEBUG:__main__:[Stage4] frame 4109: none box=None
DEBUG:__main__:[Stage4] frame 4110: none box=None
DEBUG:__main__:[Stage4] frame 4111: none box=None
DEBUG:__main__:[Stage4] frame 4112: none box=None
DEBUG:__main__:[Stage4] frame 4113: none box=None
DEBUG:__main__:[Stage4] frame 4114: none box=None
DEBUG:__main__:[Stage4] frame 4115: none box=None
DEBUG:__main__:[Stage4] frame 4116: none box=None
DEBUG:__main__:[Stage4] frame 4117: none box=None
DEBUG:__main__:[Stage4] frame 4118: none box=None
DEBUG:__main__:[Stage4] frame 4119: none box=None
DEBUG:__main__:[Stage4] frame 4120: none box=None
DEBUG:__main__:[Stage4] frame 4121: none box=None
DEBUG:__main__:[Stage4] frame 4122: none box=None
DEBUG:__main__:[Stage4] frame 4123: none box=None
DEBUG:__main__:[Stage4] frame 4124: none box=None
DEBUG:__main__:[Stage4] frame 4125: none box=None
DEBUG:__main__:[Stage4] frame 4126: none box=None
DEBUG:__main__:[Stage4] frame 4127: none box=None
DEBUG:__main__:[Stage4] frame 4128: none box=None
DEBUG:__main__:[Stage4] frame 4129: none box=None
DEBUG:__main__:[Stage4] frame 4130: none box=None
DEBUG:__main__:[Stage4] frame 4131: none box=None
DEBUG:__main__:[Stage4] frame 4132: none box=None
DEBUG:__main__:[Stage4] frame 4133: none box=None
DEBUG:__main__:[Stage4] frame 4134: none box=None
DEBUG:__main__:[Stage4] frame 4135: none box=None
DEBUG:__main__:[Stage4] frame 4136: none box=None
DEBUG:__main__:[Stage4] frame 4137: none box=None
DEBUG:__main__:[Stage4] frame 4138: none box=None
DEBUG:__main__:[Stage4] frame 4139: none box=None
DEBUG:__main__:[Stage4] frame 4140: none box=None
DEBUG:__main__:[Stage4] frame 4141: none box=None
DEBUG:__main__:[Stage4] frame 4142: none box=None
DEBUG:__main__:[Stage4] frame 4143: none box=None
DEBUG:__main__:[Stage4] frame 4144: none box=None
DEBUG:__main__:[Stage4] frame 4145: none box=None
DEBUG:__main__:[Stage4] frame 4146: none box=None
DEBUG:__main__:[Stage4] frame 4147: none box=None
DEBUG:__main__:[Stage4] frame 4148: none box=None
DEBUG:__main__:[Stage4] frame 4149: none box=None
DEBUG:__main__:[Stage4] frame 4150: none box=None
DEBUG:__main__:[Stage4] frame 4151: none box=None
DEBUG:__main__:[Stage4] frame 4152: none box=None
DEBUG:__main__:[Stage4] frame 4153: none box=None
DEBUG:__main__:[Stage4] frame 4154: none box=None
DEBUG:__main__:[Stage4] frame 4155: none box=None
DEBUG:__main__:[Stage4] frame 4156: none box=None
DEBUG:__main__:[Stage4] frame 4157: none box=None
DEBUG:__main__:[Stage4] frame 4158: none box=None
DEBUG:__main__:[Stage4] frame 4159: none box=None
DEBUG:__main__:[Stage4] frame 4160: none box=None
DEBUG:__main__:[Stage4] frame 4161: none box=None
DEBUG:__main__:[Stage4] frame 4162: none box=None
DEBUG:__main__:[Stage4] frame 4163: none box=None
DEBUG:__main__:[Stage4] frame 4164: none box=None
DEBUG:__main__:[Stage4] frame 4165: none box=None
DEBUG:__main__:[Stage4] frame 4166: none box=None
DEBUG:__main__:[Stage4] frame 4167: none box=None
DEBUG:__main__:[Stage4] frame 4168: none box=None
DEBUG:__main__:[Stage4] frame 4169: none box=None
DEBUG:__main__:[Stage4] frame 4170: none box=None
DEBUG:__main__:[Stage4] frame 4171: none box=None
DEBUG:__main__:[Stage4] frame 4172: none box=None
DEBUG:__main__:[Stage4] frame 4173: none box=None
DEBUG:__main__:[Stage4] frame 4174: none box=None
DEBUG:__main__:[Stage4] frame 4175: none box=None
DEBUG:__main__:[Stage4] frame 4176: none box=None
DEBUG:__main__:[Stage4] frame 4177: none box=None
DEBUG:__main__:[Stage4] frame 4178: none box=None
DEBUG:__main__:[Stage4] frame 4179: none box=None
DEBUG:__main__:[Stage4] frame 4180: none box=None
DEBUG:__main__:[Stage4] frame 4181: none box=None
DEBUG:__main__:[Stage4] frame 4182: none box=None
DEBUG:__main__:[Stage4] frame 4183: none box=None
DEBUG:__main__:[Stage4] frame 4184: none box=None
DEBUG:__main__:[Stage4] frame 4185: none box=None
DEBUG:__main__:[Stage4] frame 4186: none box=None
DEBUG:__main__:[Stage4] frame 4187: none box=None
DEBUG:__main__:[Stage4] frame 4188: none box=None
DEBUG:__main__:[Stage4] frame 4189: none box=None
DEBUG:__main__:[Stage4] frame 4190: none box=None
DEBUG:__main__:[Stage4] frame 4191: none box=None
DEBUG:__main__:[Stage4] frame 4192: none box=None
DEBUG:__main__:[Stage4] frame 4193: none box=None
DEBUG:__main__:[Stage4] frame 4194: none box=None
DEBUG:__main__:[Stage4] frame 4195: none box=None
DEBUG:__main__:[Stage4] frame 4196: none box=None
DEBUG:__main__:[Stage4] frame 4197: none box=None
DEBUG:__main__:[Stage4] frame 4198: none box=None
DEBUG:__main__:[Stage4] frame 4199: none box=None
INFO:__main__:[Stage4] Helmet_0: backward_tracking recovered 9 frame(s) [4191, 4200) before the lock at frame 4200
DEBUG:__main__:[Stage4] frame 4200: detect box=Box(x1=437.0, y1=14.0, x2=453.0, y2=29.0, score=0.8669306635856628)
DEBUG:__main__:[Stage4] frame 4201: track box=Box(x1=433.79662769287825, y1=17.90814135968685, x2=450.11924331635237, y2=32.906471475958824, score=1.0)
DEBUG:__main__:[Stage4] frame 4202: track box=Box(x1=429.4186183176935, y1=19.991828717291355, x2=446.01619904860854, y2=35.31470946222544, score=1.0)
DEBUG:__main__:[Stage4] frame 4203: track box=Box(x1=424.87772395834327, y1=24.15954665094614, x2=441.602085378021, y2=39.280976094305515, score=1.0)
DEBUG:__main__:[Stage4] frame 4204: track box=Box(x1=422.5420234464109, y1=26.4253147020936, x2=439.01420667394996, y2=41.614722050726414, score=1.0)
DEBUG:__main__:[Stage4] frame 4205: track box=Box(x1=420.0460382960737, y1=30.83093235641718, x2=436.4727503322065, y2=45.99340031296015, score=1.0)
DEBUG:__main__:[Stage4] frame 4206: track box=Box(x1=417.60158970579505, y1=34.6282839551568, x2=434.3963399194181, y2=50.13237331062555, score=1.0)
DEBUG:__main__:[Stage4] frame 4207: track box=Box(x1=414.3713042233139, y1=37.85992028936744, x2=431.0826251003891, y2=53.268061604350805, score=1.0)
DEBUG:__main__:[Stage4] frame 4208: detect box=Box(x1=409.0, y1=43.0, x2=429.0, y2=58.0, score=0.8324102163314819)
DEBUG:__main__:[Stage4] frame 4209: track box=Box(x1=407.716315664351, y1=44.75323063507676, x2=427.6469203606248, y2=59.852111760526896, score=1.0)
DEBUG:__main__:[Stage4] frame 4210: track box=Box(x1=405.10981239005923, y1=49.87423695810139, x2=424.84641648456454, y2=64.98114563710988, score=1.0)
DEBUG:__main__:[Stage4] frame 4211: track box=Box(x1=403.3653538636863, y1=54.20378469116986, x2=423.1282728128135, y2=69.44575987942517, score=1.0)
DEBUG:__main__:[Stage4] frame 4212: track box=Box(x1=401.18354595825076, y1=57.173418590798974, x2=420.9599665515125, y2=72.06370849348605, score=1.0)
DEBUG:__main__:[Stage4] frame 4213: track box=Box(x1=397.6375467432663, y1=61.521250607445836, x2=417.43666436802596, y2=76.7130314130336, score=1.0)
DEBUG:__main__:[Stage4] frame 4214: track box=Box(x1=396.9811375690624, y1=63.50336698628962, x2=416.67175846826285, y2=78.8978072796017, score=1.0)
DEBUG:__main__:[Stage4] frame 4215: track box=Box(x1=395.7899011923, y1=68.68874087743461, x2=415.6994064403698, y2=83.74694600515068, score=1.0)
DEBUG:__main__:[Stage4] frame 4216: detect box=Box(x1=395.0, y1=73.0, x2=413.0, y2=87.0, score=0.8388949036598206)
DEBUG:__main__:[Stage4] frame 4217: track box=Box(x1=391.52074217796326, y1=76.21062421798706, x2=409.741384267807, y2=90.66470670700073, score=1.0)
DEBUG:__main__:[Stage4] frame 4218: track box=Box(x1=389.1074627507478, y1=80.7950873663649, x2=407.17077939398587, y2=95.04066690709442, score=1.0)
DEBUG:__main__:[Stage4] frame 4219: track box=Box(x1=387.16402356140316, y1=83.35555950086564, x2=405.42307768575847, y2=97.78473833482713, score=1.0)
DEBUG:__main__:[Stage4] frame 4220: track box=Box(x1=385.8352104071528, y1=87.56022943090647, x2=403.8045326117426, y2=101.92523432802409, score=1.0)
DEBUG:__main__:[Stage4] frame 4221: track box=Box(x1=384.36386023275554, y1=91.68982749711722, x2=402.6504490207881, y2=106.10042905341834, score=1.0)
DEBUG:__main__:[Stage4] frame 4222: track box=Box(x1=381.8032796178013, y1=94.72986750211567, x2=399.94772414304316, y2=109.37257848586887, score=1.0)
DEBUG:__main__:[Stage4] frame 4223: track box=Box(x1=378.70561238750815, y1=99.60547376517206, x2=396.62912794575095, y2=113.7785405004397, score=1.0)
DEBUG:__main__:[Stage4] frame 4224: detect box=Box(x1=378.0, y1=102.0, x2=395.0, y2=117.0, score=0.836142361164093)
DEBUG:__main__:[Stage4] frame 4225: track box=Box(x1=376.17926001548767, y1=105.88243913650513, x2=393.0563657283783, y2=120.68185472488403, score=1.0)
DEBUG:__main__:[Stage4] frame 4226: track box=Box(x1=373.4781299829483, y1=110.46122360229492, x2=390.4605098962784, y2=125.35608291625977, score=1.0)
DEBUG:__main__:[Stage4] frame 4227: track box=Box(x1=371.04410564899445, y1=113.18335103988647, x2=388.0174332857132, y2=128.2174277305603, score=1.0)
DEBUG:__main__:[Stage4] frame 4228: track box=Box(x1=367.93998128175735, y1=117.59584617614746, x2=384.82853108644485, y2=132.40987968444824, score=1.0)
DEBUG:__main__:[Stage4] frame 4229: track box=Box(x1=367.52160316705704, y1=120.23723816871643, x2=384.39680153131485, y2=134.99415802955627, score=1.0)
DEBUG:__main__:[Stage4] frame 4230: track box=Box(x1=365.0781063437462, y1=124.62658733129501, x2=382.1968120932579, y2=139.41762202978134, score=1.0)
DEBUG:__main__:[Stage4] frame 4231: track box=Box(x1=362.46279388666153, y1=128.94274353981018, x2=379.46147018671036, y2=143.82016968727112, score=1.0)
DEBUG:__main__:[Stage4] frame 4232: detect box=Box(x1=362.0, y1=132.0, x2=378.0, y2=147.0, score=0.7425554394721985)
DEBUG:__main__:[Stage4] frame 4233: track box=Box(x1=357.9922234341502, y1=136.7655347008258, x2=374.16225235909224, y2=151.84182113595307, score=1.0)
DEBUG:__main__:[Stage4] frame 4234: track box=Box(x1=357.02864683046937, y1=138.4362005405128, x2=372.81034356728196, y2=153.32507894560695, score=1.0)
DEBUG:__main__:[Stage4] frame 4235: track box=Box(x1=355.84162091091275, y1=143.1133978907019, x2=371.62480245903134, y2=157.7948842588812, score=1.0)
DEBUG:__main__:[Stage4] frame 4236: track box=Box(x1=354.17166955024004, y1=147.32008781470358, x2=369.9355071261525, y2=161.9198682550341, score=1.0)
DEBUG:__main__:[Stage4] frame 4237: track box=Box(x1=350.36881999415345, y1=150.63052277453244, x2=366.4890504900832, y2=165.51934139616787, score=1.0)
DEBUG:__main__:[Stage4] frame 4238: track box=Box(x1=349.06382383895107, y1=155.71721560694277, x2=364.9118427236099, y2=170.41566796042025, score=1.0)
DEBUG:__main__:[Stage4] frame 4239: track box=Box(x1=347.5003832106013, y1=157.73654641397297, x2=363.2613474850077, y2=172.66426314599812, score=1.0)
DEBUG:__main__:[Stage4] frame 4240: detect box=Box(x1=346.0, y1=162.0, x2=362.0, y2=178.0, score=0.6677225828170776)
DEBUG:__main__:[Stage4] frame 4241: track box=Box(x1=343.99547493457794, y1=165.2641830444336, x2=359.648379445076, y2=181.07067108154297, score=1.0)
DEBUG:__main__:[Stage4] frame 4242: track box=Box(x1=342.5114634744823, y1=168.05623108893633, x2=358.6061434261501, y2=184.11882752925158, score=1.0)
DEBUG:__main__:[Stage4] frame 4243: track box=Box(x1=340.4707937091589, y1=172.63956411648542, x2=356.30371348559856, y2=188.39518769551069, score=1.0)
DEBUG:__main__:[Stage4] frame 4244: track box=Box(x1=339.5928684026003, y1=174.6339740352705, x2=355.51029928028584, y2=190.46518131066114, score=1.0)
DEBUG:__main__:[Stage4] frame 4245: track box=Box(x1=337.64100106060505, y1=178.95548476744443, x2=353.85797722637653, y2=194.82243957091123, score=1.0)
DEBUG:__main__:[Stage4] frame 4246: track box=Box(x1=336.40120301395655, y1=184.0080051170662, x2=352.6109838858247, y2=200.0458522187546, score=1.0)
DEBUG:__main__:[Stage4] frame 4247: track box=Box(x1=333.88870200142264, y1=186.52993375901133, x2=350.0289352796972, y2=202.81573230866343, score=1.0)
DEBUG:__main__:[Stage4] frame 4248: detect box=Box(x1=331.0, y1=193.0, x2=348.0, y2=208.0, score=0.47737792134284973)
DEBUG:__main__:[Stage4] frame 4249: track box=Box(x1=329.66185665130615, y1=195.83105397224426, x2=346.54415798187256, y2=210.67724919319153, score=1.0)
DEBUG:__main__:[Stage4] frame 4250: track box=Box(x1=328.6627264022827, y1=200.65137660503387, x2=345.6553373336792, y2=214.7107218503952, score=1.0)
DEBUG:__main__:[Stage4] frame 4251: track box=Box(x1=326.5368327870965, y1=204.4802113249898, x2=343.978116966784, y2=218.54039377719164, score=1.0)
DEBUG:__main__:[Stage4] frame 4252: track box=Box(x1=323.678654525429, y1=208.94285437185317, x2=341.0885106064379, y2=223.0894485982135, score=1.0)
DEBUG:__main__:[Stage4] frame 4253: track box=Box(x1=320.7168281544, y1=213.68373760394752, x2=337.8407151568681, y2=227.87489726953208, score=1.0)
DEBUG:__main__:[Stage4] frame 4254: track box=Box(x1=318.8382984790951, y1=217.48939958773553, x2=336.22440359927714, y2=231.78015181981027, score=1.0)
DEBUG:__main__:[Stage4] frame 4255: track box=Box(x1=316.52732033468783, y1=221.54712874256074, x2=334.16219277121127, y2=236.1339131053537, score=1.0)
DEBUG:__main__:[Stage4] frame 4256: detect box=Box(x1=314.0, y1=227.0, x2=332.0, y2=242.0, score=0.47918304800987244)
DEBUG:__main__:[Stage4] frame 4257: track box=Box(x1=310.80423714220524, y1=230.46018137037754, x2=328.6662578731775, y2=245.4882079511881, score=1.0)
DEBUG:__main__:[Stage4] frame 4258: track box=Box(x1=307.1283667664975, y1=235.92089201137424, x2=324.9843843560666, y2=250.94168807193637, score=1.0)
DEBUG:__main__:[Stage4] frame 4259: track box=Box(x1=305.51364810578525, y1=239.91280008479953, x2=323.3126751910895, y2=254.65014637634158, score=1.0)
DEBUG:__main__:[Stage4] frame 4260: track box=Box(x1=303.7604859638959, y1=244.17566375737078, x2=321.6020143199712, y2=258.91030417685397, score=1.0)
DEBUG:__main__:[Stage4] frame 4261: track box=Box(x1=301.0641276538372, y1=249.1785969112534, x2=318.8763081729412, y2=264.2029808734078, score=1.0)
DEBUG:__main__:[Stage4] frame 4262: track box=Box(x1=297.44821833632886, y1=253.6860779498238, x2=314.97544001601636, y2=268.5190103028435, score=1.0)
DEBUG:__main__:[Stage4] frame 4263: track box=Box(x1=293.7571801384911, y1=259.0342827991117, x2=311.6745557030663, y2=274.16619801078923, score=1.0)
DEBUG:__main__:[Stage4] frame 4264: detect box=Box(x1=293.0, y1=263.0, x2=309.0, y2=278.0, score=0.36477673053741455)
DEBUG:__main__:[Stage4] frame 4265: track box=Box(x1=291.09637770056725, y1=267.42862549237907, x2=307.2826519906521, y2=282.25259139947593, score=1.0)
DEBUG:__main__:[Stage4] frame 4266: track box=Box(x1=288.361306976527, y1=272.6522256936878, x2=304.6366129629314, y2=287.5062876548618, score=1.0)
DEBUG:__main__:[Stage4] frame 4267: track box=Box(x1=284.90415691724047, y1=277.2008159486577, x2=300.81748842587695, y2=291.91141382139176, score=1.0)
DEBUG:__main__:[Stage4] frame 4268: track box=Box(x1=280.75782215734944, y1=282.69897685106844, x2=296.90573358675465, y2=297.45869669970125, score=1.0)
DEBUG:__main__:[Stage4] frame 4269: track box=Box(x1=278.7746130130254, y1=287.01721933763474, x2=294.953041782137, y2=301.8090899316594, score=1.0)
DEBUG:__main__:[Stage4] frame 4270: track box=Box(x1=276.1588607034646, y1=292.19319116603583, x2=292.3807003698312, y2=307.0375118209049, score=1.0)
DEBUG:__main__:[Stage4] frame 4271: track box=Box(x1=273.0918417866342, y1=297.15219074394554, x2=289.5040185744874, y2=311.93786042835563, score=1.0)
DEBUG:__main__:[Stage4] frame 4272: detect box=Box(x1=269.0, y1=301.0, x2=288.0, y2=317.0, score=0.27839556336402893)
DEBUG:__main__:[Stage4] frame 4273: track box=Box(x1=263.9038081690669, y1=307.5476220957935, x2=282.8160818144679, y2=323.23430455848575, score=1.0)
DEBUG:__main__:[Stage4] frame 4274: track box=Box(x1=262.2800243459642, y1=310.6537622176111, x2=281.0406183563173, y2=326.33789735659957, score=1.0)
DEBUG:__main__:[Stage4] frame 4275: track box=Box(x1=259.7660798635334, y1=315.9936320055276, x2=278.7666963543743, y2=331.92906670458615, score=1.0)
DEBUG:__main__:[Stage4] frame 4276: track box=Box(x1=257.010902101174, y1=321.0533866584301, x2=275.91596596874297, y2=336.9883725345135, score=1.0)
DEBUG:__main__:[Stage4] frame 4277: track box=Box(x1=253.31426023505628, y1=325.88726282306015, x2=272.15945958159864, y2=341.6066646594554, score=1.0)
DEBUG:__main__:[Stage4] frame 4278: track box=Box(x1=248.7312830556184, y1=331.9000709056854, x2=267.57400809414685, y2=347.89878392219543, score=1.0)
DEBUG:__main__:[Stage4] frame 4279: track box=Box(x1=246.12738768570125, y1=334.9043906927109, x2=265.1440695952624, y2=351.04278576374054, score=1.0)
DEBUG:__main__:[Stage4] frame 4280: detect box=Box(x1=244.0, y1=340.0, x2=261.0, y2=356.0, score=0.24540376663208008)
DEBUG:__main__:[Stage4] frame 4281: track box=Box(x1=240.18406081479043, y1=345.41829047352076, x2=256.99952471535653, y2=361.15775618702173, score=1.0)
DEBUG:__main__:[Stage4] frame 4282: track box=Box(x1=236.89626792352647, y1=350.7688983231783, x2=253.7156775323674, y2=366.3915663510561, score=1.0)
DEBUG:__main__:[Stage4] frame 4283: track box=Box(x1=232.92028217809275, y1=356.54474191367626, x2=249.84530954854563, y2=372.2663413733244, score=1.0)
DEBUG:__main__:[Stage4] frame 4284: track box=Box(x1=231.20262141572312, y1=360.52791503071785, x2=247.95922227250412, y2=376.14088597893715, score=1.0)
DEBUG:__main__:[Stage4] frame 4285: track box=Box(x1=228.47625714400783, y1=364.96272867079824, x2=245.1812009201385, y2=380.441463640891, score=1.0)
DEBUG:__main__:[Stage4] frame 4286: track box=Box(x1=225.1731733479537, y1=370.72402639780194, x2=242.10015336656943, y2=386.3775776186958, score=1.0)
DEBUG:__main__:[Stage4] frame 4287: track box=Box(x1=221.15326226095203, y1=375.0795976081863, x2=237.84945404867176, y2=390.5554286399856, score=1.0)
DEBUG:__main__:[Stage4] frame 4288: detect box=Box(x1=218.0, y1=382.0, x2=235.0, y2=397.0, score=0.5780646800994873)
DEBUG:__main__:[Stage4] frame 4289: track box=Box(x1=215.3903647661209, y1=385.1413938999176, x2=232.24399483203888, y2=399.96891236305237, score=1.0)
DEBUG:__main__:[Stage4] frame 4290: track box=Box(x1=211.9547410607338, y1=390.5005873441696, x2=228.75780349969864, y2=405.31205356121063, score=1.0)
DEBUG:__main__:[Stage4] frame 4291: track box=Box(x1=209.99172002077103, y1=396.1475148200989, x2=226.9210565686226, y2=411.06541109085083, score=1.0)
DEBUG:__main__:[Stage4] frame 4292: track box=Box(x1=206.73280388116837, y1=400.7862325310707, x2=223.3415532708168, y2=415.49563270807266, score=1.0)
DEBUG:__main__:[Stage4] frame 4293: track box=Box(x1=201.6156389899552, y1=407.0225831903517, x2=218.22957690432668, y2=421.82733250036836, score=1.0)
DEBUG:__main__:[Stage4] frame 4294: track box=Box(x1=199.93612100929022, y1=410.905267521739, x2=216.68919637054205, y2=425.6850492209196, score=1.0)
DEBUG:__main__:[Stage4] frame 4295: track box=Box(x1=196.86907576955855, y1=415.86211146973073, x2=213.72204785980284, y2=430.7996258344501, score=1.0)
DEBUG:__main__:[Stage4] frame 4296: detect box=Box(x1=195.0, y1=420.0, x2=212.0, y2=436.0, score=0.6271674036979675)
DEBUG:__main__:[Stage4] frame 4297: track box=Box(x1=191.3308545993641, y1=425.401727989316, x2=208.03141302336007, y2=441.08443923294544, score=1.0)
DEBUG:__main__:[Stage4] frame 4298: track box=Box(x1=186.96594347897917, y1=431.11992197297513, x2=203.85867466870695, y2=446.8559183385223, score=1.0)
DEBUG:__main__:[Stage4] frame 4299: track box=Box(x1=185.05925098899752, y1=435.0956783425063, x2=201.9274095678702, y2=450.9405098091811, score=1.0)
DEBUG:__main__:[Stage4] frame 4300: track box=Box(x1=183.1642823005095, y1=440.38878046907485, x2=200.12396321538836, y2=456.2080140057951, score=1.0)
DEBUG:__main__:[Stage4] frame 4301: track box=Box(x1=179.07086877338588, y1=446.14620441384614, x2=196.34761468879879, y2=462.01199966855347, score=1.0)
DEBUG:__main__:[Stage4] frame 4302: track box=Box(x1=176.231550719589, y1=450.4193018656224, x2=193.26539751514792, y2=465.973285196349, score=1.0)
DEBUG:__main__:[Stage4] frame 4303: track box=Box(x1=171.35665688291192, y1=457.51727445982397, x2=188.65254912152886, y2=473.14893146418035, score=1.0)
DEBUG:__main__:[Stage4] frame 4304: detect box=Box(x1=169.0, y1=462.0, x2=187.0, y2=477.0, score=0.5472694635391235)
DEBUG:__main__:[Stage4] frame 4305: track box=Box(x1=166.2746814712882, y1=467.6470824368298, x2=184.5266506895423, y2=482.5715803988278, score=1.0)
DEBUG:__main__:[Stage4] frame 4306: track box=Box(x1=164.2958863992244, y1=471.685275696218, x2=182.22572136111557, y2=486.6610505208373, score=1.0)
DEBUG:__main__:[Stage4] frame 4307: track box=Box(x1=161.47838187031448, y1=476.90876998379827, x2=179.6750403624028, y2=491.98657228425145, score=1.0)
DEBUG:__main__:[Stage4] frame 4308: track box=Box(x1=156.71415199898183, y1=482.7261192481965, x2=174.96189041994512, y2=498.05667760781944, score=1.0)
DEBUG:__main__:[Stage4] frame 4309: track box=Box(x1=154.84678291715682, y1=485.86430396325886, x2=173.22746532596648, y2=501.32374490983784, score=1.0)
DEBUG:__main__:[Stage4] frame 4310: track box=Box(x1=153.04515830613673, y1=490.6082604881376, x2=171.06938068009913, y2=505.6247993465513, score=1.0)
DEBUG:__main__:[Stage4] frame 4311: track box=Box(x1=150.30807079933584, y1=495.84976845793426, x2=168.68780150078237, y2=511.2323659043759, score=1.0)
DEBUG:__main__:[Stage4] frame 4312: detect box=Box(x1=147.0, y1=499.0, x2=165.0, y2=515.0, score=0.5673978328704834)
DEBUG:__main__:[Stage4] frame 4313: track box=Box(x1=143.04749855864793, y1=504.71334248781204, x2=160.92556152213365, y2=520.2419763207436, score=1.0)
DEBUG:__main__:[Stage4] frame 4314: track box=Box(x1=142.20477353874594, y1=507.7808227427304, x2=160.02337323967367, y2=523.2437060959637, score=1.0)
DEBUG:__main__:[Stage4] frame 4315: track box=Box(x1=138.9941602582112, y1=512.621467364952, x2=157.00887730065733, y2=528.2103060614318, score=1.0)
DEBUG:__main__:[Stage4] frame 4316: track box=Box(x1=137.5311722541228, y1=517.6107829306275, x2=155.67089221719652, y2=533.3133481238037, score=1.0)
DEBUG:__main__:[Stage4] frame 4317: track box=Box(x1=133.6243657534942, y1=521.4415549729019, x2=151.67761654313654, y2=537.400953957811, score=1.0)
DEBUG:__main__:[Stage4] frame 4318: track box=Box(x1=130.11567943822592, y1=526.9484415221959, x2=148.20045536290854, y2=542.6582820583135, score=1.0)
DEBUG:__main__:[Stage4] frame 4319: track box=Box(x1=128.68465089332312, y1=528.9323771316558, x2=146.61003803741187, y2=544.9090869743377, score=1.0)
DEBUG:__main__:[Stage4] frame 4320: track box=Box(x1=126.02013152372092, y1=533.6567614730448, x2=144.08100622426718, y2=549.4266327079386, score=1.0)
DEBUG:__main__:[Stage4] frame 4321: track box=Box(x1=124.50979946088046, y1=537.0500979479402, x2=142.49711010884494, y2=553.0624711569399, score=1.0)
DEBUG:__main__:[Stage4] frame 4322: track box=Box(x1=120.93713768851012, y1=541.7466444764286, x2=138.956962431781, y2=557.7241365704685, score=1.0)
DEBUG:__main__:[Stage4] frame 4323: track box=Box(x1=118.74128086399287, y1=546.1601172303781, x2=137.0325346691534, y2=562.3148399209604, score=1.0)
DEBUG:__main__:[Stage4] frame 4324: track box=Box(x1=117.36418003495783, y1=549.0017797565088, x2=135.30311829503626, y2=565.0717209791765, score=1.0)
DEBUG:__main__:[Stage4] frame 4325: track box=Box(x1=115.6101842885837, y1=553.6239115027711, x2=133.75140795763582, y2=569.6427089003846, score=1.0)
DEBUG:__main__:[Stage4] frame 4326: track box=Box(x1=112.9674581727013, y1=557.8532527638599, x2=131.16345791425556, y2=574.2195813013241, score=1.0)
DEBUG:__main__:[Stage4] frame 4327: track box=Box(x1=110.73088790010661, y1=561.4968242822215, x2=129.02118469309062, y2=576.0, score=1.0)
DEBUG:__main__:[Stage4] frame 4328: track box=Box(x1=108.872547945939, y1=565.8218032582663, x2=125.92515166755766, y2=576.0, score=1.0)
DEBUG:__main__:[Stage4] frame 4329: track box=Box(x1=108.97891906183213, y1=566.0, x2=123.73300412576646, y2=576.0, score=1.0)
DEBUG:__main__:[Stage4] frame 4330: tracker.update rejected (conf=0.386 threshold=0.400, track_age=18 max=30, box_is_none=False) -- try re-detect
DEBUG:__main__:[Stage4] frame 4330: none box=None
DEBUG:__main__:[Stage4] frame 4331: none box=None
DEBUG:__main__:[Stage4] frame 4332: none box=None
DEBUG:__main__:[Stage4] frame 4333: none box=None
DEBUG:__main__:[Stage4] frame 4334: none box=None
DEBUG:__main__:[Stage4] frame 4335: none box=None
DEBUG:__main__:[Stage4] frame 4336: none box=None
DEBUG:__main__:[Stage4] frame 4337: none box=None
DEBUG:__main__:[Stage4] frame 4338: none box=None
DEBUG:__main__:[Stage4] frame 4339: none box=None
DEBUG:__main__:[Stage4] frame 4340: none box=None
DEBUG:__main__:[Stage4] frame 4341: none box=None
DEBUG:__main__:[Stage4] frame 4342: none box=None
DEBUG:__main__:[Stage4] frame 4343: none box=None
DEBUG:__main__:[Stage4] frame 4344: none box=None
DEBUG:__main__:[Stage4] frame 4345: none box=None
DEBUG:__main__:[Stage4] frame 4346: none box=None
DEBUG:__main__:[Stage4] frame 4347: none box=None
DEBUG:__main__:[Stage4] frame 4348: none box=None
DEBUG:__main__:[Stage4] frame 4349: none box=None
DEBUG:__main__:[Stage4] frame 4350: none box=None
DEBUG:__main__:[Stage4] frame 4351: none box=None
DEBUG:__main__:[Stage4] frame 4352: none box=None
DEBUG:__main__:[Stage4] frame 4353: none box=None
DEBUG:__main__:[Stage4] frame 4354: none box=None
DEBUG:__main__:[Stage4] frame 4355: none box=None
DEBUG:__main__:[Stage4] frame 4356: none box=None
DEBUG:__main__:[Stage4] frame 4357: none box=None
DEBUG:__main__:[Stage4] frame 4358: none box=None
DEBUG:__main__:[Stage4] frame 4359: none box=None
DEBUG:__main__:[Stage4] frame 4360: none box=None
DEBUG:__main__:[Stage4] frame 4361: none box=None
DEBUG:__main__:[Stage4] frame 4362: none box=None
DEBUG:__main__:[Stage4] frame 4363: none box=None
DEBUG:__main__:[Stage4] frame 4364: none box=None
DEBUG:__main__:[Stage4] frame 4365: none box=None
DEBUG:__main__:[Stage4] frame 4366: none box=None
DEBUG:__main__:[Stage4] frame 4367: none box=None
DEBUG:__main__:[Stage4] frame 4368: none box=None
DEBUG:__main__:[Stage4] frame 4369: none box=None
DEBUG:__main__:[Stage4] frame 4370: none box=None
DEBUG:__main__:[Stage4] frame 4371: none box=None
DEBUG:__main__:[Stage4] frame 4372: none box=None
DEBUG:__main__:[Stage4] frame 4373: none box=None
DEBUG:__main__:[Stage4] frame 4374: none box=None
DEBUG:__main__:[Stage4] frame 4375: none box=None
DEBUG:__main__:[Stage4] frame 4376: none box=None
DEBUG:__main__:[Stage4] frame 4377: none box=None
DEBUG:__main__:[Stage4] frame 4378: none box=None
DEBUG:__main__:[Stage4] frame 4379: none box=None
DEBUG:__main__:[Stage4] frame 4380: none box=None
DEBUG:__main__:[Stage4] frame 4381: none box=None
DEBUG:__main__:[Stage4] frame 4382: none box=None
DEBUG:__main__:[Stage4] frame 4383: none box=None
DEBUG:__main__:[Stage4] frame 4384: none box=None
DEBUG:__main__:[Stage4] frame 4385: none box=None
DEBUG:__main__:[Stage4] frame 4386: none box=None
DEBUG:__main__:[Stage4] frame 4387: none box=None
DEBUG:__main__:[Stage4] frame 4388: none box=None
DEBUG:__main__:[Stage4] frame 4389: none box=None
DEBUG:__main__:[Stage4] frame 4390: none box=None
DEBUG:__main__:[Stage4] frame 4391: none box=None
DEBUG:__main__:[Stage4] frame 4392: none box=None
DEBUG:__main__:[Stage4] frame 4393: none box=None
DEBUG:__main__:[Stage4] frame 4394: none box=None
DEBUG:__main__:[Stage4] frame 4395: none box=None
DEBUG:__main__:[Stage4] frame 4396: none box=None
DEBUG:__main__:[Stage4] frame 4397: none box=None
DEBUG:__main__:[Stage4] frame 4398: none box=None
DEBUG:__main__:[Stage4] frame 4399: none box=None
DEBUG:__main__:[Stage4] frame 4400: none box=None
DEBUG:__main__:[Stage4] frame 4401: none box=None
DEBUG:__main__:[Stage4] frame 4402: none box=None
DEBUG:__main__:[Stage4] frame 4403: none box=None
DEBUG:__main__:[Stage4] frame 4404: none box=None
DEBUG:__main__:[Stage4] frame 4405: none box=None
DEBUG:__main__:[Stage4] frame 4406: none box=None
DEBUG:__main__:[Stage4] frame 4407: none box=None
DEBUG:__main__:[Stage4] frame 4408: none box=None
DEBUG:__main__:[Stage4] frame 4409: none box=None
DEBUG:__main__:[Stage4] frame 4410: none box=None
DEBUG:__main__:[Stage4] frame 4411: none box=None
DEBUG:__main__:[Stage4] frame 4412: none box=None
DEBUG:__main__:[Stage4] frame 4413: none box=None
DEBUG:__main__:[Stage4] frame 4414: none box=None
DEBUG:__main__:[Stage4] frame 4415: none box=None
DEBUG:__main__:[Stage4] frame 4416: none box=None
DEBUG:__main__:[Stage4] frame 4417: none box=None
DEBUG:__main__:[Stage4] frame 4418: none box=None
DEBUG:__main__:[Stage4] frame 4419: none box=None
DEBUG:__main__:[Stage4] frame 4420: none box=None
DEBUG:__main__:[Stage4] frame 4421: none box=None
DEBUG:__main__:[Stage4] frame 4422: none box=None
DEBUG:__main__:[Stage4] frame 4423: none box=None
DEBUG:__main__:[Stage4] frame 4424: none box=None
DEBUG:__main__:[Stage4] frame 4425: none box=None
DEBUG:__main__:[Stage4] frame 4426: none box=None
DEBUG:__main__:[Stage4] frame 4427: none box=None
DEBUG:__main__:[Stage4] frame 4428: none box=None
DEBUG:__main__:[Stage4] frame 4429: none box=None
DEBUG:__main__:[Stage4] frame 4430: none box=None
DEBUG:__main__:[Stage4] frame 4431: none box=None
DEBUG:__main__:[Stage4] frame 4432: none box=None
DEBUG:__main__:[Stage4] frame 4433: none box=None
DEBUG:__main__:[Stage4] frame 4434: none box=None
DEBUG:__main__:[Stage4] frame 4435: none box=None
DEBUG:__main__:[Stage4] frame 4436: none box=None
DEBUG:__main__:[Stage4] frame 4437: none box=None
DEBUG:__main__:[Stage4] frame 4438: none box=None
DEBUG:__main__:[Stage4] frame 4439: none box=None
DEBUG:__main__:[Stage4] frame 4440: none box=None
DEBUG:__main__:[Stage4] frame 4441: none box=None
DEBUG:__main__:[Stage4] frame 4442: none box=None
DEBUG:__main__:[Stage4] frame 4443: none box=None
DEBUG:__main__:[Stage4] frame 4444: none box=None
DEBUG:__main__:[Stage4] frame 4445: none box=None
DEBUG:__main__:[Stage4] frame 4446: none box=None
DEBUG:__main__:[Stage4] frame 4447: none box=None
DEBUG:__main__:[Stage4] frame 4448: none box=None
DEBUG:__main__:[Stage4] frame 4449: none box=None
DEBUG:__main__:[Stage4] frame 4450: none box=None
DEBUG:__main__:[Stage4] frame 4451: none box=None
DEBUG:__main__:[Stage4] frame 4452: none box=None
DEBUG:__main__:[Stage4] frame 4453: none box=None
DEBUG:__main__:[Stage4] frame 4454: none box=None
DEBUG:__main__:[Stage4] frame 4455: none box=None
DEBUG:__main__:[Stage4] frame 4456: none box=None
DEBUG:__main__:[Stage4] frame 4457: none box=None
DEBUG:__main__:[Stage4] frame 4458: none box=None
DEBUG:__main__:[Stage4] frame 4459: none box=None
DEBUG:__main__:[Stage4] frame 4460: none box=None
DEBUG:__main__:[Stage4] frame 4461: none box=None
DEBUG:__main__:[Stage4] frame 4462: none box=None
DEBUG:__main__:[Stage4] frame 4463: none box=None
DEBUG:__main__:[Stage4] frame 4464: none box=None
DEBUG:__main__:[Stage4] frame 4465: none box=None
DEBUG:__main__:[Stage4] frame 4466: none box=None
DEBUG:__main__:[Stage4] frame 4467: none box=None
DEBUG:__main__:[Stage4] frame 4468: none box=None
DEBUG:__main__:[Stage4] frame 4469: none box=None
DEBUG:__main__:[Stage4] frame 4470: none box=None
DEBUG:__main__:[Stage4] frame 4471: none box=None
DEBUG:__main__:[Stage4] frame 4472: none box=None
DEBUG:__main__:[Stage4] frame 4473: none box=None
DEBUG:__main__:[Stage4] frame 4474: none box=None
DEBUG:__main__:[Stage4] frame 4475: none box=None
DEBUG:__main__:[Stage4] frame 4476: none box=None
DEBUG:__main__:[Stage4] frame 4477: none box=None
DEBUG:__main__:[Stage4] frame 4478: none box=None
DEBUG:__main__:[Stage4] frame 4479: none box=None
DEBUG:__main__:[Stage4] frame 4480: none box=None
DEBUG:__main__:[Stage4] frame 4481: none box=None
DEBUG:__main__:[Stage4] frame 4482: none box=None
DEBUG:__main__:[Stage4] frame 4483: none box=None
DEBUG:__main__:[Stage4] frame 4484: none box=None
DEBUG:__main__:[Stage4] frame 4485: none box=None
DEBUG:__main__:[Stage4] frame 4486: none box=None
DEBUG:__main__:[Stage4] frame 4487: none box=None
DEBUG:__main__:[Stage4] frame 4488: none box=None
DEBUG:__main__:[Stage4] frame 4489: none box=None
DEBUG:__main__:[Stage4] frame 4490: none box=None
DEBUG:__main__:[Stage4] frame 4491: none box=None
DEBUG:__main__:[Stage4] frame 4492: none box=None
DEBUG:__main__:[Stage4] frame 4493: none box=None
DEBUG:__main__:[Stage4] frame 4494: none box=None
DEBUG:__main__:[Stage4] frame 4495: none box=None
INFO:__main__:[Stage4] Helmet_0: backward_tracking recovered 7 frame(s) [4489, 4496) before the lock at frame 4496
DEBUG:__main__:[Stage4] frame 4496: detect box=Box(x1=826.0, y1=520.0, x2=843.0, y2=534.0, score=0.6010892391204834)
DEBUG:__main__:[Stage4] frame 4497: track box=Box(x1=826.1725826598704, y1=512.8621335979551, x2=843.6037707664073, y2=526.863302802667, score=1.0)
DEBUG:__main__:[Stage4] frame 4498: track box=Box(x1=827.6102486439049, y1=503.4602356534451, x2=844.7191941328347, y2=517.289907572791, score=1.0)
DEBUG:__main__:[Stage4] frame 4499: track box=Box(x1=827.0382576696575, y1=500.61437358148396, x2=844.4262381307781, y2=514.6192013192922, score=1.0)
DEBUG:__main__:[Stage4] frame 4500: track box=Box(x1=828.1589568015188, y1=490.5273490808904, x2=844.840997075662, y2=504.7942114137113, score=1.0)
DEBUG:__main__:[Stage4] frame 4501: track box=Box(x1=829.0933657232672, y1=483.71537197194993, x2=846.6225766483694, y2=497.9127087648958, score=1.0)
DEBUG:__main__:[Stage4] frame 4502: track box=Box(x1=828.3875918332487, y1=480.235615497455, x2=845.9255938474089, y2=494.15313411317766, score=1.0)
DEBUG:__main__:[Stage4] frame 4503: track box=Box(x1=830.162543553859, y1=465.73957484588027, x2=847.5784265585244, y2=480.1011068187654, score=1.0)
DEBUG:__main__:[Stage4] frame 4504: detect box=Box(x1=832.0, y1=461.0, x2=849.0, y2=475.0, score=0.6738724708557129)
DEBUG:__main__:[Stage4] frame 4505: track box=Box(x1=832.3759759664536, y1=453.39129836065695, x2=849.6703940629959, y2=467.48975867731497, score=1.0)
DEBUG:__main__:[Stage4] frame 4506: track box=Box(x1=832.4862900641747, y1=450.9497917252593, x2=849.8776598242112, y2=465.022260423284, score=1.0)
DEBUG:__main__:[Stage4] frame 4507: track box=Box(x1=835.7390050371177, y1=441.03973441710696, x2=853.2006701310165, y2=454.9634000598453, score=1.0)
DEBUG:__main__:[Stage4] frame 4508: track box=Box(x1=839.6009682980366, y1=434.55774974403903, x2=856.9931529131718, y2=448.4202374177985, score=1.0)
DEBUG:__main__:[Stage4] frame 4509: track box=Box(x1=842.324834567029, y1=430.29857184691355, x2=859.731600206811, y2=444.342133841943, score=1.0)
DEBUG:__main__:[Stage4] frame 4510: track box=Box(x1=845.2942191180773, y1=421.59562766877934, x2=862.7319980678149, y2=435.6110377344303, score=1.0)
DEBUG:__main__:[Stage4] frame 4511: track box=Box(x1=846.281369835604, y1=419.86007032869384, x2=863.6737985317595, y2=433.876092474442, score=1.0)
DEBUG:__main__:[Stage4] frame 4512: detect box=Box(x1=849.0, y1=413.0, x2=867.0, y2=427.0, score=0.6584140658378601)
DEBUG:__main__:[Stage4] frame 4513: track box=Box(x1=856.0882081985474, y1=402.3512375354767, x2=874.1755533218384, y2=416.3726761341095, score=1.0)
DEBUG:__main__:[Stage4] frame 4514: track box=Box(x1=857.9181123971939, y1=400.6228265762329, x2=875.747961640358, y2=414.5046281814575, score=1.0)
DEBUG:__main__:[Stage4] frame 4515: track box=Box(x1=863.6570601798594, y1=392.969394199783, x2=881.9755623079836, y2=406.7126952337567, score=1.0)
DEBUG:__main__:[Stage4] frame 4516: track box=Box(x1=864.1542139984667, y1=390.2695984172169, x2=882.2503558136523, y2=404.4785293864552, score=1.0)
DEBUG:__main__:[Stage4] frame 4517: track box=Box(x1=867.1089719757438, y1=383.93035407573916, x2=885.6114058718085, y2=398.03842301876284, score=1.0)
DEBUG:__main__:[Stage4] frame 4518: track box=Box(x1=874.4271519929171, y1=376.78641315945424, x2=892.9000559598207, y2=390.94686266430654, score=1.0)
DEBUG:__main__:[Stage4] frame 4519: track box=Box(x1=878.9179975059815, y1=372.55446911253966, x2=897.3125359681435, y2=386.741337482119, score=1.0)
DEBUG:__main__:[Stage4] frame 4520: detect box=Box(x1=883.0, y1=366.0, x2=901.0, y2=381.0, score=0.5912553668022156)
DEBUG:__main__:[Stage4] frame 4521: track box=Box(x1=885.9447001591325, y1=363.1385280266404, x2=904.1405679360032, y2=378.06871835142374, score=1.0)
DEBUG:__main__:[Stage4] frame 4522: track box=Box(x1=888.9146744608879, y1=356.21101570129395, x2=906.9960340857506, y2=371.1647779941559, score=1.0)
DEBUG:__main__:[Stage4] frame 4523: track box=Box(x1=896.0903302356601, y1=348.5140019338578, x2=914.2502539083362, y2=363.31663533858955, score=1.0)
DEBUG:__main__:[Stage4] frame 4524: track box=Box(x1=900.4695269223303, y1=344.4867227850482, x2=918.6156229134649, y2=359.4751349268481, score=1.0)
DEBUG:__main__:[Stage4] frame 4525: track box=Box(x1=904.1674258839339, y1=338.5880777416751, x2=922.8679942023009, y2=353.6351168928668, score=1.0)
DEBUG:__main__:[Stage4] frame 4526: track box=Box(x1=906.4909876342863, y1=335.7924063010141, x2=924.7415603157133, y2=350.69809244107455, score=1.0)
DEBUG:__main__:[Stage4] frame 4527: track box=Box(x1=908.9870968293399, y1=329.73073924612254, x2=927.3118354510516, y2=344.55900205206126, score=1.0)
DEBUG:__main__:[Stage4] frame 4528: detect box=Box(x1=919.0, y1=323.0, x2=937.0, y2=337.0, score=0.7387067675590515)
DEBUG:__main__:[Stage4] frame 4529: track box=Box(x1=922.7672193050385, y1=318.2703323364258, x2=941.0054242610931, y2=332.50697326660156, score=1.0)
DEBUG:__main__:[Stage4] frame 4530: track box=Box(x1=927.7681325674057, y1=312.75061071664095, x2=945.9380816221237, y2=326.7086589410901, score=1.0)
DEBUG:__main__:[Stage4] frame 4531: track box=Box(x1=929.8873661756516, y1=309.40794218331575, x2=948.3721340894699, y2=323.5163253620267, score=1.0)
DEBUG:__main__:[Stage4] frame 4532: track box=Box(x1=932.5499798543751, y1=304.08080898597836, x2=950.9247864969075, y2=317.89437286928296, score=1.0)
DEBUG:__main__:[Stage4] frame 4533: track box=Box(x1=940.305691767484, y1=296.59357525780797, x2=958.8954439647496, y2=310.52540661767125, score=1.0)
DEBUG:__main__:[Stage4] frame 4534: track box=Box(x1=944.3518476672471, y1=292.2045694589615, x2=963.1705059595406, y2=306.3093452453613, score=1.0)
DEBUG:__main__:[Stage4] frame 4535: track box=Box(x1=948.6862141387537, y1=286.42206843197346, x2=967.6547562377527, y2=300.82228679955006, score=1.0)
DEBUG:__main__:[Stage4] frame 4536: detect box=Box(x1=951.0, y1=283.0, x2=970.0, y2=298.0, score=0.7039157152175903)
DEBUG:__main__:[Stage4] frame 4537: track box=Box(x1=954.6399896591902, y1=277.9818359464407, x2=973.8655798882246, y2=292.9628087133169, score=1.0)
DEBUG:__main__:[Stage4] frame 4538: track box=Box(x1=961.8395854383707, y1=270.65462471172214, x2=981.0078889280558, y2=285.33157731220126, score=1.0)
DEBUG:__main__:[Stage4] frame 4539: track box=Box(x1=966.1530441548675, y1=265.92888567969203, x2=985.4268097188324, y2=280.7103924565017, score=1.0)
DEBUG:__main__:[Stage4] frame 4540: track box=Box(x1=970.5220076646656, y1=260.4578409604728, x2=989.5996307935566, y2=275.2682626657188, score=1.0)
DEBUG:__main__:[Stage4] frame 4541: track box=Box(x1=973.8230364527553, y1=256.8311407677829, x2=992.8248257841915, y2=271.4550056569278, score=1.0)
DEBUG:__main__:[Stage4] frame 4542: track box=Box(x1=976.5247364435345, y1=250.7615285255015, x2=995.5977499280125, y2=265.4654091335833, score=1.0)
DEBUG:__main__:[Stage4] frame 4543: track box=Box(x1=984.5697473715991, y1=243.19667336065322, x2=1003.5319888424128, y2=258.11990955192596, score=1.0)
DEBUG:__main__:[Stage4] frame 4544: detect box=Box(x1=987.0, y1=239.0, x2=1007.0, y2=254.0, score=0.7812584638595581)
DEBUG:__main__:[Stage4] frame 4545: track box=Box(x1=991.8826427664608, y1=232.90252981334925, x2=1012.0431509222835, y2=247.78352794796228, score=1.0)
DEBUG:__main__:[Stage4] frame 4546: track box=Box(x1=994.0560805965215, y1=230.17785586044192, x2=1014.0843761134893, y2=245.2384976260364, score=1.0)
DEBUG:__main__:[Stage4] frame 4547: track box=Box(x1=996.5026963297278, y1=226.8341563884169, x2=1016.7474061790854, y2=241.81013750471175, score=1.0)
DEBUG:__main__:[Stage4] frame 4548: track box=Box(x1=997.8358509559184, y1=223.76143202744424, x2=1017.9559209365398, y2=238.9036719556898, score=1.0)
DEBUG:__main__:[Stage4] frame 4549: track box=Box(x1=999.8026433009654, y1=221.88701730780303, x2=1019.9347879905254, y2=236.7670933585614, score=1.0)
DEBUG:__main__:[Stage4] frame 4550: track box=Box(x1=1000.8158674258739, y1=218.6331120748073, x2=1021.1079456824809, y2=233.97003686614335, score=1.0)
DEBUG:__main__:[Stage4] frame 4551: track box=Box(x1=1001.9781876169145, y1=217.07729082368314, x2=1022.6936954818666, y2=232.12653671763837, score=1.0)
DEBUG:__main__:[Stage4] frame 4552: detect box=Box(x1=1003.0, y1=216.0, x2=1024.0, y2=230.0, score=0.8535698652267456)
DEBUG:__main__:[Stage4] frame 4553: track box=Box(x1=1001.8622399717569, y1=214.89516454935074, x2=1023.5612164884806, y2=229.18821722269058, score=1.0)
DEBUG:__main__:[Stage4] frame 4554: track box=Box(x1=1002.0434369766153, y1=212.70500533282757, x2=1023.9333561384119, y2=226.9747086018324, score=1.0)
DEBUG:__main__:[Stage4] frame 4555: track box=Box(x1=1002.3160697787534, y1=212.42342780157924, x2=1024.0, y2=226.67104886099696, score=1.0)
DEBUG:__main__:[Stage4] frame 4556: track box=Box(x1=1001.3464818879729, y1=211.5208375863731, x2=1022.9239365145331, y2=225.69753996655345, score=1.0)
DEBUG:__main__:[Stage4] frame 4557: track box=Box(x1=1001.6037511475151, y1=210.30121168121696, x2=1023.7654399521416, y2=224.81073101982474, score=1.0)
DEBUG:__main__:[Stage4] frame 4558: track box=Box(x1=1002.6895490795141, y1=209.510474588722, x2=1023.7700039058691, y2=223.92327108606696, score=1.0)
DEBUG:__main__:[Stage4] frame 4559: track box=Box(x1=1003.3730679027503, y1=209.24388387426734, x2=1024.0, y2=223.59532633051276, score=1.0)
DEBUG:__main__:[Stage4] frame 4560: detect box=Box(x1=1005.0, y1=209.0, x2=1024.0, y2=224.0, score=1.0401725769042969)
DEBUG:__main__:[Stage4] frame 4561: track box=Box(x1=1006.0247678309679, y1=209.49575205519795, x2=1024.0, y2=224.42561503127217, score=1.0)
DEBUG:__main__:[Stage4] frame 4562: track box=Box(x1=1006.2713765958324, y1=208.5108602680266, x2=1024.0, y2=223.32926470413804, score=1.0)
DEBUG:__main__:[Stage4] frame 4563: track box=Box(x1=1006.0677193226293, y1=208.7927922368981, x2=1024.0, y2=223.4699651361443, score=1.0)
DEBUG:__main__:[Stage4] frame 4564: track box=Box(x1=1005.8397822231636, y1=207.81492473045364, x2=1024.0, y2=222.72591562429443, score=1.0)
DEBUG:__main__:[Stage4] frame 4565: track box=Box(x1=1005.5275239562907, y1=208.0366161619313, x2=1024.0, y2=222.99440677510574, score=1.0)
DEBUG:__main__:[Stage4] frame 4566: track box=Box(x1=1005.7447814969491, y1=207.75627620192245, x2=1024.0, y2=222.80190552445129, score=1.0)
DEBUG:__main__:[Stage4] frame 4567: track box=Box(x1=1005.7947541675603, y1=207.4566106093116, x2=1024.0, y2=222.41227810503915, score=1.0)
DEBUG:__main__:[Stage4] frame 4568: detect box=Box(x1=1005.0, y1=207.0, x2=1024.0, y2=222.0, score=0.9569565653800964)
DEBUG:__main__:[Stage4] frame 4569: track box=Box(x1=1005.2069984488189, y1=207.49113688617945, x2=1024.0, y2=222.546338416636, score=1.0)
DEBUG:__main__:[Stage4] frame 4570: track box=Box(x1=1004.7111110594124, y1=206.98735029250383, x2=1023.9741115476936, y2=221.9227011874318, score=1.0)
DEBUG:__main__:[Stage4] frame 4571: track box=Box(x1=1005.0508646033704, y1=207.4132663346827, x2=1024.0, y2=222.36659279838204, score=1.0)
DEBUG:__main__:[Stage4] frame 4572: track box=Box(x1=1004.4880330245942, y1=207.6211602250114, x2=1023.7942802589387, y2=222.53638334665447, score=1.0)
DEBUG:__main__:[Stage4] frame 4573: track box=Box(x1=1010.0312870424241, y1=209.89165112469345, x2=1024.0, y2=224.20680233929306, score=1.0)
DEBUG:__main__:[Stage4] frame 4574: track box=Box(x1=1011.469296858646, y1=210.3217907845974, x2=1024.0, y2=224.56755754351616, score=1.0)
DEBUG:__main__:[Stage4] frame 4575: track box=Box(x1=1014.0, y1=212.4358872100711, x2=1024.0, y2=226.74676191061735, score=1.0)
DEBUG:__main__:[Stage4] frame 4576: track box=Box(x1=1014.0, y1=213.96811940521002, x2=1024.0, y2=226.73975159972906, score=1.0)
DEBUG:__main__:[Stage4] frame 4577: tracker.update rejected (conf=0.331 threshold=0.400, track_age=9 max=30, box_is_none=False) -- try re-detect
DEBUG:__main__:[Stage4] frame 4577: none box=None
DEBUG:__main__:[Stage4] frame 4578: none box=None
DEBUG:__main__:[Stage4] frame 4579: none box=None
DEBUG:__main__:[Stage4] frame 4580: none box=None
DEBUG:__main__:[Stage4] frame 4581: none box=None
DEBUG:__main__:[Stage4] frame 4582: none box=None
DEBUG:__main__:[Stage4] frame 4583: none box=None
DEBUG:__main__:[Stage4] frame 4584: none box=None
DEBUG:__main__:[Stage4] frame 4585: none box=None
DEBUG:__main__:[Stage4] frame 4586: none box=None
DEBUG:__main__:[Stage4] frame 4587: none box=None
DEBUG:__main__:[Stage4] frame 4588: none box=None
DEBUG:__main__:[Stage4] frame 4589: none box=None
DEBUG:__main__:[Stage4] frame 4590: none box=None
DEBUG:__main__:[Stage4] frame 4591: none box=None
DEBUG:__main__:[Stage4] frame 4592: none box=None
DEBUG:__main__:[Stage4] frame 4593: none box=None
DEBUG:__main__:[Stage4] frame 4594: none box=None
DEBUG:__main__:[Stage4] frame 4595: none box=None
DEBUG:__main__:[Stage4] frame 4596: none box=None
DEBUG:__main__:[Stage4] frame 4597: none box=None
DEBUG:__main__:[Stage4] frame 4598: none box=None
DEBUG:__main__:[Stage4] frame 4599: none box=None
DEBUG:__main__:[Stage4] frame 4600: none box=None
DEBUG:__main__:[Stage4] frame 4601: none box=None
DEBUG:__main__:[Stage4] frame 4602: none box=None
DEBUG:__main__:[Stage4] frame 4603: none box=None
DEBUG:__main__:[Stage4] frame 4604: none box=None
DEBUG:__main__:[Stage4] frame 4605: none box=None
DEBUG:__main__:[Stage4] frame 4606: none box=None
DEBUG:__main__:[Stage4] frame 4607: none box=None
DEBUG:__main__:[Stage4] frame 4608: none box=None
DEBUG:__main__:[Stage4] frame 4609: none box=None
DEBUG:__main__:[Stage4] frame 4610: none box=None
DEBUG:__main__:[Stage4] frame 4611: none box=None
DEBUG:__main__:[Stage4] frame 4612: none box=None
DEBUG:__main__:[Stage4] frame 4613: none box=None
DEBUG:__main__:[Stage4] frame 4614: none box=None
DEBUG:__main__:[Stage4] frame 4615: none box=None
DEBUG:__main__:[Stage4] frame 4616: none box=None
DEBUG:__main__:[Stage4] frame 4617: none box=None
DEBUG:__main__:[Stage4] frame 4618: none box=None
DEBUG:__main__:[Stage4] frame 4619: none box=None
DEBUG:__main__:[Stage4] frame 4620: none box=None
DEBUG:__main__:[Stage4] frame 4621: none box=None
DEBUG:__main__:[Stage4] frame 4622: none box=None
DEBUG:__main__:[Stage4] frame 4623: none box=None
DEBUG:__main__:[Stage4] frame 4624: none box=None
DEBUG:__main__:[Stage4] frame 4625: none box=None
DEBUG:__main__:[Stage4] frame 4626: none box=None
DEBUG:__main__:[Stage4] frame 4627: none box=None
DEBUG:__main__:[Stage4] frame 4628: none box=None
DEBUG:__main__:[Stage4] frame 4629: none box=None
DEBUG:__main__:[Stage4] frame 4630: none box=None
DEBUG:__main__:[Stage4] frame 4631: none box=None
DEBUG:__main__:[Stage4] frame 4632: none box=None
DEBUG:__main__:[Stage4] frame 4633: none box=None
DEBUG:__main__:[Stage4] frame 4634: none box=None
DEBUG:__main__:[Stage4] frame 4635: none box=None
DEBUG:__main__:[Stage4] frame 4636: none box=None
DEBUG:__main__:[Stage4] frame 4637: none box=None
DEBUG:__main__:[Stage4] frame 4638: none box=None
DEBUG:__main__:[Stage4] frame 4639: none box=None
DEBUG:__main__:[Stage4] frame 4640: none box=None
DEBUG:__main__:[Stage4] frame 4641: none box=None
DEBUG:__main__:[Stage4] frame 4642: none box=None
DEBUG:__main__:[Stage4] frame 4643: none box=None
DEBUG:__main__:[Stage4] frame 4644: none box=None
DEBUG:__main__:[Stage4] frame 4645: none box=None
DEBUG:__main__:[Stage4] frame 4646: none box=None
DEBUG:__main__:[Stage4] frame 4647: none box=None
DEBUG:__main__:[Stage4] frame 4648: none box=None
DEBUG:__main__:[Stage4] frame 4649: none box=None
DEBUG:__main__:[Stage4] frame 4650: none box=None
DEBUG:__main__:[Stage4] frame 4651: none box=None
DEBUG:__main__:[Stage4] frame 4652: none box=None
DEBUG:__main__:[Stage4] frame 4653: none box=None
DEBUG:__main__:[Stage4] frame 4654: none box=None
DEBUG:__main__:[Stage4] frame 4655: none box=None
DEBUG:__main__:[Stage4] frame 4656: none box=None
DEBUG:__main__:[Stage4] frame 4657: none box=None
DEBUG:__main__:[Stage4] frame 4658: none box=None
DEBUG:__main__:[Stage4] frame 4659: none box=None
DEBUG:__main__:[Stage4] frame 4660: none box=None
DEBUG:__main__:[Stage4] frame 4661: none box=None
DEBUG:__main__:[Stage4] frame 4662: none box=None
DEBUG:__main__:[Stage4] frame 4663: none box=None
DEBUG:__main__:[Stage4] frame 4664: none box=None
DEBUG:__main__:[Stage4] frame 4665: none box=None
DEBUG:__main__:[Stage4] frame 4666: none box=None
DEBUG:__main__:[Stage4] frame 4667: none box=None
DEBUG:__main__:[Stage4] frame 4668: none box=None
DEBUG:__main__:[Stage4] frame 4669: none box=None
DEBUG:__main__:[Stage4] frame 4670: none box=None
DEBUG:__main__:[Stage4] frame 4671: none box=None
DEBUG:__main__:[Stage4] frame 4672: none box=None
DEBUG:__main__:[Stage4] frame 4673: none box=None
DEBUG:__main__:[Stage4] frame 4674: none box=None
DEBUG:__main__:[Stage4] frame 4675: none box=None
DEBUG:__main__:[Stage4] frame 4676: none box=None
DEBUG:__main__:[Stage4] frame 4677: none box=None
DEBUG:__main__:[Stage4] frame 4678: none box=None
DEBUG:__main__:[Stage4] frame 4679: none box=None
DEBUG:__main__:[Stage4] frame 4680: none box=None
DEBUG:__main__:[Stage4] frame 4681: none box=None
DEBUG:__main__:[Stage4] frame 4682: none box=None
DEBUG:__main__:[Stage4] frame 4683: none box=None
DEBUG:__main__:[Stage4] frame 4684: none box=None
DEBUG:__main__:[Stage4] frame 4685: none box=None
DEBUG:__main__:[Stage4] frame 4686: none box=None
DEBUG:__main__:[Stage4] frame 4687: none box=None
DEBUG:__main__:[Stage4] frame 4688: none box=None
DEBUG:__main__:[Stage4] frame 4689: none box=None
DEBUG:__main__:[Stage4] frame 4690: none box=None
DEBUG:__main__:[Stage4] frame 4691: none box=None
DEBUG:__main__:[Stage4] frame 4692: none box=None
DEBUG:__main__:[Stage4] frame 4693: none box=None
DEBUG:__main__:[Stage4] frame 4694: none box=None
DEBUG:__main__:[Stage4] frame 4695: none box=None
DEBUG:__main__:[Stage4] frame 4696: none box=None
DEBUG:__main__:[Stage4] frame 4697: none box=None
DEBUG:__main__:[Stage4] frame 4698: none box=None
DEBUG:__main__:[Stage4] frame 4699: none box=None
DEBUG:__main__:[Stage4] frame 4700: none box=None
DEBUG:__main__:[Stage4] frame 4701: none box=None
DEBUG:aero_eyes.utils.io:Wrote tracks: /workspace/runs/geco2_finetune/finetuned_eval/Helmet_0/tracks.json (4702 frames)
INFO:__main__:[Stage4] Helmet_0 done in 128.4s -> /workspace/runs/geco2_finetune/finetuned_eval/Helmet_0/tracks.json (1693/4702 frames with box)
INFO:aero_eyes.models.trackers:LiteTrack loaded (z=/workspace/litetrack_B4_cae_center_all_ep300_z.onnx, x=/workspace/litetrack_B4_cae_center_all_ep300_x.onnx)
INFO:aero_eyes.models.trackers:LiteTrack loaded (z=/workspace/litetrack_B4_cae_center_all_ep300_z.onnx, x=/workspace/litetrack_B4_cae_center_all_ep300_x.onnx)
Using cache found in /root/.cache/torch/hub/facebookresearch_dinov2_main
/root/.cache/torch/hub/facebookresearch_dinov2_main/dinov2/layers/swiglu_ffn.py:51: UserWarning: xFormers is not available (SwiGLU)
  warnings.warn("xFormers is not available (SwiGLU)")
/root/.cache/torch/hub/facebookresearch_dinov2_main/dinov2/layers/attention.py:33: UserWarning: xFormers is not available (Attention)
  warnings.warn("xFormers is not available (Attention)")
/root/.cache/torch/hub/facebookresearch_dinov2_main/dinov2/layers/block.py:40: UserWarning: xFormers is not available (Block)
  warnings.warn("xFormers is not available (Block)")
INFO:dinov2:using MLP layer as FFN
INFO:aero_eyes.models.features:DINOv2 vitb14 on cuda  (dim=768)
DEBUG:__main__:[Stage4] frame 0: none box=None
DEBUG:__main__:[Stage4] frame 1: none box=None
DEBUG:__main__:[Stage4] frame 2: none box=None
DEBUG:__main__:[Stage4] frame 3: none box=None
DEBUG:__main__:[Stage4] frame 4: none box=None
DEBUG:__main__:[Stage4] frame 5: none box=None
DEBUG:__main__:[Stage4] frame 6: none box=None
DEBUG:__main__:[Stage4] frame 7: none box=None
DEBUG:__main__:[Stage4] frame 8: none box=None
DEBUG:__main__:[Stage4] frame 9: none box=None
DEBUG:__main__:[Stage4] frame 10: none box=None
DEBUG:__main__:[Stage4] frame 11: none box=None
DEBUG:__main__:[Stage4] frame 12: none box=None
DEBUG:__main__:[Stage4] frame 13: none box=None
DEBUG:__main__:[Stage4] frame 14: none box=None
DEBUG:__main__:[Stage4] frame 15: none box=None
DEBUG:__main__:[Stage4] frame 16: none box=None
DEBUG:__main__:[Stage4] frame 17: none box=None
DEBUG:__main__:[Stage4] frame 18: none box=None
DEBUG:__main__:[Stage4] frame 19: none box=None
DEBUG:__main__:[Stage4] frame 20: none box=None
DEBUG:__main__:[Stage4] frame 21: none box=None
DEBUG:__main__:[Stage4] frame 22: none box=None
DEBUG:__main__:[Stage4] frame 23: none box=None
DEBUG:__main__:[Stage4] frame 24: none box=None
DEBUG:__main__:[Stage4] frame 25: none box=None
DEBUG:__main__:[Stage4] frame 26: none box=None
DEBUG:__main__:[Stage4] frame 27: none box=None
DEBUG:__main__:[Stage4] frame 28: none box=None
DEBUG:__main__:[Stage4] frame 29: none box=None
DEBUG:__main__:[Stage4] frame 30: none box=None
DEBUG:__main__:[Stage4] frame 31: none box=None
DEBUG:__main__:[Stage4] frame 32: none box=None
DEBUG:__main__:[Stage4] frame 33: none box=None
DEBUG:__main__:[Stage4] frame 34: none box=None
DEBUG:__main__:[Stage4] frame 35: none box=None
DEBUG:__main__:[Stage4] frame 36: none box=None
DEBUG:__main__:[Stage4] frame 37: none box=None
DEBUG:__main__:[Stage4] frame 38: none box=None
DEBUG:__main__:[Stage4] frame 39: none box=None
DEBUG:__main__:[Stage4] frame 40: none box=None
DEBUG:__main__:[Stage4] frame 41: none box=None
DEBUG:__main__:[Stage4] frame 42: none box=None
DEBUG:__main__:[Stage4] frame 43: none box=None
DEBUG:__main__:[Stage4] frame 44: none box=None
DEBUG:__main__:[Stage4] frame 45: none box=None
DEBUG:__main__:[Stage4] frame 46: none box=None
DEBUG:__main__:[Stage4] frame 47: none box=None
DEBUG:__main__:[Stage4] frame 48: none box=None
DEBUG:__main__:[Stage4] frame 49: none box=None
DEBUG:__main__:[Stage4] frame 50: none box=None
DEBUG:__main__:[Stage4] frame 51: none box=None
DEBUG:__main__:[Stage4] frame 52: none box=None
DEBUG:__main__:[Stage4] frame 53: none box=None
DEBUG:__main__:[Stage4] frame 54: none box=None
DEBUG:__main__:[Stage4] frame 55: none box=None
DEBUG:__main__:[Stage4] frame 56: none box=None
DEBUG:__main__:[Stage4] frame 57: none box=None
DEBUG:__main__:[Stage4] frame 58: none box=None
DEBUG:__main__:[Stage4] frame 59: none box=None
DEBUG:__main__:[Stage4] frame 60: none box=None
DEBUG:__main__:[Stage4] frame 61: none box=None
DEBUG:__main__:[Stage4] frame 62: none box=None
DEBUG:__main__:[Stage4] frame 63: none box=None
INFO:__main__:[Stage4] Helmet_1: backward_tracking recovered 2 frame(s) [62, 64) before the lock at frame 64
DEBUG:__main__:[Stage4] frame 64: detect box=Box(x1=528.0, y1=565.0, x2=550.0, y2=576.0, score=0.15314555168151855)
DEBUG:__main__:[Stage4] frame 65: track box=Box(x1=531.0545984087512, y1=557.3962198719382, x2=555.9175623236224, y2=575.128075145185, score=1.0)
DEBUG:__main__:[Stage4] frame 66: track box=Box(x1=534.5779232708737, y1=554.5309746786952, x2=561.5538928238675, y2=575.9724584147334, score=1.0)
DEBUG:__main__:[Stage4] frame 67: track box=Box(x1=536.2741206483915, y1=551.115047249943, x2=563.415616591461, y2=575.729360613972, score=1.0)
DEBUG:__main__:[Stage4] frame 68: track box=Box(x1=539.6887999372557, y1=548.2481293417513, x2=568.0917101697996, y2=574.0266122557223, score=1.0)
DEBUG:__main__:[Stage4] frame 69: track box=Box(x1=542.6243828320876, y1=543.701849181205, x2=570.4116120124236, y2=570.7269002981484, score=1.0)
DEBUG:__main__:[Stage4] frame 70: track box=Box(x1=547.3132535452023, y1=537.4268082990311, x2=575.4465272659436, y2=563.8098935498856, score=1.0)
DEBUG:__main__:[Stage4] frame 71: track box=Box(x1=550.5085460664704, y1=532.7952650929801, x2=579.4287512423471, y2=559.8193351770751, score=1.0)
DEBUG:__main__:[Stage4] frame 72: detect box=Box(x1=554.0, y1=531.0, x2=582.0, y2=555.0, score=0.7236039042472839)
DEBUG:__main__:[Stage4] frame 73: track box=Box(x1=555.6001768261194, y1=527.6276583969593, x2=584.6130509525537, y2=552.3368835747242, score=1.0)
DEBUG:__main__:[Stage4] frame 74: track box=Box(x1=559.3080721795559, y1=522.544738933444, x2=587.979240745306, y2=546.8079909533262, score=1.0)
DEBUG:__main__:[Stage4] frame 75: track box=Box(x1=564.8928580805659, y1=514.8752475306392, x2=593.2904907986522, y2=539.3897806927562, score=1.0)
DEBUG:__main__:[Stage4] frame 76: track box=Box(x1=568.710696876049, y1=510.7915003672242, x2=597.2166343331337, y2=535.4253886118531, score=1.0)
DEBUG:__main__:[Stage4] frame 77: track box=Box(x1=571.8925152309239, y1=507.2450404204428, x2=600.5014312751591, y2=531.9472209252417, score=1.0)
DEBUG:__main__:[Stage4] frame 78: track box=Box(x1=575.7048529312015, y1=502.9292634371668, x2=604.4366202279925, y2=527.1838045362383, score=1.0)
DEBUG:__main__:[Stage4] frame 79: track box=Box(x1=577.9839102141559, y1=500.9867449197918, x2=606.8463586680591, y2=525.2054460439831, score=1.0)
DEBUG:__main__:[Stage4] frame 80: detect box=Box(x1=586.0, y1=500.0, x2=614.0, y2=524.0, score=0.7204064726829529)
DEBUG:__main__:[Stage4] frame 81: track box=Box(x1=589.4918862879276, y1=499.2215318083763, x2=617.6955086290836, y2=523.357366502285, score=1.0)
DEBUG:__main__:[Stage4] frame 82: track box=Box(x1=593.2167919762433, y1=498.8438870087266, x2=621.2319170720875, y2=522.8811924234033, score=1.0)
DEBUG:__main__:[Stage4] frame 83: track box=Box(x1=597.2393796630204, y1=497.74118185788393, x2=625.363941449672, y2=522.0453286245465, score=1.0)
DEBUG:__main__:[Stage4] frame 84: track box=Box(x1=598.3001124532893, y1=499.1955523919314, x2=626.5588867338374, y2=523.7429495882243, score=1.0)
DEBUG:__main__:[Stage4] frame 85: track box=Box(x1=605.5422892840579, y1=503.55848247371614, x2=634.5654447348788, y2=527.8381215985864, score=1.0)
DEBUG:__main__:[Stage4] frame 86: track box=Box(x1=609.212858361192, y1=505.29799802973866, x2=638.3109541954473, y2=530.0771110840142, score=1.0)
DEBUG:__main__:[Stage4] frame 87: track box=Box(x1=611.6647936599329, y1=506.0449108071625, x2=640.2791079776362, y2=530.3469025082886, score=1.0)
DEBUG:__main__:[Stage4] frame 88: detect box=Box(x1=618.0, y1=509.0, x2=647.0, y2=536.0, score=0.7217267155647278)
DEBUG:__main__:[Stage4] frame 89: track box=Box(x1=620.0284666419029, y1=511.0749840438366, x2=649.1276640295982, y2=538.3032374083996, score=1.0)
DEBUG:__main__:[Stage4] frame 90: track box=Box(x1=626.2375218681991, y1=517.9656080454588, x2=655.35733519122, y2=544.8665628880262, score=1.0)
DEBUG:__main__:[Stage4] frame 91: track box=Box(x1=630.0497680716217, y1=521.6100670546293, x2=659.4170490317047, y2=548.6449448317289, score=1.0)
DEBUG:__main__:[Stage4] frame 92: track box=Box(x1=632.1678736768663, y1=522.2490792367607, x2=661.0418947897851, y2=549.1911195609719, score=1.0)
DEBUG:__main__:[Stage4] frame 93: track box=Box(x1=637.6931987069547, y1=528.6541253421456, x2=666.6521992944181, y2=555.6434279773384, score=1.0)
DEBUG:__main__:[Stage4] frame 94: track box=Box(x1=640.3843152485788, y1=531.9995482061058, x2=670.1369855366647, y2=559.6401875112206, score=1.0)
DEBUG:__main__:[Stage4] frame 95: track box=Box(x1=646.007776863873, y1=540.5373039469123, x2=675.4230231121182, y2=567.6299529895186, score=1.0)
DEBUG:__main__:[Stage4] frame 96: detect box=Box(x1=653.0, y1=545.0, x2=682.0, y2=572.0, score=0.7178190350532532)
DEBUG:__main__:[Stage4] frame 97: track box=Box(x1=655.9015628099442, y1=549.2246917486191, x2=685.3521500825882, y2=576.0, score=1.0)
DEBUG:__main__:[Stage4] frame 98: track box=Box(x1=660.9519588276744, y1=553.9411373157054, x2=689.5637670084834, y2=576.0, score=1.0)
DEBUG:__main__:[Stage4] frame 99: track box=Box(x1=663.5275857206434, y1=557.4454813143238, x2=692.4597730394453, y2=576.0, score=1.0)
DEBUG:__main__:[Stage4] frame 100: track box=Box(x1=669.7189855668694, y1=562.8782646949403, x2=694.7474982831627, y2=576.0, score=1.0)
DEBUG:__main__:[Stage4] frame 101: tracker.update rejected (conf=0.351 threshold=0.400, track_age=5 max=30, box_is_none=False) -- try re-detect
DEBUG:hydra.core.utils:Setting JobRuntime:name=UNKNOWN_NAME
DEBUG:hydra.core.utils:Setting JobRuntime:name=app
/workspace/Test/GECO2/sam2/sam2/modeling/sam/transformer.py:23: UserWarning: Flash Attention is disabled as it requires a GPU with Ampere (8.0) CUDA capability.
  OLD_GPU, USE_FLASH_ATTN, MATH_KERNEL_ON = get_sdpa_settings()
WARNING:aero_eyes.models.geco2_detector:GeCo2 checkpoint missing 149 params (random init for those), grouped by submodule: ['sam_mask']
WARNING:aero_eyes.models.geco2_detector:GeCo2 checkpoint has 8 unused params not in the model (ignored): ['bbox_embed_aux', 'class_embed_aux']
INFO:aero_eyes.models.geco2_detector:GeCo2 loaded from /workspace/Test/GECO2/CNTQG_aeroeyes_finetuned.pth on cuda
/venv/main/lib/python3.12/site-packages/torch/functional.py:554: UserWarning: torch.meshgrid: in an upcoming release, it will be required to pass the indexing argument. (Triggered internally at /pytorch/aten/src/ATen/native/TensorShape.cpp:4314.)
  return _VF.meshgrid(tensors, **kwargs)  # type: ignore[attr-defined]
DEBUG:__main__:[Stage4] frame 101: none box=None
DEBUG:__main__:[Stage4] frame 102: none box=None
DEBUG:__main__:[Stage4] frame 103: none box=None
DEBUG:__main__:[Stage4] frame 104: none box=None
DEBUG:__main__:[Stage4] frame 105: none box=None
DEBUG:__main__:[Stage4] frame 106: none box=None
DEBUG:__main__:[Stage4] frame 107: none box=None
DEBUG:__main__:[Stage4] frame 108: none box=None
DEBUG:__main__:[Stage4] frame 109: none box=None
DEBUG:__main__:[Stage4] frame 110: none box=None
DEBUG:__main__:[Stage4] frame 111: none box=None
DEBUG:__main__:[Stage4] frame 112: none box=None
DEBUG:__main__:[Stage4] frame 113: none box=None
DEBUG:__main__:[Stage4] frame 114: none box=None
DEBUG:__main__:[Stage4] frame 115: none box=None
DEBUG:__main__:[Stage4] frame 116: none box=None
DEBUG:__main__:[Stage4] frame 117: none box=None
DEBUG:__main__:[Stage4] frame 118: none box=None
DEBUG:__main__:[Stage4] frame 119: none box=None
DEBUG:__main__:[Stage4] frame 120: none box=None
DEBUG:__main__:[Stage4] frame 121: none box=None
DEBUG:__main__:[Stage4] frame 122: none box=None
DEBUG:__main__:[Stage4] frame 123: none box=None
DEBUG:__main__:[Stage4] frame 124: none box=None
DEBUG:__main__:[Stage4] frame 125: none box=None
DEBUG:__main__:[Stage4] frame 126: none box=None
DEBUG:__main__:[Stage4] frame 127: none box=None
DEBUG:__main__:[Stage4] frame 128: none box=None
DEBUG:__main__:[Stage4] frame 129: none box=None
DEBUG:__main__:[Stage4] frame 130: none box=None
DEBUG:__main__:[Stage4] frame 131: none box=None
DEBUG:__main__:[Stage4] frame 132: none box=None
DEBUG:__main__:[Stage4] frame 133: none box=None
DEBUG:__main__:[Stage4] frame 134: none box=None
DEBUG:__main__:[Stage4] frame 135: none box=None
DEBUG:__main__:[Stage4] frame 136: none box=None
DEBUG:__main__:[Stage4] frame 137: none box=None
DEBUG:__main__:[Stage4] frame 138: none box=None
DEBUG:__main__:[Stage4] frame 139: none box=None
DEBUG:__main__:[Stage4] frame 140: none box=None
DEBUG:__main__:[Stage4] frame 141: none box=None
DEBUG:__main__:[Stage4] frame 142: none box=None
DEBUG:__main__:[Stage4] frame 143: none box=None
DEBUG:__main__:[Stage4] frame 144: none box=None
DEBUG:__main__:[Stage4] frame 145: none box=None
DEBUG:__main__:[Stage4] frame 146: none box=None
DEBUG:__main__:[Stage4] frame 147: none box=None
DEBUG:__main__:[Stage4] frame 148: none box=None
DEBUG:__main__:[Stage4] frame 149: none box=None
DEBUG:__main__:[Stage4] frame 150: none box=None
DEBUG:__main__:[Stage4] frame 151: none box=None
DEBUG:__main__:[Stage4] frame 152: none box=None
DEBUG:__main__:[Stage4] frame 153: none box=None
DEBUG:__main__:[Stage4] frame 154: none box=None
DEBUG:__main__:[Stage4] frame 155: none box=None
DEBUG:__main__:[Stage4] frame 156: none box=None
DEBUG:__main__:[Stage4] frame 157: none box=None
DEBUG:__main__:[Stage4] frame 158: none box=None
DEBUG:__main__:[Stage4] frame 159: none box=None
DEBUG:__main__:[Stage4] frame 160: none box=None
DEBUG:__main__:[Stage4] frame 161: none box=None
DEBUG:__main__:[Stage4] frame 162: none box=None
DEBUG:__main__:[Stage4] frame 163: none box=None
DEBUG:__main__:[Stage4] frame 164: none box=None
DEBUG:__main__:[Stage4] frame 165: none box=None
DEBUG:__main__:[Stage4] frame 166: none box=None
DEBUG:__main__:[Stage4] frame 167: none box=None
DEBUG:__main__:[Stage4] frame 168: none box=None
DEBUG:__main__:[Stage4] frame 169: none box=None
DEBUG:__main__:[Stage4] frame 170: none box=None
DEBUG:__main__:[Stage4] frame 171: none box=None
DEBUG:__main__:[Stage4] frame 172: none box=None
DEBUG:__main__:[Stage4] frame 173: none box=None
DEBUG:__main__:[Stage4] frame 174: none box=None
DEBUG:__main__:[Stage4] frame 175: none box=None
DEBUG:__main__:[Stage4] frame 176: none box=None
DEBUG:__main__:[Stage4] frame 177: none box=None
DEBUG:__main__:[Stage4] frame 178: none box=None
DEBUG:__main__:[Stage4] frame 179: none box=None
DEBUG:__main__:[Stage4] frame 180: none box=None
DEBUG:__main__:[Stage4] frame 181: none box=None
DEBUG:__main__:[Stage4] frame 182: none box=None
DEBUG:__main__:[Stage4] frame 183: none box=None
DEBUG:__main__:[Stage4] frame 184: none box=None
DEBUG:__main__:[Stage4] frame 185: none box=None
DEBUG:__main__:[Stage4] frame 186: none box=None
DEBUG:__main__:[Stage4] frame 187: none box=None
DEBUG:__main__:[Stage4] frame 188: none box=None
DEBUG:__main__:[Stage4] frame 189: none box=None
DEBUG:__main__:[Stage4] frame 190: none box=None
DEBUG:__main__:[Stage4] frame 191: none box=None
DEBUG:__main__:[Stage4] frame 192: none box=None
DEBUG:__main__:[Stage4] frame 193: none box=None
DEBUG:__main__:[Stage4] frame 194: none box=None
DEBUG:__main__:[Stage4] frame 195: none box=None
DEBUG:__main__:[Stage4] frame 196: none box=None
DEBUG:__main__:[Stage4] frame 197: none box=None
DEBUG:__main__:[Stage4] frame 198: none box=None
DEBUG:__main__:[Stage4] frame 199: none box=None
DEBUG:__main__:[Stage4] frame 200: none box=None
DEBUG:__main__:[Stage4] frame 201: none box=None
DEBUG:__main__:[Stage4] frame 202: none box=None
DEBUG:__main__:[Stage4] frame 203: none box=None
DEBUG:__main__:[Stage4] frame 204: none box=None
DEBUG:__main__:[Stage4] frame 205: none box=None
DEBUG:__main__:[Stage4] frame 206: none box=None
DEBUG:__main__:[Stage4] frame 207: none box=None
DEBUG:__main__:[Stage4] frame 208: none box=None
DEBUG:__main__:[Stage4] frame 209: none box=None
DEBUG:__main__:[Stage4] frame 210: none box=None
DEBUG:__main__:[Stage4] frame 211: none box=None
DEBUG:__main__:[Stage4] frame 212: none box=None
DEBUG:__main__:[Stage4] frame 213: none box=None
DEBUG:__main__:[Stage4] frame 214: none box=None
DEBUG:__main__:[Stage4] frame 215: none box=None
DEBUG:__main__:[Stage4] frame 216: none box=None
DEBUG:__main__:[Stage4] frame 217: none box=None
DEBUG:__main__:[Stage4] frame 218: none box=None
DEBUG:__main__:[Stage4] frame 219: none box=None
DEBUG:__main__:[Stage4] frame 220: none box=None
DEBUG:__main__:[Stage4] frame 221: none box=None
DEBUG:__main__:[Stage4] frame 222: none box=None
DEBUG:__main__:[Stage4] frame 223: none box=None
DEBUG:__main__:[Stage4] frame 224: none box=None
DEBUG:__main__:[Stage4] frame 225: none box=None
DEBUG:__main__:[Stage4] frame 226: none box=None
DEBUG:__main__:[Stage4] frame 227: none box=None
DEBUG:__main__:[Stage4] frame 228: none box=None
DEBUG:__main__:[Stage4] frame 229: none box=None
DEBUG:__main__:[Stage4] frame 230: none box=None
DEBUG:__main__:[Stage4] frame 231: none box=None
DEBUG:__main__:[Stage4] frame 232: none box=None
DEBUG:__main__:[Stage4] frame 233: none box=None
DEBUG:__main__:[Stage4] frame 234: none box=None
DEBUG:__main__:[Stage4] frame 235: none box=None
DEBUG:__main__:[Stage4] frame 236: none box=None
DEBUG:__main__:[Stage4] frame 237: none box=None
DEBUG:__main__:[Stage4] frame 238: none box=None
DEBUG:__main__:[Stage4] frame 239: none box=None
DEBUG:__main__:[Stage4] frame 240: none box=None
DEBUG:__main__:[Stage4] frame 241: none box=None
DEBUG:__main__:[Stage4] frame 242: none box=None
DEBUG:__main__:[Stage4] frame 243: none box=None
DEBUG:__main__:[Stage4] frame 244: none box=None
DEBUG:__main__:[Stage4] frame 245: none box=None
DEBUG:__main__:[Stage4] frame 246: none box=None
DEBUG:__main__:[Stage4] frame 247: none box=None
DEBUG:__main__:[Stage4] frame 248: none box=None
DEBUG:__main__:[Stage4] frame 249: none box=None
DEBUG:__main__:[Stage4] frame 250: none box=None
DEBUG:__main__:[Stage4] frame 251: none box=None
DEBUG:__main__:[Stage4] frame 252: none box=None
DEBUG:__main__:[Stage4] frame 253: none box=None
DEBUG:__main__:[Stage4] frame 254: none box=None
DEBUG:__main__:[Stage4] frame 255: none box=None
DEBUG:__main__:[Stage4] frame 256: none box=None
DEBUG:__main__:[Stage4] frame 257: none box=None
DEBUG:__main__:[Stage4] frame 258: none box=None
DEBUG:__main__:[Stage4] frame 259: none box=None
DEBUG:__main__:[Stage4] frame 260: none box=None
DEBUG:__main__:[Stage4] frame 261: none box=None
DEBUG:__main__:[Stage4] frame 262: none box=None
DEBUG:__main__:[Stage4] frame 263: none box=None
DEBUG:__main__:[Stage4] frame 264: none box=None
DEBUG:__main__:[Stage4] frame 265: none box=None
DEBUG:__main__:[Stage4] frame 266: none box=None
DEBUG:__main__:[Stage4] frame 267: none box=None
DEBUG:__main__:[Stage4] frame 268: none box=None
DEBUG:__main__:[Stage4] frame 269: none box=None
DEBUG:__main__:[Stage4] frame 270: none box=None
DEBUG:__main__:[Stage4] frame 271: none box=None
DEBUG:__main__:[Stage4] frame 272: none box=None
DEBUG:__main__:[Stage4] frame 273: none box=None
DEBUG:__main__:[Stage4] frame 274: none box=None
DEBUG:__main__:[Stage4] frame 275: none box=None
DEBUG:__main__:[Stage4] frame 276: none box=None
DEBUG:__main__:[Stage4] frame 277: none box=None
DEBUG:__main__:[Stage4] frame 278: none box=None
DEBUG:__main__:[Stage4] frame 279: none box=None
DEBUG:__main__:[Stage4] frame 280: none box=None
DEBUG:__main__:[Stage4] frame 281: none box=None
DEBUG:__main__:[Stage4] frame 282: none box=None
DEBUG:__main__:[Stage4] frame 283: none box=None
DEBUG:__main__:[Stage4] frame 284: none box=None
DEBUG:__main__:[Stage4] frame 285: none box=None
DEBUG:__main__:[Stage4] frame 286: none box=None
DEBUG:__main__:[Stage4] frame 287: none box=None
DEBUG:__main__:[Stage4] frame 288: none box=None
DEBUG:__main__:[Stage4] frame 289: none box=None
DEBUG:__main__:[Stage4] frame 290: none box=None
DEBUG:__main__:[Stage4] frame 291: none box=None
DEBUG:__main__:[Stage4] frame 292: none box=None
DEBUG:__main__:[Stage4] frame 293: none box=None
DEBUG:__main__:[Stage4] frame 294: none box=None
DEBUG:__main__:[Stage4] frame 295: none box=None
DEBUG:__main__:[Stage4] frame 296: none box=None
DEBUG:__main__:[Stage4] frame 297: none box=None
DEBUG:__main__:[Stage4] frame 298: none box=None
DEBUG:__main__:[Stage4] frame 299: none box=None
DEBUG:__main__:[Stage4] frame 300: none box=None
DEBUG:__main__:[Stage4] frame 301: none box=None
DEBUG:__main__:[Stage4] frame 302: none box=None
DEBUG:__main__:[Stage4] frame 303: none box=None
DEBUG:__main__:[Stage4] frame 304: none box=None
DEBUG:__main__:[Stage4] frame 305: none box=None
DEBUG:__main__:[Stage4] frame 306: none box=None
DEBUG:__main__:[Stage4] frame 307: none box=None
DEBUG:__main__:[Stage4] frame 308: none box=None
DEBUG:__main__:[Stage4] frame 309: none box=None
DEBUG:__main__:[Stage4] frame 310: none box=None
DEBUG:__main__:[Stage4] frame 311: none box=None
DEBUG:__main__:[Stage4] frame 312: none box=None
DEBUG:__main__:[Stage4] frame 313: none box=None
DEBUG:__main__:[Stage4] frame 314: none box=None
DEBUG:__main__:[Stage4] frame 315: none box=None
DEBUG:__main__:[Stage4] frame 316: none box=None
DEBUG:__main__:[Stage4] frame 317: none box=None
DEBUG:__main__:[Stage4] frame 318: none box=None
DEBUG:__main__:[Stage4] frame 319: none box=None
DEBUG:__main__:[Stage4] frame 320: none box=None
DEBUG:__main__:[Stage4] frame 321: none box=None
DEBUG:__main__:[Stage4] frame 322: none box=None
DEBUG:__main__:[Stage4] frame 323: none box=None
DEBUG:__main__:[Stage4] frame 324: none box=None
DEBUG:__main__:[Stage4] frame 325: none box=None
DEBUG:__main__:[Stage4] frame 326: none box=None
DEBUG:__main__:[Stage4] frame 327: none box=None
DEBUG:__main__:[Stage4] frame 328: none box=None
DEBUG:__main__:[Stage4] frame 329: none box=None
DEBUG:__main__:[Stage4] frame 330: none box=None
DEBUG:__main__:[Stage4] frame 331: none box=None
DEBUG:__main__:[Stage4] frame 332: none box=None
DEBUG:__main__:[Stage4] frame 333: none box=None
DEBUG:__main__:[Stage4] frame 334: none box=None
DEBUG:__main__:[Stage4] frame 335: none box=None
DEBUG:__main__:[Stage4] frame 336: none box=None
DEBUG:__main__:[Stage4] frame 337: none box=None
DEBUG:__main__:[Stage4] frame 338: none box=None
DEBUG:__main__:[Stage4] frame 339: none box=None
DEBUG:__main__:[Stage4] frame 340: none box=None
DEBUG:__main__:[Stage4] frame 341: none box=None
DEBUG:__main__:[Stage4] frame 342: none box=None
DEBUG:__main__:[Stage4] frame 343: none box=None
DEBUG:__main__:[Stage4] frame 344: none box=None
DEBUG:__main__:[Stage4] frame 345: none box=None
DEBUG:__main__:[Stage4] frame 346: none box=None
DEBUG:__main__:[Stage4] frame 347: none box=None
DEBUG:__main__:[Stage4] frame 348: none box=None
DEBUG:__main__:[Stage4] frame 349: none box=None
DEBUG:__main__:[Stage4] frame 350: none box=None
DEBUG:__main__:[Stage4] frame 351: none box=None
DEBUG:__main__:[Stage4] frame 352: none box=None
DEBUG:__main__:[Stage4] frame 353: none box=None
DEBUG:__main__:[Stage4] frame 354: none box=None
DEBUG:__main__:[Stage4] frame 355: none box=None
DEBUG:__main__:[Stage4] frame 356: none box=None
DEBUG:__main__:[Stage4] frame 357: none box=None
DEBUG:__main__:[Stage4] frame 358: none box=None
DEBUG:__main__:[Stage4] frame 359: none box=None
DEBUG:__main__:[Stage4] frame 360: none box=None
DEBUG:__main__:[Stage4] frame 361: none box=None
DEBUG:__main__:[Stage4] frame 362: none box=None
DEBUG:__main__:[Stage4] frame 363: none box=None
DEBUG:__main__:[Stage4] frame 364: none box=None
DEBUG:__main__:[Stage4] frame 365: none box=None
DEBUG:__main__:[Stage4] frame 366: none box=None
DEBUG:__main__:[Stage4] frame 367: none box=None
DEBUG:__main__:[Stage4] frame 368: none box=None
DEBUG:__main__:[Stage4] frame 369: none box=None
DEBUG:__main__:[Stage4] frame 370: none box=None
DEBUG:__main__:[Stage4] frame 371: none box=None
DEBUG:__main__:[Stage4] frame 372: none box=None
DEBUG:__main__:[Stage4] frame 373: none box=None
DEBUG:__main__:[Stage4] frame 374: none box=None
DEBUG:__main__:[Stage4] frame 375: none box=None
DEBUG:__main__:[Stage4] frame 376: none box=None
DEBUG:__main__:[Stage4] frame 377: none box=None
DEBUG:__main__:[Stage4] frame 378: none box=None
DEBUG:__main__:[Stage4] frame 379: none box=None
DEBUG:__main__:[Stage4] frame 380: none box=None
DEBUG:__main__:[Stage4] frame 381: none box=None
DEBUG:__main__:[Stage4] frame 382: none box=None
DEBUG:__main__:[Stage4] frame 383: none box=None
DEBUG:__main__:[Stage4] frame 384: none box=None
DEBUG:__main__:[Stage4] frame 385: none box=None
DEBUG:__main__:[Stage4] frame 386: none box=None
DEBUG:__main__:[Stage4] frame 387: none box=None
DEBUG:__main__:[Stage4] frame 388: none box=None
DEBUG:__main__:[Stage4] frame 389: none box=None
DEBUG:__main__:[Stage4] frame 390: none box=None
DEBUG:__main__:[Stage4] frame 391: none box=None
DEBUG:__main__:[Stage4] frame 392: none box=None
DEBUG:__main__:[Stage4] frame 393: none box=None
DEBUG:__main__:[Stage4] frame 394: none box=None
DEBUG:__main__:[Stage4] frame 395: none box=None
DEBUG:__main__:[Stage4] frame 396: none box=None
DEBUG:__main__:[Stage4] frame 397: none box=None
DEBUG:__main__:[Stage4] frame 398: none box=None
DEBUG:__main__:[Stage4] frame 399: none box=None
DEBUG:__main__:[Stage4] frame 400: none box=None
DEBUG:__main__:[Stage4] frame 401: none box=None
DEBUG:__main__:[Stage4] frame 402: none box=None
DEBUG:__main__:[Stage4] frame 403: none box=None
DEBUG:__main__:[Stage4] frame 404: none box=None
DEBUG:__main__:[Stage4] frame 405: none box=None
DEBUG:__main__:[Stage4] frame 406: none box=None
DEBUG:__main__:[Stage4] frame 407: none box=None
DEBUG:__main__:[Stage4] frame 408: none box=None
DEBUG:__main__:[Stage4] frame 409: none box=None
DEBUG:__main__:[Stage4] frame 410: none box=None
DEBUG:__main__:[Stage4] frame 411: none box=None
DEBUG:__main__:[Stage4] frame 412: none box=None
DEBUG:__main__:[Stage4] frame 413: none box=None
DEBUG:__main__:[Stage4] frame 414: none box=None
DEBUG:__main__:[Stage4] frame 415: none box=None
DEBUG:__main__:[Stage4] frame 416: none box=None
DEBUG:__main__:[Stage4] frame 417: none box=None
DEBUG:__main__:[Stage4] frame 418: none box=None
DEBUG:__main__:[Stage4] frame 419: none box=None
DEBUG:__main__:[Stage4] frame 420: none box=None
DEBUG:__main__:[Stage4] frame 421: none box=None
DEBUG:__main__:[Stage4] frame 422: none box=None
DEBUG:__main__:[Stage4] frame 423: none box=None
DEBUG:__main__:[Stage4] frame 424: none box=None
DEBUG:__main__:[Stage4] frame 425: none box=None
DEBUG:__main__:[Stage4] frame 426: none box=None
DEBUG:__main__:[Stage4] frame 427: none box=None
DEBUG:__main__:[Stage4] frame 428: none box=None
DEBUG:__main__:[Stage4] frame 429: none box=None
DEBUG:__main__:[Stage4] frame 430: none box=None
DEBUG:__main__:[Stage4] frame 431: none box=None
DEBUG:__main__:[Stage4] frame 432: none box=None
DEBUG:__main__:[Stage4] frame 433: none box=None
DEBUG:__main__:[Stage4] frame 434: none box=None
DEBUG:__main__:[Stage4] frame 435: none box=None
DEBUG:__main__:[Stage4] frame 436: none box=None
DEBUG:__main__:[Stage4] frame 437: none box=None
DEBUG:__main__:[Stage4] frame 438: none box=None
DEBUG:__main__:[Stage4] frame 439: none box=None
DEBUG:__main__:[Stage4] frame 440: none box=None
DEBUG:__main__:[Stage4] frame 441: none box=None
DEBUG:__main__:[Stage4] frame 442: none box=None
DEBUG:__main__:[Stage4] frame 443: none box=None
DEBUG:__main__:[Stage4] frame 444: none box=None
DEBUG:__main__:[Stage4] frame 445: none box=None
DEBUG:__main__:[Stage4] frame 446: none box=None
DEBUG:__main__:[Stage4] frame 447: none box=None
DEBUG:__main__:[Stage4] frame 448: none box=None
DEBUG:__main__:[Stage4] frame 449: none box=None
DEBUG:__main__:[Stage4] frame 450: none box=None
DEBUG:__main__:[Stage4] frame 451: none box=None
DEBUG:__main__:[Stage4] frame 452: none box=None
DEBUG:__main__:[Stage4] frame 453: none box=None
DEBUG:__main__:[Stage4] frame 454: none box=None
DEBUG:__main__:[Stage4] frame 455: none box=None
DEBUG:__main__:[Stage4] frame 456: none box=None
DEBUG:__main__:[Stage4] frame 457: none box=None
DEBUG:__main__:[Stage4] frame 458: none box=None
DEBUG:__main__:[Stage4] frame 459: none box=None
DEBUG:__main__:[Stage4] frame 460: none box=None
DEBUG:__main__:[Stage4] frame 461: none box=None
DEBUG:__main__:[Stage4] frame 462: none box=None
DEBUG:__main__:[Stage4] frame 463: none box=None
DEBUG:__main__:[Stage4] frame 464: none box=None
DEBUG:__main__:[Stage4] frame 465: none box=None
DEBUG:__main__:[Stage4] frame 466: none box=None
DEBUG:__main__:[Stage4] frame 467: none box=None
DEBUG:__main__:[Stage4] frame 468: none box=None
DEBUG:__main__:[Stage4] frame 469: none box=None
DEBUG:__main__:[Stage4] frame 470: none box=None
DEBUG:__main__:[Stage4] frame 471: none box=None
DEBUG:__main__:[Stage4] frame 472: none box=None
DEBUG:__main__:[Stage4] frame 473: none box=None
DEBUG:__main__:[Stage4] frame 474: none box=None
DEBUG:__main__:[Stage4] frame 475: none box=None
DEBUG:__main__:[Stage4] frame 476: none box=None
DEBUG:__main__:[Stage4] frame 477: none box=None
DEBUG:__main__:[Stage4] frame 478: none box=None
DEBUG:__main__:[Stage4] frame 479: none box=None
DEBUG:__main__:[Stage4] frame 480: none box=None
DEBUG:__main__:[Stage4] frame 481: none box=None
DEBUG:__main__:[Stage4] frame 482: none box=None
DEBUG:__main__:[Stage4] frame 483: none box=None
DEBUG:__main__:[Stage4] frame 484: none box=None
DEBUG:__main__:[Stage4] frame 485: none box=None
DEBUG:__main__:[Stage4] frame 486: none box=None
DEBUG:__main__:[Stage4] frame 487: none box=None
DEBUG:__main__:[Stage4] frame 488: none box=None
DEBUG:__main__:[Stage4] frame 489: none box=None
DEBUG:__main__:[Stage4] frame 490: none box=None
DEBUG:__main__:[Stage4] frame 491: none box=None
DEBUG:__main__:[Stage4] frame 492: none box=None
DEBUG:__main__:[Stage4] frame 493: none box=None
DEBUG:__main__:[Stage4] frame 494: none box=None
DEBUG:__main__:[Stage4] frame 495: none box=None
DEBUG:__main__:[Stage4] frame 496: none box=None
DEBUG:__main__:[Stage4] frame 497: none box=None
DEBUG:__main__:[Stage4] frame 498: none box=None
DEBUG:__main__:[Stage4] frame 499: none box=None
DEBUG:__main__:[Stage4] frame 500: none box=None
DEBUG:__main__:[Stage4] frame 501: none box=None
DEBUG:__main__:[Stage4] frame 502: none box=None
DEBUG:__main__:[Stage4] frame 503: none box=None
DEBUG:__main__:[Stage4] frame 504: none box=None
DEBUG:__main__:[Stage4] frame 505: none box=None
DEBUG:__main__:[Stage4] frame 506: none box=None
DEBUG:__main__:[Stage4] frame 507: none box=None
DEBUG:__main__:[Stage4] frame 508: none box=None
DEBUG:__main__:[Stage4] frame 509: none box=None
DEBUG:__main__:[Stage4] frame 510: none box=None
DEBUG:__main__:[Stage4] frame 511: none box=None
DEBUG:__main__:[Stage4] frame 512: none box=None
DEBUG:__main__:[Stage4] frame 513: none box=None
DEBUG:__main__:[Stage4] frame 514: none box=None
DEBUG:__main__:[Stage4] frame 515: none box=None
DEBUG:__main__:[Stage4] frame 516: none box=None
DEBUG:__main__:[Stage4] frame 517: none box=None
DEBUG:__main__:[Stage4] frame 518: none box=None
DEBUG:__main__:[Stage4] frame 519: none box=None
DEBUG:__main__:[Stage4] frame 520: none box=None
DEBUG:__main__:[Stage4] frame 521: none box=None
DEBUG:__main__:[Stage4] frame 522: none box=None
DEBUG:__main__:[Stage4] frame 523: none box=None
DEBUG:__main__:[Stage4] frame 524: none box=None
DEBUG:__main__:[Stage4] frame 525: none box=None
DEBUG:__main__:[Stage4] frame 526: none box=None
DEBUG:__main__:[Stage4] frame 527: none box=None
DEBUG:__main__:[Stage4] frame 528: none box=None
DEBUG:__main__:[Stage4] frame 529: none box=None
DEBUG:__main__:[Stage4] frame 530: none box=None
DEBUG:__main__:[Stage4] frame 531: none box=None
DEBUG:__main__:[Stage4] frame 532: none box=None
DEBUG:__main__:[Stage4] frame 533: none box=None
DEBUG:__main__:[Stage4] frame 534: none box=None
DEBUG:__main__:[Stage4] frame 535: none box=None
DEBUG:__main__:[Stage4] frame 536: none box=None
DEBUG:__main__:[Stage4] frame 537: none box=None
DEBUG:__main__:[Stage4] frame 538: none box=None
DEBUG:__main__:[Stage4] frame 539: none box=None
DEBUG:__main__:[Stage4] frame 540: none box=None
DEBUG:__main__:[Stage4] frame 541: none box=None
DEBUG:__main__:[Stage4] frame 542: none box=None
DEBUG:__main__:[Stage4] frame 543: none box=None
DEBUG:__main__:[Stage4] frame 544: none box=None
DEBUG:__main__:[Stage4] frame 545: none box=None
DEBUG:__main__:[Stage4] frame 546: none box=None
DEBUG:__main__:[Stage4] frame 547: none box=None
DEBUG:__main__:[Stage4] frame 548: none box=None
DEBUG:__main__:[Stage4] frame 549: none box=None
DEBUG:__main__:[Stage4] frame 550: none box=None
DEBUG:__main__:[Stage4] frame 551: none box=None
DEBUG:__main__:[Stage4] frame 552: none box=None
DEBUG:__main__:[Stage4] frame 553: none box=None
DEBUG:__main__:[Stage4] frame 554: none box=None
DEBUG:__main__:[Stage4] frame 555: none box=None
DEBUG:__main__:[Stage4] frame 556: none box=None
DEBUG:__main__:[Stage4] frame 557: none box=None
DEBUG:__main__:[Stage4] frame 558: none box=None
DEBUG:__main__:[Stage4] frame 559: none box=None
DEBUG:__main__:[Stage4] frame 560: none box=None
DEBUG:__main__:[Stage4] frame 561: none box=None
DEBUG:__main__:[Stage4] frame 562: none box=None
DEBUG:__main__:[Stage4] frame 563: none box=None
DEBUG:__main__:[Stage4] frame 564: none box=None
DEBUG:__main__:[Stage4] frame 565: none box=None
DEBUG:__main__:[Stage4] frame 566: none box=None
DEBUG:__main__:[Stage4] frame 567: none box=None
DEBUG:__main__:[Stage4] frame 568: none box=None
DEBUG:__main__:[Stage4] frame 569: none box=None
DEBUG:__main__:[Stage4] frame 570: none box=None
DEBUG:__main__:[Stage4] frame 571: none box=None
DEBUG:__main__:[Stage4] frame 572: none box=None
DEBUG:__main__:[Stage4] frame 573: none box=None
DEBUG:__main__:[Stage4] frame 574: none box=None
DEBUG:__main__:[Stage4] frame 575: none box=None
DEBUG:__main__:[Stage4] frame 576: none box=None
DEBUG:__main__:[Stage4] frame 577: none box=None
DEBUG:__main__:[Stage4] frame 578: none box=None
DEBUG:__main__:[Stage4] frame 579: none box=None
DEBUG:__main__:[Stage4] frame 580: none box=None
DEBUG:__main__:[Stage4] frame 581: none box=None
DEBUG:__main__:[Stage4] frame 582: none box=None
DEBUG:__main__:[Stage4] frame 583: none box=None
DEBUG:__main__:[Stage4] frame 584: none box=None
DEBUG:__main__:[Stage4] frame 585: none box=None
DEBUG:__main__:[Stage4] frame 586: none box=None
DEBUG:__main__:[Stage4] frame 587: none box=None
DEBUG:__main__:[Stage4] frame 588: none box=None
DEBUG:__main__:[Stage4] frame 589: none box=None
DEBUG:__main__:[Stage4] frame 590: none box=None
DEBUG:__main__:[Stage4] frame 591: none box=None
DEBUG:__main__:[Stage4] frame 592: none box=None
DEBUG:__main__:[Stage4] frame 593: none box=None
DEBUG:__main__:[Stage4] frame 594: none box=None
DEBUG:__main__:[Stage4] frame 595: none box=None
DEBUG:__main__:[Stage4] frame 596: none box=None
DEBUG:__main__:[Stage4] frame 597: none box=None
DEBUG:__main__:[Stage4] frame 598: none box=None
DEBUG:__main__:[Stage4] frame 599: none box=None
DEBUG:__main__:[Stage4] frame 600: none box=None
DEBUG:__main__:[Stage4] frame 601: none box=None
DEBUG:__main__:[Stage4] frame 602: none box=None
DEBUG:__main__:[Stage4] frame 603: none box=None
DEBUG:__main__:[Stage4] frame 604: none box=None
DEBUG:__main__:[Stage4] frame 605: none box=None
DEBUG:__main__:[Stage4] frame 606: none box=None
DEBUG:__main__:[Stage4] frame 607: none box=None
DEBUG:__main__:[Stage4] frame 608: none box=None
DEBUG:__main__:[Stage4] frame 609: none box=None
DEBUG:__main__:[Stage4] frame 610: none box=None
DEBUG:__main__:[Stage4] frame 611: none box=None
DEBUG:__main__:[Stage4] frame 612: none box=None
DEBUG:__main__:[Stage4] frame 613: none box=None
DEBUG:__main__:[Stage4] frame 614: none box=None
DEBUG:__main__:[Stage4] frame 615: none box=None
DEBUG:__main__:[Stage4] frame 616: none box=None
DEBUG:__main__:[Stage4] frame 617: none box=None
DEBUG:__main__:[Stage4] frame 618: none box=None
DEBUG:__main__:[Stage4] frame 619: none box=None
DEBUG:__main__:[Stage4] frame 620: none box=None
DEBUG:__main__:[Stage4] frame 621: none box=None
DEBUG:__main__:[Stage4] frame 622: none box=None
DEBUG:__main__:[Stage4] frame 623: none box=None
DEBUG:__main__:[Stage4] frame 624: none box=None
DEBUG:__main__:[Stage4] frame 625: none box=None
DEBUG:__main__:[Stage4] frame 626: none box=None
DEBUG:__main__:[Stage4] frame 627: none box=None
DEBUG:__main__:[Stage4] frame 628: none box=None
DEBUG:__main__:[Stage4] frame 629: none box=None
DEBUG:__main__:[Stage4] frame 630: none box=None
DEBUG:__main__:[Stage4] frame 631: none box=None
DEBUG:__main__:[Stage4] frame 632: none box=None
DEBUG:__main__:[Stage4] frame 633: none box=None
DEBUG:__main__:[Stage4] frame 634: none box=None
DEBUG:__main__:[Stage4] frame 635: none box=None
DEBUG:__main__:[Stage4] frame 636: none box=None
DEBUG:__main__:[Stage4] frame 637: none box=None
DEBUG:__main__:[Stage4] frame 638: none box=None
DEBUG:__main__:[Stage4] frame 639: none box=None
DEBUG:__main__:[Stage4] frame 640: none box=None
DEBUG:__main__:[Stage4] frame 641: none box=None
DEBUG:__main__:[Stage4] frame 642: none box=None
DEBUG:__main__:[Stage4] frame 643: none box=None
DEBUG:__main__:[Stage4] frame 644: none box=None
DEBUG:__main__:[Stage4] frame 645: none box=None
DEBUG:__main__:[Stage4] frame 646: none box=None
DEBUG:__main__:[Stage4] frame 647: none box=None
DEBUG:__main__:[Stage4] frame 648: none box=None
DEBUG:__main__:[Stage4] frame 649: none box=None
DEBUG:__main__:[Stage4] frame 650: none box=None
DEBUG:__main__:[Stage4] frame 651: none box=None
DEBUG:__main__:[Stage4] frame 652: none box=None
DEBUG:__main__:[Stage4] frame 653: none box=None
DEBUG:__main__:[Stage4] frame 654: none box=None
DEBUG:__main__:[Stage4] frame 655: none box=None
DEBUG:__main__:[Stage4] frame 656: none box=None
DEBUG:__main__:[Stage4] frame 657: none box=None
DEBUG:__main__:[Stage4] frame 658: none box=None
DEBUG:__main__:[Stage4] frame 659: none box=None
DEBUG:__main__:[Stage4] frame 660: none box=None
DEBUG:__main__:[Stage4] frame 661: none box=None
DEBUG:__main__:[Stage4] frame 662: none box=None
DEBUG:__main__:[Stage4] frame 663: none box=None
DEBUG:__main__:[Stage4] frame 664: none box=None
DEBUG:__main__:[Stage4] frame 665: none box=None
DEBUG:__main__:[Stage4] frame 666: none box=None
DEBUG:__main__:[Stage4] frame 667: none box=None
DEBUG:__main__:[Stage4] frame 668: none box=None
DEBUG:__main__:[Stage4] frame 669: none box=None
DEBUG:__main__:[Stage4] frame 670: none box=None
DEBUG:__main__:[Stage4] frame 671: none box=None
DEBUG:__main__:[Stage4] frame 672: none box=None
DEBUG:__main__:[Stage4] frame 673: none box=None
DEBUG:__main__:[Stage4] frame 674: none box=None
DEBUG:__main__:[Stage4] frame 675: none box=None
DEBUG:__main__:[Stage4] frame 676: none box=None
DEBUG:__main__:[Stage4] frame 677: none box=None
DEBUG:__main__:[Stage4] frame 678: none box=None
DEBUG:__main__:[Stage4] frame 679: none box=None
DEBUG:__main__:[Stage4] frame 680: none box=None
DEBUG:__main__:[Stage4] frame 681: none box=None
DEBUG:__main__:[Stage4] frame 682: none box=None
DEBUG:__main__:[Stage4] frame 683: none box=None
DEBUG:__main__:[Stage4] frame 684: none box=None
DEBUG:__main__:[Stage4] frame 685: none box=None
DEBUG:__main__:[Stage4] frame 686: none box=None
DEBUG:__main__:[Stage4] frame 687: none box=None
DEBUG:__main__:[Stage4] frame 688: none box=None
DEBUG:__main__:[Stage4] frame 689: none box=None
DEBUG:__main__:[Stage4] frame 690: none box=None
DEBUG:__main__:[Stage4] frame 691: none box=None
DEBUG:__main__:[Stage4] frame 692: none box=None
DEBUG:__main__:[Stage4] frame 693: none box=None
DEBUG:__main__:[Stage4] frame 694: none box=None
DEBUG:__main__:[Stage4] frame 695: none box=None
DEBUG:__main__:[Stage4] frame 696: none box=None
DEBUG:__main__:[Stage4] frame 697: none box=None
DEBUG:__main__:[Stage4] frame 698: none box=None
DEBUG:__main__:[Stage4] frame 699: none box=None
DEBUG:__main__:[Stage4] frame 700: none box=None
DEBUG:__main__:[Stage4] frame 701: none box=None
DEBUG:__main__:[Stage4] frame 702: none box=None
DEBUG:__main__:[Stage4] frame 703: none box=None
DEBUG:__main__:[Stage4] frame 704: none box=None
DEBUG:__main__:[Stage4] frame 705: none box=None
DEBUG:__main__:[Stage4] frame 706: none box=None
DEBUG:__main__:[Stage4] frame 707: none box=None
DEBUG:__main__:[Stage4] frame 708: none box=None
DEBUG:__main__:[Stage4] frame 709: none box=None
DEBUG:__main__:[Stage4] frame 710: none box=None
DEBUG:__main__:[Stage4] frame 711: none box=None
DEBUG:__main__:[Stage4] frame 712: none box=None
DEBUG:__main__:[Stage4] frame 713: none box=None
DEBUG:__main__:[Stage4] frame 714: none box=None
DEBUG:__main__:[Stage4] frame 715: none box=None
DEBUG:__main__:[Stage4] frame 716: none box=None
DEBUG:__main__:[Stage4] frame 717: none box=None
DEBUG:__main__:[Stage4] frame 718: none box=None
DEBUG:__main__:[Stage4] frame 719: none box=None
DEBUG:__main__:[Stage4] frame 720: none box=None
DEBUG:__main__:[Stage4] frame 721: none box=None
DEBUG:__main__:[Stage4] frame 722: none box=None
DEBUG:__main__:[Stage4] frame 723: none box=None
DEBUG:__main__:[Stage4] frame 724: none box=None
DEBUG:__main__:[Stage4] frame 725: none box=None
DEBUG:__main__:[Stage4] frame 726: none box=None
DEBUG:__main__:[Stage4] frame 727: none box=None
DEBUG:__main__:[Stage4] frame 728: none box=None
DEBUG:__main__:[Stage4] frame 729: none box=None
DEBUG:__main__:[Stage4] frame 730: none box=None
DEBUG:__main__:[Stage4] frame 731: none box=None
DEBUG:__main__:[Stage4] frame 732: none box=None
DEBUG:__main__:[Stage4] frame 733: none box=None
DEBUG:__main__:[Stage4] frame 734: none box=None
DEBUG:__main__:[Stage4] frame 735: none box=None
DEBUG:__main__:[Stage4] frame 736: none box=None
DEBUG:__main__:[Stage4] frame 737: none box=None
DEBUG:__main__:[Stage4] frame 738: none box=None
DEBUG:__main__:[Stage4] frame 739: none box=None
DEBUG:__main__:[Stage4] frame 740: none box=None
DEBUG:__main__:[Stage4] frame 741: none box=None
DEBUG:__main__:[Stage4] frame 742: none box=None
DEBUG:__main__:[Stage4] frame 743: none box=None
DEBUG:__main__:[Stage4] frame 744: none box=None
DEBUG:__main__:[Stage4] frame 745: none box=None
DEBUG:__main__:[Stage4] frame 746: none box=None
DEBUG:__main__:[Stage4] frame 747: none box=None
DEBUG:__main__:[Stage4] frame 748: none box=None
DEBUG:__main__:[Stage4] frame 749: none box=None
DEBUG:__main__:[Stage4] frame 750: none box=None
DEBUG:__main__:[Stage4] frame 751: none box=None
DEBUG:__main__:[Stage4] frame 752: none box=None
DEBUG:__main__:[Stage4] frame 753: none box=None
DEBUG:__main__:[Stage4] frame 754: none box=None
DEBUG:__main__:[Stage4] frame 755: none box=None
DEBUG:__main__:[Stage4] frame 756: none box=None
DEBUG:__main__:[Stage4] frame 757: none box=None
DEBUG:__main__:[Stage4] frame 758: none box=None
DEBUG:__main__:[Stage4] frame 759: none box=None
DEBUG:__main__:[Stage4] frame 760: none box=None
DEBUG:__main__:[Stage4] frame 761: none box=None
DEBUG:__main__:[Stage4] frame 762: none box=None
DEBUG:__main__:[Stage4] frame 763: none box=None
DEBUG:__main__:[Stage4] frame 764: none box=None
DEBUG:__main__:[Stage4] frame 765: none box=None
DEBUG:__main__:[Stage4] frame 766: none box=None
DEBUG:__main__:[Stage4] frame 767: none box=None
DEBUG:__main__:[Stage4] frame 768: none box=None
DEBUG:__main__:[Stage4] frame 769: none box=None
DEBUG:__main__:[Stage4] frame 770: none box=None
DEBUG:__main__:[Stage4] frame 771: none box=None
DEBUG:__main__:[Stage4] frame 772: none box=None
DEBUG:__main__:[Stage4] frame 773: none box=None
DEBUG:__main__:[Stage4] frame 774: none box=None
DEBUG:__main__:[Stage4] frame 775: none box=None
DEBUG:__main__:[Stage4] frame 776: none box=None
DEBUG:__main__:[Stage4] frame 777: none box=None
DEBUG:__main__:[Stage4] frame 778: none box=None
DEBUG:__main__:[Stage4] frame 779: none box=None
DEBUG:__main__:[Stage4] frame 780: none box=None
DEBUG:__main__:[Stage4] frame 781: none box=None
DEBUG:__main__:[Stage4] frame 782: none box=None
DEBUG:__main__:[Stage4] frame 783: none box=None
DEBUG:__main__:[Stage4] frame 784: none box=None
DEBUG:__main__:[Stage4] frame 785: none box=None
DEBUG:__main__:[Stage4] frame 786: none box=None
DEBUG:__main__:[Stage4] frame 787: none box=None
DEBUG:__main__:[Stage4] frame 788: none box=None
DEBUG:__main__:[Stage4] frame 789: none box=None
DEBUG:__main__:[Stage4] frame 790: none box=None
DEBUG:__main__:[Stage4] frame 791: none box=None
DEBUG:__main__:[Stage4] frame 792: none box=None
DEBUG:__main__:[Stage4] frame 793: none box=None
DEBUG:__main__:[Stage4] frame 794: none box=None
DEBUG:__main__:[Stage4] frame 795: none box=None
DEBUG:__main__:[Stage4] frame 796: none box=None
DEBUG:__main__:[Stage4] frame 797: none box=None
DEBUG:__main__:[Stage4] frame 798: none box=None
DEBUG:__main__:[Stage4] frame 799: none box=None
DEBUG:__main__:[Stage4] frame 800: none box=None
DEBUG:__main__:[Stage4] frame 801: none box=None
DEBUG:__main__:[Stage4] frame 802: none box=None
DEBUG:__main__:[Stage4] frame 803: none box=None
DEBUG:__main__:[Stage4] frame 804: none box=None
DEBUG:__main__:[Stage4] frame 805: none box=None
DEBUG:__main__:[Stage4] frame 806: none box=None
DEBUG:__main__:[Stage4] frame 807: none box=None
DEBUG:__main__:[Stage4] frame 808: none box=None
DEBUG:__main__:[Stage4] frame 809: none box=None
DEBUG:__main__:[Stage4] frame 810: none box=None
DEBUG:__main__:[Stage4] frame 811: none box=None
DEBUG:__main__:[Stage4] frame 812: none box=None
DEBUG:__main__:[Stage4] frame 813: none box=None
DEBUG:__main__:[Stage4] frame 814: none box=None
DEBUG:__main__:[Stage4] frame 815: none box=None
DEBUG:__main__:[Stage4] frame 816: none box=None
DEBUG:__main__:[Stage4] frame 817: none box=None
DEBUG:__main__:[Stage4] frame 818: none box=None
DEBUG:__main__:[Stage4] frame 819: none box=None
DEBUG:__main__:[Stage4] frame 820: none box=None
DEBUG:__main__:[Stage4] frame 821: none box=None
DEBUG:__main__:[Stage4] frame 822: none box=None
DEBUG:__main__:[Stage4] frame 823: none box=None
DEBUG:__main__:[Stage4] frame 824: none box=None
DEBUG:__main__:[Stage4] frame 825: none box=None
DEBUG:__main__:[Stage4] frame 826: none box=None
DEBUG:__main__:[Stage4] frame 827: none box=None
DEBUG:__main__:[Stage4] frame 828: none box=None
DEBUG:__main__:[Stage4] frame 829: none box=None
DEBUG:__main__:[Stage4] frame 830: none box=None
DEBUG:__main__:[Stage4] frame 831: none box=None
DEBUG:__main__:[Stage4] frame 832: none box=None
DEBUG:__main__:[Stage4] frame 833: none box=None
DEBUG:__main__:[Stage4] frame 834: none box=None
DEBUG:__main__:[Stage4] frame 835: none box=None
DEBUG:__main__:[Stage4] frame 836: none box=None
DEBUG:__main__:[Stage4] frame 837: none box=None
DEBUG:__main__:[Stage4] frame 838: none box=None
DEBUG:__main__:[Stage4] frame 839: none box=None
DEBUG:__main__:[Stage4] frame 840: none box=None
DEBUG:__main__:[Stage4] frame 841: none box=None
DEBUG:__main__:[Stage4] frame 842: none box=None
DEBUG:__main__:[Stage4] frame 843: none box=None
DEBUG:__main__:[Stage4] frame 844: none box=None
DEBUG:__main__:[Stage4] frame 845: none box=None
DEBUG:__main__:[Stage4] frame 846: none box=None
DEBUG:__main__:[Stage4] frame 847: none box=None
DEBUG:__main__:[Stage4] frame 848: none box=None
DEBUG:__main__:[Stage4] frame 849: none box=None
DEBUG:__main__:[Stage4] frame 850: none box=None
DEBUG:__main__:[Stage4] frame 851: none box=None
DEBUG:__main__:[Stage4] frame 852: none box=None
DEBUG:__main__:[Stage4] frame 853: none box=None
DEBUG:__main__:[Stage4] frame 854: none box=None
DEBUG:__main__:[Stage4] frame 855: none box=None
DEBUG:__main__:[Stage4] frame 856: none box=None
DEBUG:__main__:[Stage4] frame 857: none box=None
DEBUG:__main__:[Stage4] frame 858: none box=None
DEBUG:__main__:[Stage4] frame 859: none box=None
DEBUG:__main__:[Stage4] frame 860: none box=None
DEBUG:__main__:[Stage4] frame 861: none box=None
DEBUG:__main__:[Stage4] frame 862: none box=None
DEBUG:__main__:[Stage4] frame 863: none box=None
DEBUG:__main__:[Stage4] frame 864: none box=None
DEBUG:__main__:[Stage4] frame 865: none box=None
DEBUG:__main__:[Stage4] frame 866: none box=None
DEBUG:__main__:[Stage4] frame 867: none box=None
DEBUG:__main__:[Stage4] frame 868: none box=None
DEBUG:__main__:[Stage4] frame 869: none box=None
DEBUG:__main__:[Stage4] frame 870: none box=None
DEBUG:__main__:[Stage4] frame 871: none box=None
DEBUG:__main__:[Stage4] frame 872: none box=None
DEBUG:__main__:[Stage4] frame 873: none box=None
DEBUG:__main__:[Stage4] frame 874: none box=None
DEBUG:__main__:[Stage4] frame 875: none box=None
DEBUG:__main__:[Stage4] frame 876: none box=None
DEBUG:__main__:[Stage4] frame 877: none box=None
DEBUG:__main__:[Stage4] frame 878: none box=None
DEBUG:__main__:[Stage4] frame 879: none box=None
DEBUG:__main__:[Stage4] frame 880: none box=None
DEBUG:__main__:[Stage4] frame 881: none box=None
DEBUG:__main__:[Stage4] frame 882: none box=None
DEBUG:__main__:[Stage4] frame 883: none box=None
DEBUG:__main__:[Stage4] frame 884: none box=None
DEBUG:__main__:[Stage4] frame 885: none box=None
DEBUG:__main__:[Stage4] frame 886: none box=None
DEBUG:__main__:[Stage4] frame 887: none box=None
DEBUG:__main__:[Stage4] frame 888: none box=None
DEBUG:__main__:[Stage4] frame 889: none box=None
DEBUG:__main__:[Stage4] frame 890: none box=None
DEBUG:__main__:[Stage4] frame 891: none box=None
DEBUG:__main__:[Stage4] frame 892: none box=None
DEBUG:__main__:[Stage4] frame 893: none box=None
DEBUG:__main__:[Stage4] frame 894: none box=None
DEBUG:__main__:[Stage4] frame 895: none box=None
DEBUG:__main__:[Stage4] frame 896: none box=None
DEBUG:__main__:[Stage4] frame 897: none box=None
DEBUG:__main__:[Stage4] frame 898: none box=None
DEBUG:__main__:[Stage4] frame 899: none box=None
DEBUG:__main__:[Stage4] frame 900: none box=None
DEBUG:__main__:[Stage4] frame 901: none box=None
DEBUG:__main__:[Stage4] frame 902: none box=None
DEBUG:__main__:[Stage4] frame 903: none box=None
DEBUG:__main__:[Stage4] frame 904: none box=None
DEBUG:__main__:[Stage4] frame 905: none box=None
DEBUG:__main__:[Stage4] frame 906: none box=None
DEBUG:__main__:[Stage4] frame 907: none box=None
DEBUG:__main__:[Stage4] frame 908: none box=None
DEBUG:__main__:[Stage4] frame 909: none box=None
DEBUG:__main__:[Stage4] frame 910: none box=None
DEBUG:__main__:[Stage4] frame 911: none box=None
DEBUG:__main__:[Stage4] frame 912: none box=None
DEBUG:__main__:[Stage4] frame 913: none box=None
DEBUG:__main__:[Stage4] frame 914: none box=None
DEBUG:__main__:[Stage4] frame 915: none box=None
DEBUG:__main__:[Stage4] frame 916: none box=None
DEBUG:__main__:[Stage4] frame 917: none box=None
DEBUG:__main__:[Stage4] frame 918: none box=None
DEBUG:__main__:[Stage4] frame 919: none box=None
DEBUG:__main__:[Stage4] frame 920: none box=None
DEBUG:__main__:[Stage4] frame 921: none box=None
DEBUG:__main__:[Stage4] frame 922: none box=None
DEBUG:__main__:[Stage4] frame 923: none box=None
DEBUG:__main__:[Stage4] frame 924: none box=None
DEBUG:__main__:[Stage4] frame 925: none box=None
DEBUG:__main__:[Stage4] frame 926: none box=None
DEBUG:__main__:[Stage4] frame 927: none box=None
DEBUG:__main__:[Stage4] frame 928: none box=None
DEBUG:__main__:[Stage4] frame 929: none box=None
DEBUG:__main__:[Stage4] frame 930: none box=None
DEBUG:__main__:[Stage4] frame 931: none box=None
DEBUG:__main__:[Stage4] frame 932: none box=None
DEBUG:__main__:[Stage4] frame 933: none box=None
DEBUG:__main__:[Stage4] frame 934: none box=None
DEBUG:__main__:[Stage4] frame 935: none box=None
DEBUG:__main__:[Stage4] frame 936: none box=None
DEBUG:__main__:[Stage4] frame 937: none box=None
DEBUG:__main__:[Stage4] frame 938: none box=None
DEBUG:__main__:[Stage4] frame 939: none box=None
DEBUG:__main__:[Stage4] frame 940: none box=None
DEBUG:__main__:[Stage4] frame 941: none box=None
DEBUG:__main__:[Stage4] frame 942: none box=None
DEBUG:__main__:[Stage4] frame 943: none box=None
DEBUG:__main__:[Stage4] frame 944: none box=None
DEBUG:__main__:[Stage4] frame 945: none box=None
DEBUG:__main__:[Stage4] frame 946: none box=None
DEBUG:__main__:[Stage4] frame 947: none box=None
DEBUG:__main__:[Stage4] frame 948: none box=None
DEBUG:__main__:[Stage4] frame 949: none box=None
DEBUG:__main__:[Stage4] frame 950: none box=None
DEBUG:__main__:[Stage4] frame 951: none box=None
DEBUG:__main__:[Stage4] frame 952: none box=None
DEBUG:__main__:[Stage4] frame 953: none box=None
DEBUG:__main__:[Stage4] frame 954: none box=None
DEBUG:__main__:[Stage4] frame 955: none box=None
DEBUG:__main__:[Stage4] frame 956: none box=None
DEBUG:__main__:[Stage4] frame 957: none box=None
DEBUG:__main__:[Stage4] frame 958: none box=None
DEBUG:__main__:[Stage4] frame 959: none box=None
DEBUG:__main__:[Stage4] frame 960: none box=None
DEBUG:__main__:[Stage4] frame 961: none box=None
DEBUG:__main__:[Stage4] frame 962: none box=None
DEBUG:__main__:[Stage4] frame 963: none box=None
DEBUG:__main__:[Stage4] frame 964: none box=None
DEBUG:__main__:[Stage4] frame 965: none box=None
DEBUG:__main__:[Stage4] frame 966: none box=None
DEBUG:__main__:[Stage4] frame 967: none box=None
DEBUG:__main__:[Stage4] frame 968: none box=None
DEBUG:__main__:[Stage4] frame 969: none box=None
DEBUG:__main__:[Stage4] frame 970: none box=None
DEBUG:__main__:[Stage4] frame 971: none box=None
DEBUG:__main__:[Stage4] frame 972: none box=None
DEBUG:__main__:[Stage4] frame 973: none box=None
DEBUG:__main__:[Stage4] frame 974: none box=None
DEBUG:__main__:[Stage4] frame 975: none box=None
DEBUG:__main__:[Stage4] frame 976: none box=None
DEBUG:__main__:[Stage4] frame 977: none box=None
DEBUG:__main__:[Stage4] frame 978: none box=None
DEBUG:__main__:[Stage4] frame 979: none box=None
DEBUG:__main__:[Stage4] frame 980: none box=None
DEBUG:__main__:[Stage4] frame 981: none box=None
DEBUG:__main__:[Stage4] frame 982: none box=None
DEBUG:__main__:[Stage4] frame 983: none box=None
DEBUG:__main__:[Stage4] frame 984: none box=None
DEBUG:__main__:[Stage4] frame 985: none box=None
DEBUG:__main__:[Stage4] frame 986: none box=None
DEBUG:__main__:[Stage4] frame 987: none box=None
DEBUG:__main__:[Stage4] frame 988: none box=None
DEBUG:__main__:[Stage4] frame 989: none box=None
DEBUG:__main__:[Stage4] frame 990: none box=None
DEBUG:__main__:[Stage4] frame 991: none box=None
DEBUG:__main__:[Stage4] frame 992: none box=None
DEBUG:__main__:[Stage4] frame 993: none box=None
DEBUG:__main__:[Stage4] frame 994: none box=None
DEBUG:__main__:[Stage4] frame 995: none box=None
DEBUG:__main__:[Stage4] frame 996: none box=None
DEBUG:__main__:[Stage4] frame 997: none box=None
DEBUG:__main__:[Stage4] frame 998: none box=None
DEBUG:__main__:[Stage4] frame 999: none box=None
DEBUG:__main__:[Stage4] frame 1000: none box=None
DEBUG:__main__:[Stage4] frame 1001: none box=None
DEBUG:__main__:[Stage4] frame 1002: none box=None
DEBUG:__main__:[Stage4] frame 1003: none box=None
DEBUG:__main__:[Stage4] frame 1004: none box=None
DEBUG:__main__:[Stage4] frame 1005: none box=None
DEBUG:__main__:[Stage4] frame 1006: none box=None
DEBUG:__main__:[Stage4] frame 1007: none box=None
DEBUG:__main__:[Stage4] frame 1008: none box=None
DEBUG:__main__:[Stage4] frame 1009: none box=None
DEBUG:__main__:[Stage4] frame 1010: none box=None
DEBUG:__main__:[Stage4] frame 1011: none box=None
DEBUG:__main__:[Stage4] frame 1012: none box=None
DEBUG:__main__:[Stage4] frame 1013: none box=None
DEBUG:__main__:[Stage4] frame 1014: none box=None
DEBUG:__main__:[Stage4] frame 1015: none box=None
DEBUG:__main__:[Stage4] frame 1016: none box=None
DEBUG:__main__:[Stage4] frame 1017: none box=None
DEBUG:__main__:[Stage4] frame 1018: none box=None
DEBUG:__main__:[Stage4] frame 1019: none box=None
DEBUG:__main__:[Stage4] frame 1020: none box=None
DEBUG:__main__:[Stage4] frame 1021: none box=None
DEBUG:__main__:[Stage4] frame 1022: none box=None
DEBUG:__main__:[Stage4] frame 1023: none box=None
DEBUG:__main__:[Stage4] frame 1024: none box=None
DEBUG:__main__:[Stage4] frame 1025: none box=None
DEBUG:__main__:[Stage4] frame 1026: none box=None
DEBUG:__main__:[Stage4] frame 1027: none box=None
DEBUG:__main__:[Stage4] frame 1028: none box=None
DEBUG:__main__:[Stage4] frame 1029: none box=None
DEBUG:__main__:[Stage4] frame 1030: none box=None
DEBUG:__main__:[Stage4] frame 1031: none box=None
DEBUG:__main__:[Stage4] frame 1032: none box=None
DEBUG:__main__:[Stage4] frame 1033: none box=None
DEBUG:__main__:[Stage4] frame 1034: none box=None
DEBUG:__main__:[Stage4] frame 1035: none box=None
DEBUG:__main__:[Stage4] frame 1036: none box=None
DEBUG:__main__:[Stage4] frame 1037: none box=None
DEBUG:__main__:[Stage4] frame 1038: none box=None
DEBUG:__main__:[Stage4] frame 1039: none box=None
DEBUG:__main__:[Stage4] frame 1040: none box=None
DEBUG:__main__:[Stage4] frame 1041: none box=None
DEBUG:__main__:[Stage4] frame 1042: none box=None
DEBUG:__main__:[Stage4] frame 1043: none box=None
DEBUG:__main__:[Stage4] frame 1044: none box=None
DEBUG:__main__:[Stage4] frame 1045: none box=None
DEBUG:__main__:[Stage4] frame 1046: none box=None
DEBUG:__main__:[Stage4] frame 1047: none box=None
DEBUG:__main__:[Stage4] frame 1048: none box=None
DEBUG:__main__:[Stage4] frame 1049: none box=None
DEBUG:__main__:[Stage4] frame 1050: none box=None
DEBUG:__main__:[Stage4] frame 1051: none box=None
DEBUG:__main__:[Stage4] frame 1052: none box=None
DEBUG:__main__:[Stage4] frame 1053: none box=None
DEBUG:__main__:[Stage4] frame 1054: none box=None
DEBUG:__main__:[Stage4] frame 1055: none box=None
DEBUG:__main__:[Stage4] frame 1056: none box=None
DEBUG:__main__:[Stage4] frame 1057: none box=None
DEBUG:__main__:[Stage4] frame 1058: none box=None
DEBUG:__main__:[Stage4] frame 1059: none box=None
DEBUG:__main__:[Stage4] frame 1060: none box=None
DEBUG:__main__:[Stage4] frame 1061: none box=None
DEBUG:__main__:[Stage4] frame 1062: none box=None
DEBUG:__main__:[Stage4] frame 1063: none box=None
DEBUG:__main__:[Stage4] frame 1064: none box=None
DEBUG:__main__:[Stage4] frame 1065: none box=None
DEBUG:__main__:[Stage4] frame 1066: none box=None
DEBUG:__main__:[Stage4] frame 1067: none box=None
DEBUG:__main__:[Stage4] frame 1068: none box=None
DEBUG:__main__:[Stage4] frame 1069: none box=None
DEBUG:__main__:[Stage4] frame 1070: none box=None
DEBUG:__main__:[Stage4] frame 1071: none box=None
DEBUG:__main__:[Stage4] frame 1072: none box=None
DEBUG:__main__:[Stage4] frame 1073: none box=None
DEBUG:__main__:[Stage4] frame 1074: none box=None
DEBUG:__main__:[Stage4] frame 1075: none box=None
DEBUG:__main__:[Stage4] frame 1076: none box=None
DEBUG:__main__:[Stage4] frame 1077: none box=None
DEBUG:__main__:[Stage4] frame 1078: none box=None
DEBUG:__main__:[Stage4] frame 1079: none box=None
DEBUG:__main__:[Stage4] frame 1080: none box=None
DEBUG:__main__:[Stage4] frame 1081: none box=None
DEBUG:__main__:[Stage4] frame 1082: none box=None
DEBUG:__main__:[Stage4] frame 1083: none box=None
DEBUG:__main__:[Stage4] frame 1084: none box=None
DEBUG:__main__:[Stage4] frame 1085: none box=None
DEBUG:__main__:[Stage4] frame 1086: none box=None
DEBUG:__main__:[Stage4] frame 1087: none box=None
DEBUG:__main__:[Stage4] frame 1088: none box=None
DEBUG:__main__:[Stage4] frame 1089: none box=None
DEBUG:__main__:[Stage4] frame 1090: none box=None
DEBUG:__main__:[Stage4] frame 1091: none box=None
DEBUG:__main__:[Stage4] frame 1092: none box=None
DEBUG:__main__:[Stage4] frame 1093: none box=None
DEBUG:__main__:[Stage4] frame 1094: none box=None
DEBUG:__main__:[Stage4] frame 1095: none box=None
DEBUG:__main__:[Stage4] frame 1096: none box=None
DEBUG:__main__:[Stage4] frame 1097: none box=None
DEBUG:__main__:[Stage4] frame 1098: none box=None
DEBUG:__main__:[Stage4] frame 1099: none box=None
DEBUG:__main__:[Stage4] frame 1100: none box=None
DEBUG:__main__:[Stage4] frame 1101: none box=None
DEBUG:__main__:[Stage4] frame 1102: none box=None
DEBUG:__main__:[Stage4] frame 1103: none box=None
DEBUG:__main__:[Stage4] frame 1104: none box=None
DEBUG:__main__:[Stage4] frame 1105: none box=None
DEBUG:__main__:[Stage4] frame 1106: none box=None
DEBUG:__main__:[Stage4] frame 1107: none box=None
DEBUG:__main__:[Stage4] frame 1108: none box=None
DEBUG:__main__:[Stage4] frame 1109: none box=None
DEBUG:__main__:[Stage4] frame 1110: none box=None
DEBUG:__main__:[Stage4] frame 1111: none box=None
DEBUG:__main__:[Stage4] frame 1112: none box=None
DEBUG:__main__:[Stage4] frame 1113: none box=None
DEBUG:__main__:[Stage4] frame 1114: none box=None
DEBUG:__main__:[Stage4] frame 1115: none box=None
DEBUG:__main__:[Stage4] frame 1116: none box=None
DEBUG:__main__:[Stage4] frame 1117: none box=None
DEBUG:__main__:[Stage4] frame 1118: none box=None
DEBUG:__main__:[Stage4] frame 1119: none box=None
DEBUG:__main__:[Stage4] frame 1120: none box=None
DEBUG:__main__:[Stage4] frame 1121: none box=None
DEBUG:__main__:[Stage4] frame 1122: none box=None
DEBUG:__main__:[Stage4] frame 1123: none box=None
DEBUG:__main__:[Stage4] frame 1124: none box=None
DEBUG:__main__:[Stage4] frame 1125: none box=None
DEBUG:__main__:[Stage4] frame 1126: none box=None
DEBUG:__main__:[Stage4] frame 1127: none box=None
DEBUG:__main__:[Stage4] frame 1128: none box=None
DEBUG:__main__:[Stage4] frame 1129: none box=None
DEBUG:__main__:[Stage4] frame 1130: none box=None
DEBUG:__main__:[Stage4] frame 1131: none box=None
DEBUG:__main__:[Stage4] frame 1132: none box=None
DEBUG:__main__:[Stage4] frame 1133: none box=None
DEBUG:__main__:[Stage4] frame 1134: none box=None
DEBUG:__main__:[Stage4] frame 1135: none box=None
DEBUG:__main__:[Stage4] frame 1136: none box=None
DEBUG:__main__:[Stage4] frame 1137: none box=None
DEBUG:__main__:[Stage4] frame 1138: none box=None
DEBUG:__main__:[Stage4] frame 1139: none box=None
DEBUG:__main__:[Stage4] frame 1140: none box=None
DEBUG:__main__:[Stage4] frame 1141: none box=None
DEBUG:__main__:[Stage4] frame 1142: none box=None
DEBUG:__main__:[Stage4] frame 1143: none box=None
DEBUG:__main__:[Stage4] frame 1144: none box=None
DEBUG:__main__:[Stage4] frame 1145: none box=None
DEBUG:__main__:[Stage4] frame 1146: none box=None
DEBUG:__main__:[Stage4] frame 1147: none box=None
DEBUG:__main__:[Stage4] frame 1148: none box=None
DEBUG:__main__:[Stage4] frame 1149: none box=None
DEBUG:__main__:[Stage4] frame 1150: none box=None
DEBUG:__main__:[Stage4] frame 1151: none box=None
DEBUG:__main__:[Stage4] frame 1152: none box=None
DEBUG:__main__:[Stage4] frame 1153: none box=None
DEBUG:__main__:[Stage4] frame 1154: none box=None
DEBUG:__main__:[Stage4] frame 1155: none box=None
DEBUG:__main__:[Stage4] frame 1156: none box=None
DEBUG:__main__:[Stage4] frame 1157: none box=None
DEBUG:__main__:[Stage4] frame 1158: none box=None
DEBUG:__main__:[Stage4] frame 1159: none box=None
DEBUG:__main__:[Stage4] frame 1160: none box=None
DEBUG:__main__:[Stage4] frame 1161: none box=None
DEBUG:__main__:[Stage4] frame 1162: none box=None
DEBUG:__main__:[Stage4] frame 1163: none box=None
DEBUG:__main__:[Stage4] frame 1164: none box=None
DEBUG:__main__:[Stage4] frame 1165: none box=None
DEBUG:__main__:[Stage4] frame 1166: none box=None
DEBUG:__main__:[Stage4] frame 1167: none box=None
DEBUG:__main__:[Stage4] frame 1168: none box=None
DEBUG:__main__:[Stage4] frame 1169: none box=None
DEBUG:__main__:[Stage4] frame 1170: none box=None
DEBUG:__main__:[Stage4] frame 1171: none box=None
DEBUG:__main__:[Stage4] frame 1172: none box=None
DEBUG:__main__:[Stage4] frame 1173: none box=None
DEBUG:__main__:[Stage4] frame 1174: none box=None
DEBUG:__main__:[Stage4] frame 1175: none box=None
DEBUG:__main__:[Stage4] frame 1176: none box=None
DEBUG:__main__:[Stage4] frame 1177: none box=None
DEBUG:__main__:[Stage4] frame 1178: none box=None
DEBUG:__main__:[Stage4] frame 1179: none box=None
DEBUG:__main__:[Stage4] frame 1180: none box=None
DEBUG:__main__:[Stage4] frame 1181: none box=None
DEBUG:__main__:[Stage4] frame 1182: none box=None
DEBUG:__main__:[Stage4] frame 1183: none box=None
DEBUG:__main__:[Stage4] frame 1184: none box=None
DEBUG:__main__:[Stage4] frame 1185: none box=None
DEBUG:__main__:[Stage4] frame 1186: none box=None
DEBUG:__main__:[Stage4] frame 1187: none box=None
DEBUG:__main__:[Stage4] frame 1188: none box=None
DEBUG:__main__:[Stage4] frame 1189: none box=None
DEBUG:__main__:[Stage4] frame 1190: none box=None
DEBUG:__main__:[Stage4] frame 1191: none box=None
DEBUG:__main__:[Stage4] frame 1192: none box=None
DEBUG:__main__:[Stage4] frame 1193: none box=None
DEBUG:__main__:[Stage4] frame 1194: none box=None
DEBUG:__main__:[Stage4] frame 1195: none box=None
DEBUG:__main__:[Stage4] frame 1196: none box=None
DEBUG:__main__:[Stage4] frame 1197: none box=None
DEBUG:__main__:[Stage4] frame 1198: none box=None
DEBUG:__main__:[Stage4] frame 1199: none box=None
DEBUG:__main__:[Stage4] frame 1200: none box=None
DEBUG:__main__:[Stage4] frame 1201: none box=None
DEBUG:__main__:[Stage4] frame 1202: none box=None
DEBUG:__main__:[Stage4] frame 1203: none box=None
DEBUG:__main__:[Stage4] frame 1204: none box=None
DEBUG:__main__:[Stage4] frame 1205: none box=None
DEBUG:__main__:[Stage4] frame 1206: none box=None
DEBUG:__main__:[Stage4] frame 1207: none box=None
DEBUG:__main__:[Stage4] frame 1208: none box=None
DEBUG:__main__:[Stage4] frame 1209: none box=None
DEBUG:__main__:[Stage4] frame 1210: none box=None
DEBUG:__main__:[Stage4] frame 1211: none box=None
DEBUG:__main__:[Stage4] frame 1212: none box=None
DEBUG:__main__:[Stage4] frame 1213: none box=None
DEBUG:__main__:[Stage4] frame 1214: none box=None
DEBUG:__main__:[Stage4] frame 1215: none box=None
DEBUG:__main__:[Stage4] frame 1216: none box=None
DEBUG:__main__:[Stage4] frame 1217: none box=None
DEBUG:__main__:[Stage4] frame 1218: none box=None
DEBUG:__main__:[Stage4] frame 1219: none box=None
DEBUG:__main__:[Stage4] frame 1220: none box=None
DEBUG:__main__:[Stage4] frame 1221: none box=None
DEBUG:__main__:[Stage4] frame 1222: none box=None
DEBUG:__main__:[Stage4] frame 1223: none box=None
DEBUG:__main__:[Stage4] frame 1224: none box=None
DEBUG:__main__:[Stage4] frame 1225: none box=None
DEBUG:__main__:[Stage4] frame 1226: none box=None
DEBUG:__main__:[Stage4] frame 1227: none box=None
DEBUG:__main__:[Stage4] frame 1228: none box=None
DEBUG:__main__:[Stage4] frame 1229: none box=None
DEBUG:__main__:[Stage4] frame 1230: none box=None
DEBUG:__main__:[Stage4] frame 1231: none box=None
DEBUG:__main__:[Stage4] frame 1232: none box=None
DEBUG:__main__:[Stage4] frame 1233: none box=None
DEBUG:__main__:[Stage4] frame 1234: none box=None
DEBUG:__main__:[Stage4] frame 1235: none box=None
DEBUG:__main__:[Stage4] frame 1236: none box=None
DEBUG:__main__:[Stage4] frame 1237: none box=None
DEBUG:__main__:[Stage4] frame 1238: none box=None
DEBUG:__main__:[Stage4] frame 1239: none box=None
DEBUG:__main__:[Stage4] frame 1240: none box=None
DEBUG:__main__:[Stage4] frame 1241: none box=None
DEBUG:__main__:[Stage4] frame 1242: none box=None
DEBUG:__main__:[Stage4] frame 1243: none box=None
DEBUG:__main__:[Stage4] frame 1244: none box=None
DEBUG:__main__:[Stage4] frame 1245: none box=None
DEBUG:__main__:[Stage4] frame 1246: none box=None
DEBUG:__main__:[Stage4] frame 1247: none box=None
DEBUG:__main__:[Stage4] frame 1248: none box=None
DEBUG:__main__:[Stage4] frame 1249: none box=None
DEBUG:__main__:[Stage4] frame 1250: none box=None
DEBUG:__main__:[Stage4] frame 1251: none box=None
DEBUG:__main__:[Stage4] frame 1252: none box=None
DEBUG:__main__:[Stage4] frame 1253: none box=None
DEBUG:__main__:[Stage4] frame 1254: none box=None
DEBUG:__main__:[Stage4] frame 1255: none box=None
DEBUG:__main__:[Stage4] frame 1256: none box=None
DEBUG:__main__:[Stage4] frame 1257: none box=None
DEBUG:__main__:[Stage4] frame 1258: none box=None
DEBUG:__main__:[Stage4] frame 1259: none box=None
DEBUG:__main__:[Stage4] frame 1260: none box=None
DEBUG:__main__:[Stage4] frame 1261: none box=None
DEBUG:__main__:[Stage4] frame 1262: none box=None
DEBUG:__main__:[Stage4] frame 1263: none box=None
DEBUG:__main__:[Stage4] frame 1264: none box=None
DEBUG:__main__:[Stage4] frame 1265: none box=None
DEBUG:__main__:[Stage4] frame 1266: none box=None
DEBUG:__main__:[Stage4] frame 1267: none box=None
DEBUG:__main__:[Stage4] frame 1268: none box=None
DEBUG:__main__:[Stage4] frame 1269: none box=None
DEBUG:__main__:[Stage4] frame 1270: none box=None
DEBUG:__main__:[Stage4] frame 1271: none box=None
DEBUG:__main__:[Stage4] frame 1272: none box=None
DEBUG:__main__:[Stage4] frame 1273: none box=None
DEBUG:__main__:[Stage4] frame 1274: none box=None
DEBUG:__main__:[Stage4] frame 1275: none box=None
DEBUG:__main__:[Stage4] frame 1276: none box=None
DEBUG:__main__:[Stage4] frame 1277: none box=None
DEBUG:__main__:[Stage4] frame 1278: none box=None
DEBUG:__main__:[Stage4] frame 1279: none box=None
DEBUG:__main__:[Stage4] frame 1280: none box=None
DEBUG:__main__:[Stage4] frame 1281: none box=None
DEBUG:__main__:[Stage4] frame 1282: none box=None
DEBUG:__main__:[Stage4] frame 1283: none box=None
DEBUG:__main__:[Stage4] frame 1284: none box=None
DEBUG:__main__:[Stage4] frame 1285: none box=None
DEBUG:__main__:[Stage4] frame 1286: none box=None
DEBUG:__main__:[Stage4] frame 1287: none box=None
DEBUG:__main__:[Stage4] frame 1288: none box=None
DEBUG:__main__:[Stage4] frame 1289: none box=None
DEBUG:__main__:[Stage4] frame 1290: none box=None
DEBUG:__main__:[Stage4] frame 1291: none box=None
DEBUG:__main__:[Stage4] frame 1292: none box=None
DEBUG:__main__:[Stage4] frame 1293: none box=None
DEBUG:__main__:[Stage4] frame 1294: none box=None
DEBUG:__main__:[Stage4] frame 1295: none box=None
DEBUG:__main__:[Stage4] frame 1296: none box=None
DEBUG:__main__:[Stage4] frame 1297: none box=None
DEBUG:__main__:[Stage4] frame 1298: none box=None
DEBUG:__main__:[Stage4] frame 1299: none box=None
DEBUG:__main__:[Stage4] frame 1300: none box=None
DEBUG:__main__:[Stage4] frame 1301: none box=None
DEBUG:__main__:[Stage4] frame 1302: none box=None
DEBUG:__main__:[Stage4] frame 1303: none box=None
DEBUG:__main__:[Stage4] frame 1304: none box=None
DEBUG:__main__:[Stage4] frame 1305: none box=None
DEBUG:__main__:[Stage4] frame 1306: none box=None
DEBUG:__main__:[Stage4] frame 1307: none box=None
DEBUG:__main__:[Stage4] frame 1308: none box=None
DEBUG:__main__:[Stage4] frame 1309: none box=None
DEBUG:__main__:[Stage4] frame 1310: none box=None
DEBUG:__main__:[Stage4] frame 1311: none box=None
DEBUG:__main__:[Stage4] frame 1312: none box=None
DEBUG:__main__:[Stage4] frame 1313: none box=None
DEBUG:__main__:[Stage4] frame 1314: none box=None
DEBUG:__main__:[Stage4] frame 1315: none box=None
DEBUG:__main__:[Stage4] frame 1316: none box=None
DEBUG:__main__:[Stage4] frame 1317: none box=None
DEBUG:__main__:[Stage4] frame 1318: none box=None
DEBUG:__main__:[Stage4] frame 1319: none box=None
DEBUG:__main__:[Stage4] frame 1320: none box=None
DEBUG:__main__:[Stage4] frame 1321: none box=None
DEBUG:__main__:[Stage4] frame 1322: none box=None
DEBUG:__main__:[Stage4] frame 1323: none box=None
DEBUG:__main__:[Stage4] frame 1324: none box=None
DEBUG:__main__:[Stage4] frame 1325: none box=None
DEBUG:__main__:[Stage4] frame 1326: none box=None
DEBUG:__main__:[Stage4] frame 1327: none box=None
DEBUG:__main__:[Stage4] frame 1328: none box=None
DEBUG:__main__:[Stage4] frame 1329: none box=None
DEBUG:__main__:[Stage4] frame 1330: none box=None
DEBUG:__main__:[Stage4] frame 1331: none box=None
DEBUG:__main__:[Stage4] frame 1332: none box=None
DEBUG:__main__:[Stage4] frame 1333: none box=None
DEBUG:__main__:[Stage4] frame 1334: none box=None
DEBUG:__main__:[Stage4] frame 1335: none box=None
DEBUG:__main__:[Stage4] frame 1336: none box=None
DEBUG:__main__:[Stage4] frame 1337: none box=None
DEBUG:__main__:[Stage4] frame 1338: none box=None
DEBUG:__main__:[Stage4] frame 1339: none box=None
DEBUG:__main__:[Stage4] frame 1340: none box=None
DEBUG:__main__:[Stage4] frame 1341: none box=None
DEBUG:__main__:[Stage4] frame 1342: none box=None
DEBUG:__main__:[Stage4] frame 1343: none box=None
DEBUG:__main__:[Stage4] frame 1344: none box=None
DEBUG:__main__:[Stage4] frame 1345: none box=None
DEBUG:__main__:[Stage4] frame 1346: none box=None
DEBUG:__main__:[Stage4] frame 1347: none box=None
DEBUG:__main__:[Stage4] frame 1348: none box=None
DEBUG:__main__:[Stage4] frame 1349: none box=None
DEBUG:__main__:[Stage4] frame 1350: none box=None
DEBUG:__main__:[Stage4] frame 1351: none box=None
DEBUG:__main__:[Stage4] frame 1352: none box=None
DEBUG:__main__:[Stage4] frame 1353: none box=None
DEBUG:__main__:[Stage4] frame 1354: none box=None
DEBUG:__main__:[Stage4] frame 1355: none box=None
DEBUG:__main__:[Stage4] frame 1356: none box=None
DEBUG:__main__:[Stage4] frame 1357: none box=None
DEBUG:__main__:[Stage4] frame 1358: none box=None
DEBUG:__main__:[Stage4] frame 1359: none box=None
DEBUG:__main__:[Stage4] frame 1360: none box=None
DEBUG:__main__:[Stage4] frame 1361: none box=None
DEBUG:__main__:[Stage4] frame 1362: none box=None
DEBUG:__main__:[Stage4] frame 1363: none box=None
DEBUG:__main__:[Stage4] frame 1364: none box=None
DEBUG:__main__:[Stage4] frame 1365: none box=None
DEBUG:__main__:[Stage4] frame 1366: none box=None
DEBUG:__main__:[Stage4] frame 1367: none box=None
DEBUG:__main__:[Stage4] frame 1368: none box=None
DEBUG:__main__:[Stage4] frame 1369: none box=None
DEBUG:__main__:[Stage4] frame 1370: none box=None
DEBUG:__main__:[Stage4] frame 1371: none box=None
DEBUG:__main__:[Stage4] frame 1372: none box=None
DEBUG:__main__:[Stage4] frame 1373: none box=None
DEBUG:__main__:[Stage4] frame 1374: none box=None
DEBUG:__main__:[Stage4] frame 1375: none box=None
DEBUG:__main__:[Stage4] frame 1376: none box=None
DEBUG:__main__:[Stage4] frame 1377: none box=None
DEBUG:__main__:[Stage4] frame 1378: none box=None
DEBUG:__main__:[Stage4] frame 1379: none box=None
DEBUG:__main__:[Stage4] frame 1380: none box=None
DEBUG:__main__:[Stage4] frame 1381: none box=None
DEBUG:__main__:[Stage4] frame 1382: none box=None
DEBUG:__main__:[Stage4] frame 1383: none box=None
DEBUG:__main__:[Stage4] frame 1384: none box=None
DEBUG:__main__:[Stage4] frame 1385: none box=None
DEBUG:__main__:[Stage4] frame 1386: none box=None
DEBUG:__main__:[Stage4] frame 1387: none box=None
DEBUG:__main__:[Stage4] frame 1388: none box=None
DEBUG:__main__:[Stage4] frame 1389: none box=None
DEBUG:__main__:[Stage4] frame 1390: none box=None
DEBUG:__main__:[Stage4] frame 1391: none box=None
DEBUG:__main__:[Stage4] frame 1392: none box=None
DEBUG:__main__:[Stage4] frame 1393: none box=None
DEBUG:__main__:[Stage4] frame 1394: none box=None
DEBUG:__main__:[Stage4] frame 1395: none box=None
DEBUG:__main__:[Stage4] frame 1396: none box=None
DEBUG:__main__:[Stage4] frame 1397: none box=None
DEBUG:__main__:[Stage4] frame 1398: none box=None
DEBUG:__main__:[Stage4] frame 1399: none box=None
DEBUG:__main__:[Stage4] frame 1400: none box=None
DEBUG:__main__:[Stage4] frame 1401: none box=None
DEBUG:__main__:[Stage4] frame 1402: none box=None
DEBUG:__main__:[Stage4] frame 1403: none box=None
DEBUG:__main__:[Stage4] frame 1404: none box=None
DEBUG:__main__:[Stage4] frame 1405: none box=None
DEBUG:__main__:[Stage4] frame 1406: none box=None
DEBUG:__main__:[Stage4] frame 1407: none box=None
DEBUG:__main__:[Stage4] frame 1408: none box=None
DEBUG:__main__:[Stage4] frame 1409: none box=None
DEBUG:__main__:[Stage4] frame 1410: none box=None
DEBUG:__main__:[Stage4] frame 1411: none box=None
DEBUG:__main__:[Stage4] frame 1412: none box=None
DEBUG:__main__:[Stage4] frame 1413: none box=None
DEBUG:__main__:[Stage4] frame 1414: none box=None
DEBUG:__main__:[Stage4] frame 1415: none box=None
DEBUG:__main__:[Stage4] frame 1416: none box=None
DEBUG:__main__:[Stage4] frame 1417: none box=None
DEBUG:__main__:[Stage4] frame 1418: none box=None
DEBUG:__main__:[Stage4] frame 1419: none box=None
DEBUG:__main__:[Stage4] frame 1420: none box=None
DEBUG:__main__:[Stage4] frame 1421: none box=None
DEBUG:__main__:[Stage4] frame 1422: none box=None
DEBUG:__main__:[Stage4] frame 1423: none box=None
DEBUG:__main__:[Stage4] frame 1424: none box=None
DEBUG:__main__:[Stage4] frame 1425: none box=None
DEBUG:__main__:[Stage4] frame 1426: none box=None
DEBUG:__main__:[Stage4] frame 1427: none box=None
DEBUG:__main__:[Stage4] frame 1428: none box=None
DEBUG:__main__:[Stage4] frame 1429: none box=None
DEBUG:__main__:[Stage4] frame 1430: none box=None
DEBUG:__main__:[Stage4] frame 1431: none box=None
DEBUG:__main__:[Stage4] frame 1432: none box=None
DEBUG:__main__:[Stage4] frame 1433: none box=None
DEBUG:__main__:[Stage4] frame 1434: none box=None
DEBUG:__main__:[Stage4] frame 1435: none box=None
DEBUG:__main__:[Stage4] frame 1436: none box=None
DEBUG:__main__:[Stage4] frame 1437: none box=None
DEBUG:__main__:[Stage4] frame 1438: none box=None
DEBUG:__main__:[Stage4] frame 1439: none box=None
DEBUG:__main__:[Stage4] frame 1440: none box=None
DEBUG:__main__:[Stage4] frame 1441: none box=None
DEBUG:__main__:[Stage4] frame 1442: none box=None
DEBUG:__main__:[Stage4] frame 1443: none box=None
DEBUG:__main__:[Stage4] frame 1444: none box=None
DEBUG:__main__:[Stage4] frame 1445: none box=None
DEBUG:__main__:[Stage4] frame 1446: none box=None
DEBUG:__main__:[Stage4] frame 1447: none box=None
DEBUG:__main__:[Stage4] frame 1448: none box=None
DEBUG:__main__:[Stage4] frame 1449: none box=None
DEBUG:__main__:[Stage4] frame 1450: none box=None
DEBUG:__main__:[Stage4] frame 1451: none box=None
DEBUG:__main__:[Stage4] frame 1452: none box=None
